player,player_id,team_prev,position,age,gp_prev,pts_prev,pred_pts,pred_pts_low,pred_pts_high,reb_prev,pred_reb,pred_reb_low,pred_reb_high,ast_prev,pred_ast,pred_ast_low,pred_ast_high,stl_prev,pred_stl,pred_stl_low,pred_stl_high,blk_prev,pred_blk,pred_blk_low,pred_blk_high,fg3m_prev,pred_fg3m,pred_fg3m_low,pred_fg3m_high,tov_prev,pred_tov,pred_tov_low,pred_tov_high,min_prev,pred_min,pred_min_low,pred_min_high,pred_gp,pred_gp_low,pred_gp_high,fgm_prev,pred_fgm,pred_fgm_low,pred_fgm_high,fga_prev,pred_fga,pred_fga_low,pred_fga_high,ftm_prev,pred_ftm,pred_ftm_low,pred_ftm_high,fta_prev,pred_fta,pred_fta_low,pred_fta_high,pred_fg_pct,pred_ft_pct,z_PTS,z_REB,z_AST,z_STL,z_BLK,z_FG3M,z_TOV,z_FG_PCT,z_FT_PCT,value_total,value_points_league,n_prior_seasons,team_changed,role_change,flags
Nikola Jokić,jokicni01,DEN,C,31.95071868583162,65.0,27.676923076923078,26.77827665026141,23.292158436263062,30.317236342978617,12.861538461538462,12.404419758950482,11.15121986065329,13.637338522854018,10.723076923076922,10.15612503492546,9.258162563274901,11.1195662036432,1.4153846153846155,1.3908502751571028,1.1166313239610952,1.674892053229242,0.8153846153846154,0.8059252860570232,0.5926837826213546,1.0362600473627799,1.7230769230769232,1.6399114617126214,1.1118321897482049,2.2214117292992737,3.7384615384615385,3.6820017282765782,3.2274520614566358,4.1564096880615065,34.84307692307693,34.32674503998959,27.842064896475378,39.79869680076041,64.52115741843295,40.7061510219403,79.856856067616,9.907692307692308,9.90190930113566,8.62476549454587,11.200279137440715,17.415384615384614,17.530761711643486,14.944916689307322,20.20059282243552,6.138461538461539,6.1423200341123785,5.385014853799543,6.9394286511736105,7.384615384615385,7.4110624640159095,6.481539392934022,8.37020640958358,0.564830522712488,0.8288042455364727,2.1860819991782616,3.5218759790004417,3.45799437252841,1.5336454610700172,0.7017666507605655,-0.17567728841025826,-2.82485522569538,3.157689108944249,0.9988324741237643,12.557353531500071,59.80609286875598,2,0,,TOP_TIER_BLEND
Victor Wembanyama,wembavi01,SAS,C,23.077344284736483,64.0,25.0,25.007923201514153,21.521804987515804,28.54688289423136,11.5,11.466669593215787,10.213469694918595,12.699588357119323,3.109375,3.208927401141833,2.3109649294912753,4.172368569859575,1.03125,1.0449182706008813,0.7706993194048736,1.3289600486730204,3.078125,2.850750873393333,2.637509369957664,3.0810856346990896,1.90625,1.86072957804046,1.3326503060760433,2.442229845627112,2.421875,2.4932284306432426,2.0386787638233,2.967636390428171,29.1546875,29.79427698804244,23.30959684452823,35.26622874881326,62.336091309710575,38.52108491321792,77.67178995889363,8.640625,8.648281963230566,7.371138156640775,9.946651799535621,16.875,16.95034259946536,14.364497577129194,19.620173710257394,5.8125,5.744186977156915,4.986881796844081,6.5412955942181465,7.03125,6.968277647976719,6.038754576894831,7.927421593544391,0.5102128120704384,0.8243338264262151,1.801365166834401,3.069881361856721,-0.3156770100864644,0.2407823998644488,5.979613477463384,0.11084188789065365,-0.9291754349756113,1.2198349387262672,0.7975932540959448,11.975060041669746,52.775096816425254,2,0,,TOP_TIER_BLEND
Shai Gilgeous-Alexander,gilgesh01,OKC,PG,28.55852156057495,68.0,31.13235294117647,30.89072926008115,27.404611046082803,34.42968895279836,4.294117647058823,4.54795857680068,3.294758678503488,5.780877340704215,6.588235294117647,6.786945665661865,5.888983194011308,7.750386834379608,1.3970588235294117,1.3847160578271824,1.1104971066311746,1.6687578358993216,0.7647058823529411,0.7318607772630823,0.5186192738274137,0.962195538568839,1.6911764705882353,1.72974934887798,1.2016700769135635,2.3112496164646323,2.2205882352941178,2.3605343696935224,1.90598470287358,2.8349423294784506,33.21911764705882,34.11348299169952,27.62880284818531,39.58543475247034,65.98136839587332,42.16636199938067,81.31706704505636,10.75,11.01185735054143,9.734713543951639,12.310227186846484,19.426470588235293,20.009922833017747,17.42407781068158,22.679753943809782,7.9411764705882355,7.824718173481413,7.067412993168578,8.621826790542645,9.029411764705882,8.93479937653408,8.005276305452192,9.893943322101752,0.550319830937634,0.8757575681029693,3.0797621523327874,-0.26493024496663914,1.6278786281801405,1.5107198488375353,0.5106006485693415,-0.05910950919318799,-0.7175745770225346,3.049459166337756,2.9312333001681807,11.66803941324338,50.517894186312034,2,0,,TOP_TIER_BLEND
Tyrese Maxey,maxeyty01,PHI,PG,26.24229979466119,70.0,28.285714285714285,27.512448387008334,24.026330173009985,31.05140807972554,4.142857142857143,4.215324956472862,2.96212505817567,5.448243720376397,6.585714285714285,6.637645211353291,5.739682739702734,7.601086380071034,1.8571428571428572,1.769379823615385,1.4951608724193775,2.053421601687524,0.7857142857142857,0.7415876143466951,0.5283461109110265,0.9719223756524518,3.142857142857143,3.073411205096984,2.5453319331325672,3.654911472683636,2.442857142857143,2.4712842051794253,2.016734538359483,2.9456921649643535,38.01571428571428,37.69673906054886,31.212058917034646,42.0,66.7062885060454,42.89128210955275,82.0,9.914285714285715,9.706211551328263,8.429067744738472,11.004581387633317,21.442857142857143,20.983378269927183,18.397533247591017,23.65320938071922,5.314285714285714,5.302849443812652,4.545544263499817,6.099958060873883,5.957142857142857,5.984915591483285,5.055392520401397,6.944059537050957,0.46256667665563395,0.8860357949506867,2.3456254085226123,-0.42525930846662685,1.5467796179697721,2.948336395504793,0.535706338048939,1.6843384228562535,-0.8941820305833909,-0.4333270695419969,2.1087876713148423,9.416805445625197,47.58892426051252,2,0,,TOP_TIER_BLEND
Kawhi Leonard,leonaka01,LAC,SF,35.59479808350445,65.0,27.892307692307693,26.29719358833286,22.81107537433451,29.836153281050066,6.3538461538461535,6.131960540700071,4.878760642402879,7.3648793046036065,3.6,3.7750942256129587,2.8771317539624013,4.738535394330701,1.876923076923077,1.704882324140243,1.4306633729442355,1.9889241022123822,0.4153846153846154,0.4089201912015912,0.19567868776592254,0.6392549525073479,2.646153846153846,2.5366491012749215,2.0085698293105048,3.1181493688615736,2.046153846153846,2.0510609582029735,1.596511291383031,2.5254689179879017,32.066153846153846,31.371831723912784,24.887151580398573,36.843783484683605,61.576113862542925,37.76110746605028,76.91181251172597,9.76923076923077,9.381725929582938,8.104582122993147,10.680095765887993,19.353846153846153,18.63266239486712,16.046817372530953,21.302493505659154,5.707692307692308,5.346255176385839,4.588949996073003,6.143363793447071,6.4,6.032979211658828,5.103456140576941,6.992123157226501,0.5035096826617431,0.8861716556314524,2.0815374790936394,0.4985570754186119,-0.008138970157547625,2.707287768857748,-0.3229330072660517,0.9878709481119579,-0.22407216315128503,1.1073768546153688,2.1313821718349506,8.958868157357392,43.60853416341491,2,0,,TOP_TIER_BLEND
Luka Dončić,doncilu01,LAL,PG,27.926078028747433,64.0,33.484375,32.745167600154495,29.259049386156146,36.2841272928717,7.734375,7.556240540512141,6.303040642214949,8.789159304415676,8.28125,8.399228648730869,7.5012661770803115,9.36266981744861,1.640625,1.5736837552673766,1.299464804071369,1.8577255333395157,0.53125,0.5226155590263013,0.3093740555906327,0.752950320332058,3.96875,3.8277296963311995,3.299650424366783,4.409229963917852,3.984375,3.950543724494149,3.4959940576742063,4.424951684279077,35.7546875,35.96342576537904,29.47874562186483,41.435377526149864,62.54119311898913,38.72618672249648,77.87689176817217,10.828125,10.624169700033939,9.347025893444147,11.922539536338993,22.765625,22.346380719092807,19.76053569675664,25.016211829884842,7.859375,7.63092257101424,6.873617390701405,8.428031188075472,10.078125,9.785293138378265,8.855770067296376,10.744437083945936,0.475431338684596,0.7798358682874296,3.482751535314398,1.1850585730921912,2.503659982707522,2.2169550411982684,-0.029476812272848128,2.663092867333538,-3.253086273787285,0.1150858670020748,-0.48749371164177413,8.396547068946084,56.74985344025226,2,0,,TOP_TIER_BLEND
Donovan Mitchell,mitchdo01,CLE,SG,30.401095140314855,70.0,27.885714285714286,26.3549442103727,22.86882599637435,29.893903903089907,4.514285714285714,4.415379386182673,3.1621794878854814,5.648298150086209,5.685714285714286,5.597246047937841,4.699283576287284,6.560687216655584,1.4857142857142858,1.4144100408016418,1.1401910896056342,1.698451818873781,0.2857142857142857,0.288176374741957,0.07493487130628837,0.5185111360477137,3.2,3.0916067244776215,2.563527452513205,3.6731069920642736,2.8285714285714287,2.7211245903213612,2.2665749235014188,3.1955325501062894,33.462857142857146,33.1098455829442,26.625165439429992,38.581797343715024,66.0623566081963,42.24735021170365,81.39805525737934,9.685714285714285,9.36918861337527,8.092044806785479,10.667558449680325,20.042857142857144,19.40604876665351,16.820203744317343,22.075879877445544,5.314285714285714,5.143400076973325,4.38609489666049,5.940508694034557,6.142857142857143,5.975233461032113,5.045710389950226,6.934377406599785,0.48279733427625243,0.8607864630756864,2.0940873099722004,-0.32883327873220614,0.9816417369938614,1.6216961482897772,-0.6345817720761612,1.707947741294454,-1.2925905160045479,0.36482030075339544,1.5059465228832374,6.020134193374011,42.4359032020081,2,0,,TOP_TIER_BLEND
Jamal Murray,murraja01,DEN,PG,29.93839835728953,75.0,25.4,24.500847483877813,21.014729269879464,28.03980717659502,4.4,4.236077975016827,2.9828780767196355,5.468996738920363,7.133333333333334,7.02372707104589,6.125764599395333,7.9871682397636325,0.88,0.9217694730631927,0.647550521867185,1.2058112511353318,0.38666666666666666,0.3561015905375875,0.14286008710191886,0.5864363518433442,3.2666666666666666,3.1832468486894046,2.655167576724988,3.7647471162760566,2.28,2.3056935400940066,1.8511438732740642,2.780101499878935,35.36,34.736458631650066,28.251778488135855,40.20841039242089,71.46683352563699,47.65182712914434,82.0,8.76,8.62975632967336,7.352612523083568,9.928126165978414,18.133333333333333,17.881113671454216,15.295268649118052,20.55094478224625,4.613333333333333,4.5328817841513445,3.7755766038385095,5.3299904012125765,5.2,5.1443831860832745,4.214860115001387,6.103527131650947,0.4826185039833443,0.8811322213348765,1.6911721632928844,-0.4152563748345041,1.756496707085488,-0.21946565256021486,-0.45926174142891624,1.8268539856819899,-0.630122535001505,0.31937783298114264,1.6704166462218404,5.540211031438204,41.647651311175174,2,0,,TOP_TIER_BLEND
Lauri Markkanen,markkla01,UTA,PF,29.697467488021903,42.0,26.738095238095237,24.957670630884515,21.471552416886166,28.49663032360172,6.880952380952381,6.553021387446515,5.299821489149323,7.785940151350051,2.119047619047619,2.261632454684462,1.3636699830339045,3.2250736234022046,1.0,0.9519398839999813,0.6777209328039736,1.2359816620721205,0.5,0.48625716939726815,0.27301566596159954,0.7165919307030248,2.738095238095238,2.633257093303687,2.1051778213392702,3.214757360890339,1.5,1.5217590532529803,1.0672093864330379,1.9961670130379083,34.35476190476191,33.37686817772037,26.892188034206157,38.84881993849119,50.29756166917153,26.482555272678876,65.63326031835457,9.142857142857142,8.636073536033527,7.3589297294437355,9.934443372338581,19.166666666666668,18.1197770250699,15.533932002733737,20.789608135861936,5.714285714285714,5.304646307077688,4.547341126764852,6.10175492413892,6.380952380952381,5.980311576791612,5.050788505709725,6.939455522359284,0.4766103646907438,0.8870183834006166,1.7904447431170631,0.7015079712686414,-0.8302413018748573,-0.10670878321068597,-0.12332051831605538,1.1132231735565026,0.619980211175062,0.11035123682567137,2.130263048916251,5.405499781457593,39.006577084785796,2,0,,TOP_TIER_BLEND
Anthony Edwards,edwaran01,MIN,SG,25.492128678986994,61.0,28.80327868852459,27.863227312620864,24.377109098622515,31.40218700533807,4.950819672131147,4.9837218829466385,3.730521984649447,6.216640646850174,3.7049180327868854,3.817498996747502,2.9195365250969445,4.780940165465244,1.360655737704918,1.3104763306399285,1.0362573794439207,1.5945181087120677,0.8032786885245902,0.7750485118672981,0.5618070084316295,1.0053832731730548,3.360655737704918,3.2448576953508077,2.716778423386391,3.8263579629374598,2.8524590163934427,2.767615193594583,2.3130655267746407,3.2420231533795114,35.029508196721316,34.95073644794056,28.466056304426345,40.42268820871138,61.35280607689489,37.537799680402244,76.68850472607794,9.868852459016393,9.720127745937464,8.442983939347673,11.018497582242519,20.18032786885246,19.906154244821845,17.32030922248568,22.57598535561388,5.704918032786885,5.60090227408951,4.843597093776674,6.398010891150742,7.163934426229508,7.040788258137267,6.11126518705538,7.999932203704939,0.4882976202430434,0.7954936391697855,2.4218534392642304,-0.054892778780310875,0.01489501847386648,1.233261274059207,0.6220714015983405,1.9067961993471898,-1.3667268523933893,0.59394877634178,0.0028859967237101483,5.374092474634624,43.05890140120519,2,0,,TOP_TIER_BLEND
Trey Murphy III,murphtr02,NOP,SF,26.622861054072555,66.0,21.515151515151516,21.036740961430553,17.550622747432204,24.57570065414776,5.712121212121212,5.567054695935109,4.313854797637918,6.799973459838645,3.787878787878788,3.8318542160678626,2.9338917444173047,4.795295384785605,1.5,1.4111976260715409,1.1369786748755333,1.69523940414368,0.36363636363636365,0.36594925767846365,0.152707754242795,0.5962840189842203,3.242424242424242,3.1247096685777724,2.5966303966133557,3.7062099361644245,1.8181818181818181,1.8426940250068502,1.3881443581869077,2.3171019847917784,35.46212121212121,34.418684066732226,27.934003923218015,39.89063582750305,65.86013538834209,42.04512899184944,81.19583403752513,7.484848484848484,7.380248263587777,6.103104456997986,8.678618099892832,15.909090909090908,15.688621304249633,13.102776281913469,18.35845241504167,3.303030303030303,3.277794456562724,2.520489276249889,4.074903073623956,3.727272727272727,3.7368566040004767,2.807333532918589,4.696000549568149,0.47042044807268457,0.8771528597200371,0.9383845834112146,0.22627303820200068,0.02269267778860541,1.609690285035962,-0.43384418059058416,1.7508999611323814,0.1082005965923307,-0.11415448962319066,1.0724006965551198,5.180543168503839,36.95373454689764,2,0,,TOP_TIER_BLEND
Stephen Curry,curryst01,GSW,PG,38.88569472963724,43.0,26.558139534883722,24.2516911151198,20.765572901121452,27.790650807837007,3.5813953488372094,3.308842396961112,2.0556424986639197,4.541761160864647,4.72093023255814,4.679596298276829,3.7816338266262717,5.6430374669945715,1.1395348837209303,1.0611091785234736,0.7868902273274659,1.3451509565956128,0.3953488372093023,0.3595721154333147,0.14633061199764605,0.5899068767390714,4.4186046511627906,4.163301994103943,3.635222722139526,4.744802261690595,2.813953488372093,2.6013285981882777,2.146778931368335,3.075736557973206,30.897674418604648,29.831265278056797,23.346585134542586,35.30321703882762,48.53233526065666,24.717328864164006,63.86803390983971,8.69767441860465,8.26509835739099,6.987954550801199,9.563468193696044,18.58139534883721,17.65508753271221,15.069242510376045,20.324918643504244,4.744186046511628,4.3797417881384115,3.6224366078255765,5.176850405199643,5.1395348837209305,4.808941712111061,3.879418641029173,5.768085657678733,0.46814258734639586,0.9107496098587071,1.63702780640488,-0.8621829715117493,0.4831805182256435,0.3012932126970274,-0.4503040587192787,3.098509580174727,-1.1015575900900596,-0.19122855684595733,2.107396146455396,5.0221340867906274,36.90241172257046,2,0,,TOP_TIER_BLEND
Scottie Barnes,barnesc01,TOR,PF,25.503080082135522,80.0,18.1,17.89169630875671,14.405578094758361,21.430656001473917,7.5,7.40220204041805,6.1490021421208585,8.635120804321586,5.925,5.644339839711807,4.74637736806125,6.60778100842955,1.425,1.38875354217094,1.1145345909749325,1.6727953202430792,1.45,1.3525827888656206,1.1393412854299518,1.5829175501713773,0.85,0.9084071782962266,0.38032790633181,1.4899074458828787,2.625,2.4987481071726414,2.044198440352699,2.9731560669575696,33.5075,32.64962905204109,26.16494890852688,38.121580812811914,73.11854830070857,49.30354190421592,82.0,7.1125,7.016388129654099,5.739244323064308,8.314757965959155,14.0375,13.88939152963432,11.303546507298156,16.559222640426356,3.025,3.1257290281805545,2.3684238478677195,3.922837645241786,3.7125,3.8485342510073077,2.9190111799254197,4.8076781965749795,0.5051616634669688,0.8121868805928991,0.25493257713932194,1.1108121741903334,1.0072227703377263,1.5258092719018637,2.1127302969314905,-1.124829505766761,-0.9379773985366391,0.8369241052905901,0.12082538688649136,4.906449678374417,40.966109402763124,2,0,,TOP_TIER_BLEND
Cade Cunningham,cunnica01,DET,PG,25.352498288843258,64.0,23.921875,23.77251665263834,20.286398438639992,27.311476345355548,5.546875,5.557802846684845,4.304602948387653,6.79072161058838,9.90625,9.579376835905151,8.681414364254593,10.542818004622893,1.4375,1.444311037652151,1.1700920864561435,1.7283528157242902,0.84375,0.7922700073026598,0.5790285038669912,1.0226047686084165,1.953125,1.9782889227782667,1.45020965081385,2.559789190364919,3.6875,3.5520390045978516,3.097489337777909,4.02644696438278,33.93125,33.88443543129573,27.399755287781517,39.35638719206655,63.749940715214436,39.93493431872179,79.08563936439748,8.5625,8.5058096062895,7.228665799699709,9.804179442594554,18.578125,18.442359490185577,15.856514467849413,21.112190600977613,4.84375,4.923722485745584,4.1664173054327485,5.720831102806816,5.96875,6.08140214415887,5.151879073076983,7.040546089726543,0.461210487238144,0.8096360623799189,1.5328980454939234,0.2218136563617762,3.1447086005743095,1.7334461275113866,0.6665213613394069,0.26337922124397184,-2.617609900354426,-0.44637849407372654,0.30311700263079455,4.801895620727417,47.96864945278446,2,0,,TOP_TIER_BLEND
Kevin Durant,duranke01,HOU,SF,38.340862422997944,78.0,25.974358974358974,24.538926156473998,21.05280794247565,28.077885849191205,5.461538461538462,5.206933268535575,3.9537333702383837,6.439852032439111,4.769230769230769,4.5949194419901485,3.696956970339591,5.558360610707891,0.7948717948717948,0.7841190573630328,0.5099001061670251,1.068160835435172,0.9102564102564102,0.8268494142211762,0.6136079107855076,1.057184175526933,2.3846153846153846,2.283958582086246,1.7558793101218293,2.865458849672898,3.1538461538461537,2.881146729364624,2.4265970625446815,3.3555546891495522,36.40897435897436,34.49128613986102,28.006605996346806,39.96323790063184,69.95305778990354,46.13805139341089,82.0,9.179487179487179,8.809543914747195,7.532400108157404,10.10791375105225,17.641025641025642,16.98446841547638,14.398623393140214,19.654299526268414,5.230769230769231,4.982333642881155,4.22502846256832,5.779442259942387,5.987179487179487,5.731329207371797,4.801806136289909,6.690473152939469,0.5186823454963048,0.8693155571089404,1.6994470681213127,0.05269487991377941,0.4371846151027885,-0.733911079622182,0.7557733807802907,0.659996221975362,-1.5477701500491439,1.5067362762652945,1.6263110695015037,4.456462281989006,39.63138392708992,2,0,,TOP_TIER_BLEND
Kevin Porter Jr.,porteke02,MIL,PG,26.746064339493497,38.0,17.394736842105264,16.559718933627757,13.073600719629408,20.098678626344963,5.2105263157894735,4.921370124236194,3.6681702259390025,6.15428888813973,7.368421052631579,7.222973338812327,6.32501086716177,8.186414507530069,2.1842105263157894,2.010937191942129,1.7367182407461215,2.2949789700142684,0.5,0.46035538414524585,0.2471138807095772,0.6906901454510025,1.2105263157894737,1.2432202907628995,0.7151410187984829,1.8247205583495516,2.8947368421052633,2.7024230526588386,2.247873385838896,3.176831012443767,33.18157894736842,31.901643427803098,25.416963284288887,37.37359518857392,46.9989235051882,23.18391710869555,62.33462215437125,6.2894736842105265,6.059480384361306,4.782336577771515,7.357850220666361,13.526315789473685,13.022487974760732,10.436642952424569,15.69231908555277,3.6052631578947367,3.470438115505253,2.713132935192418,4.267546732566485,4.105263157894737,4.004953839363764,3.0754307682818762,4.964097784931436,0.465308963702279,0.866536358395725,-0.03452042269859809,-0.0849462624653655,1.8647259497813697,3.8511166949810143,-0.1901749512539781,-0.6903978622313538,-1.2627680704021707,-0.24886921796380126,1.0020317927855311,4.206197650532648,38.01127776653296,2,0,,TOP_TIER_BLEND
Jalen Johnson,johnsja05,ATL,SF,25.12251882272416,72.0,22.51388888888889,22.02660175139016,18.54048353739181,25.565561444107367,10.277777777777779,9.794252654085803,8.541052755788611,11.027171417989338,7.861111111111111,7.588916938149103,6.690954466498545,8.552358106866844,1.2361111111111112,1.2305185063816586,0.9562995551856509,1.5145602844537978,0.4305555555555556,0.4252627683377898,0.21202126490212117,0.6555975296435465,1.6666666666666667,1.6928831565620515,1.1648038845976347,2.2743834241487035,3.388888888888889,3.254824033699701,2.8002743668797585,3.729231993484629,35.16527777777778,34.17636799976988,27.69168785625567,39.6483197605407,69.64236954541178,45.82736314891913,82.0,8.333333333333334,8.209517435837128,6.932373629247337,9.507887272142183,17.055555555555557,16.82698922744551,14.241144205109345,19.496820338237544,4.180555555555555,4.176561412691573,3.419256232378738,4.973670029752805,5.305555555555555,5.303747248972647,4.37422417789076,6.26289119454032,0.4878779753687052,0.7874736891922189,1.153491972189498,2.2637781141814823,2.063504070293276,0.9344322669816527,-0.2807516009825015,-0.10694467431174488,-2.143655434054855,0.46753881852328244,-0.24058332529309626,4.1108102075269946,46.875600133975425,2,0,,TOP_TIER_BLEND
Chet Holmgren,holmgch01,OKC,PF,24.75564681724846,69.0,17.115942028985508,16.672436058987405,13.186317844989055,20.21139575170461,8.91304347826087,8.629491537995726,7.376291639698534,9.862410301899262,1.6666666666666667,1.7131930841827492,0.8152306125321915,2.6766342529004916,0.6231884057971014,0.6539865581162151,0.3797676069202074,0.9380283361883542,1.8985507246376812,1.7432760536170933,1.5300345501814245,1.97361081492285,1.2753623188405796,1.2806264907901306,0.752547218825714,1.8621267583767827,1.5507246376811594,1.5246387455670165,1.070089078747074,1.9990467053519445,28.94927536231884,28.32407211820796,21.839391974693747,33.79602387897878,66.85363229561341,43.03862589912076,82.0,6.2898550724637685,6.281613561804036,5.004469755214245,7.579983398109091,11.289855072463768,11.378024239878858,8.792179217542694,14.047855350670895,3.260869565217391,3.2267954682807254,2.4694902879678904,4.023904085341957,4.115942028985507,4.077768145232639,3.1482450741507515,5.036912090800311,0.5520829828950089,0.7913141094236085,-0.010025779863318467,1.7023644520270649,-1.1281499071370997,-1.220259550196343,3.12113865232028,-0.6418620183496069,0.6153881038875939,1.716202336699849,-0.1920349713969848,3.9627613179914354,35.2647646204893,2,0,,TOP_TIER_BLEND
Joel Embiid,embiijo01,PHI,C,32.88158795345654,38.0,26.86842105263158,25.5804990863884,22.09438087239005,29.119458779105607,7.7105263157894735,7.446026800829495,6.192826902532303,8.67894556473303,3.9473684210526314,3.927853482747944,3.0298910110973862,4.891294651465686,0.5526315789473685,0.57862927579667,0.3044103246006623,0.8626710538688092,1.2105263157894737,1.1337441265504955,0.9205026231148269,1.3640788878562522,1.394736842105263,1.3239411835003727,0.7958619115359561,1.9054414510870248,2.8684210526315788,2.7301268744524743,2.275577207632532,3.2045348342374025,31.592105263157894,30.48791696562286,24.003236822108647,35.95986872639368,46.204840490131346,22.389834093638694,61.5405391393144,8.973684210526315,8.297540213988253,7.0203964073984615,9.595910050293307,18.342105263157894,17.000361012183983,14.41451598984782,19.67019212297602,7.526315789473684,7.000034142258735,6.2427289619459,7.797142759319966,8.81578947368421,8.24259333484543,7.313070263763543,9.201737280413102,0.4880802359456656,0.8492514258426657,1.9257920607188839,1.1319356637159972,0.07483883866086143,-1.5018948005362558,1.547891443871006,-0.5856596999735169,-1.3069460269599529,0.48051992313358466,1.813590957611595,3.580068360242202,42.81450480409474,2,0,,TOP_TIER_BLEND
Anthony Davis,davisan02,DAL,PF,33.894592744695416,20.0,20.35,19.51964715231943,16.03352893832108,23.058606845036635,11.05,10.42928569351502,9.176085795217828,11.662204457418555,2.8,2.6166456319519806,1.718683160301423,3.580086800669723,1.1,1.0319508059827691,0.7577318547867614,1.3159925840549083,1.65,1.5179957512378621,1.3047542478021934,1.7483305125436188,0.5,0.48359544268192733,0.0,1.0650957102685794,2.05,1.9422278171508192,1.4876781503308767,2.416635776935747,31.285000000000004,29.79863555592224,23.313955412408028,35.27058731669306,35.42483537987357,11.609828983380918,50.76053402905662,8.45,7.827208572599477,6.550064766009686,9.125578408904532,16.7,15.590533588705686,13.004688566369522,18.26036469949772,2.95,2.916907133401926,2.159601953089091,3.7140157504631577,4.05,3.9528560953619007,3.0233330242800127,4.9120000409295725,0.5020487931387912,0.7379239372828398,0.608703792819529,2.5698633872302405,-0.6374005136711715,0.1923186677395344,2.5396734474664426,-1.676037489039576,-0.05052117032207191,0.859854529443299,-1.0331547503276084,3.3732999013386182,41.6673702869765,2,0,,TOP_TIER_BLEND
Jimmy Butler,butleji01,GSW,SF,37.38261464750171,38.0,20.0,18.746519417569186,15.260401203570837,22.285479110286392,5.552631578947368,5.173501167804182,3.9203012695069903,6.406419931707718,4.868421052631579,4.774057134745777,3.8760946630952198,5.73749830346352,1.4473684210526316,1.328481533864065,1.0542625826680574,1.6125233119362041,0.21052631578947367,0.19490781975846422,0.0,0.42524258106422086,0.8421052631578947,0.8299191717772685,0.30183989981285186,1.4114194393639208,1.5789473684210527,1.5901877371059863,1.1356380702860438,2.0645956968909145,31.099999999999998,29.70171286122026,23.217032717706047,35.17366462199108,47.23447149977055,23.419465103277897,62.5701701489536,6.315789473684211,6.043378852097437,4.766235045507646,7.341748688402491,12.157894736842104,11.730891209774766,9.145046187438602,14.400722320566803,6.526315789473684,5.951180290376174,5.193875110063338,6.748288907437406,7.552631578947368,6.932863328484078,6.003340257402191,7.892007274051751,0.5151679223707906,0.8584015014294885,0.4406948264062007,0.03658064168428531,0.5344910140761255,1.300552712409492,-0.8753148448621014,-1.2266704205942613,0.5108602693459968,0.918068304786568,1.729660231591019,3.3689227348433244,35.09578684481448,2,0,,TOP_TIER_BLEND
James Harden,hardeja01,CLE,PG,37.43463381245722,70.0,23.6,21.916865723653572,18.430747509655223,25.45582541637078,4.8,4.396908007534462,3.0760353147292214,5.696404384688789,7.957142857142857,7.657976351301175,6.760013879650618,8.621417520018918,1.1285714285714286,1.0937040539539256,0.8194851027579179,1.3777458320260647,0.4,0.3423778213171108,0.12913631788144217,0.5727125826228675,3.0714285714285716,2.9345402914000394,2.4064610194356226,3.5160405589866914,3.5,3.249191794198096,2.7946421273781534,3.723599753983024,34.83,33.478208948744395,26.487723754036075,39.37697294685534,65.49813792624659,39.39689091569065,82.3060636457512,6.957142857142857,6.577038305576318,5.299894498986527,7.875408141881373,16.042857142857144,15.118825441272062,12.532980418935898,17.788656552064097,6.614285714285714,6.165009591213156,5.407704410900321,6.962118208274388,7.485714285714286,7.010752393143992,6.0812293220621045,7.969896338711664,0.4350230995869572,0.8793649020099595,1.1296451539088368,-0.337736464277019,2.1010166825507484,0.42311111295950354,-0.49468380983380555,1.504148588497145,-2.134673971718056,-1.1720661060579238,2.335914194949479,3.354675380978908,39.7391736912617,2,1,same,TOP_TIER_BLEND;ROSTER_CHANGE
Karl-Anthony Towns,townska01,NYK,C,31.21423682409309,75.0,20.053333333333335,19.42425887816875,15.938140664170401,22.963218570885957,11.853333333333333,11.264431308689968,10.011231410392776,12.497350072593504,3.013333333333333,3.055174946103569,2.1572124744530115,4.018616114821311,0.8666666666666667,0.840676187704451,0.5664572365084433,1.1247179657765902,0.5333333333333333,0.5551166721326998,0.34187516869703116,0.7854514334384565,1.5066666666666666,1.4573735721152903,0.9292943001508737,2.0388738397019424,2.493333333333333,2.415908696533167,1.9613590297132246,2.8903166563180953,30.962666666666664,30.080447021665265,23.595766878151053,35.552398782436086,69.68691639606988,45.87190999957723,82.0,6.8933333333333335,6.689289766965379,5.412145960375588,7.9876596032704335,13.76,13.389194699081632,10.803349676745468,16.059025809873667,4.76,4.552104815390085,3.79479963507725,5.349213432451316,5.546666666666667,5.329530213185652,4.400007142103765,6.288674158753325,0.4996035920983507,0.8541287192870848,0.5879748956041368,2.972402716343037,-0.3991943173764083,-0.5225382557633114,0.05441097636557831,-0.41252654082162177,-0.805877361517786,0.6549779925153963,1.1699791301027207,3.2996092354517415,39.29580875073035,2,0,,TOP_TIER_BLEND
Austin Reaves,reaveau01,LAL,SG,28.67898699520876,51.0,23.274509803921568,21.58935326939809,18.10323505539974,25.128312962115295,4.705882352941177,4.383638431671331,3.1304385333741394,5.616557195574867,5.490196078431373,5.264563139641119,4.366600667990562,6.228004308358861,1.0980392156862746,1.0681746414528726,0.7939556902568649,1.3522164195250117,0.39215686274509803,0.35946706149895535,0.14622555806328671,0.589801822804712,2.3137254901960786,2.242551190622989,1.7144719186585724,2.824051458209641,2.9607843137254903,2.7227990470061165,2.268249380186174,3.1972070067910447,34.537254901960786,33.17114854930684,26.68646840579263,38.64310031007766,56.33010409662934,32.51509770013669,71.66580274581239,7.313725490196078,7.034056110167829,5.756912303578038,8.332425946472885,14.941176470588236,14.403235951174631,11.817390928838467,17.07306706196667,6.333333333333333,5.941382621333723,5.184077441020888,6.738491238394955,7.2745098039215685,6.864388824997759,5.934865753915871,7.823532770565431,0.4883663736407914,0.8655370161575401,1.0584731774634024,-0.3441323862198493,0.8009306018421345,0.32769919974484496,-0.4505752107322058,0.6062686932194885,-1.2952606918101834,0.3949222336386324,1.9040691489746504,3.0023947661209145,36.30669015871473,2,0,,TOP_TIER_BLEND
Michael Porter Jr.,portemi01,BRK,SF,28.594113620807665,52.0,24.21153846153846,22.58889182533333,19.10277361133498,26.127851518050537,7.0576923076923075,6.714457729407399,5.461257831110207,7.9473764933109345,3.0384615384615383,3.09953021372004,2.201567742069482,4.062971382437782,1.0576923076923077,1.0101434984641604,0.7359245472681527,1.2941852765362996,0.25,0.2585824429750165,0.04534093953934784,0.4889172042807731,3.3846153846153846,3.2507607031073515,2.722681431142935,3.8322609706940036,2.3461538461538463,2.211346857490941,1.7567971906709987,2.6857548172758694,32.46923076923077,31.43685761343529,24.95217746992108,36.908809374206115,56.3293636056439,32.51435720915124,71.66506225482695,8.538461538461538,8.131892914428468,6.854749107838677,9.430262750733522,18.423076923076923,17.536146667629726,14.950301645293562,20.20597777842176,3.75,3.5352181342624105,2.7779129539495755,4.332326751323642,4.365384615384615,4.148167811244548,3.2186447401626603,5.10731175681222,0.4637217667344941,0.8522360461598013,1.2756836488057617,0.7793201223553056,-0.37510083207543804,0.11081749992672066,-0.7109659095953276,1.9144555569589168,-0.4796724030140616,-0.34398625341757233,0.8130777381868284,2.9836291681311335,36.890367388028864,2,0,,TOP_TIER_BLEND
Cooper Flagg,flaggco01,DAL,SF,20.11498973305955,70.0,21.042857142857144,22.59156140884079,19.10544319484244,26.130521101557996,6.6571428571428575,6.560271460019413,5.307071561722221,7.793190223922949,4.514285714285714,4.621865851272772,3.7239033796222145,5.585307019990514,1.2,1.1934140575484642,0.9191951063524565,1.4774558356206033,0.9142857142857143,0.8500023674569918,0.6367608640213231,1.0803371287627483,1.0285714285714285,1.2373951305766568,0.7093158586122402,1.818895398163309,2.3,2.5014880870367886,2.046938420216846,2.975896046821717,33.48285714285714,32.793663384235145,26.308983240720934,38.26561514500597,62.92620320301461,39.11119680652196,78.26190185219765,7.985714285714286,8.052407360792659,6.775263554202867,9.350777197097713,17.057142857142857,17.196753151334757,14.610908128998593,19.866584262126793,4.042857142857143,4.26822184424073,3.5109166639278953,5.065330461301961,4.885714285714286,5.196431522467746,4.266908451385858,6.155575468035418,0.4682516106342816,0.8213755585513391,1.2762637779948756,0.7050024988054974,0.4518217247597197,0.7957605896837727,0.8155328739718977,-0.6979562099164921,-0.9423467130777577,-0.1860152947492265,0.4576008872534042,2.675664134725691,41.02544712575282,1,0,,
LaMelo Ball,ballla01,MIN,PG,25.44558521560575,72.0,20.069444444444443,21.574140701583424,18.088022487585075,25.11310039430063,4.819444444444445,5.001892417610653,3.6359045284667144,6.345773870265507,7.138888888888889,7.185637948737751,6.287675477087194,8.149079117455493,1.2083333333333333,1.231870149500821,0.9576511983048134,1.5159119275729602,0.2361111111111111,0.2934553851095224,0.08021388167385377,0.5237901464152791,3.7777777777777777,3.6419136328119683,3.1138343608475516,4.22341390039862,2.8055555555555554,2.8904412050784933,2.435891538258551,3.3648491648634216,28.015277777777776,29.73569370303852,22.408005140867463,35.91899919270955,65.5245465076695,37.89913908773803,83.31395694072182,7.027777777777778,7.126146823950255,5.849003017360464,8.42451666025531,17.27777777777778,17.321824455856838,14.735979433520674,19.991655566648873,2.236111111111111,2.6150973153783097,1.8577921350654747,3.4122059324395413,2.486111111111111,2.994597580486598,2.0650745094047105,3.9537415260542703,0.4113970120243754,0.8732716984808948,1.0551673229711171,-0.04613459972701951,1.8444456151039674,0.9394838072776701,-0.6209562539443775,2.421990070387452,-1.562591604914588,-2.1319284494016846,0.7537541247445141,2.6532300324970515,40.04040392457537,2,1,unknown,ROSTER_CHANGE
Keyonte George,georgke01,UTA,PG,23.23340177960301,54.0,23.61111111111111,22.237732819003835,18.751614605005486,25.77669251172104,3.685185185185185,3.594907986804906,2.3417080885077137,4.827826750708441,6.148148148148148,6.351072055636798,5.45310958398624,7.31451322435454,1.0740740740740742,1.09527269406247,0.8210537428664623,1.3793144721346091,0.25925925925925924,0.2613805574697876,0.04813905403411897,0.4917153187755443,2.4814814814814814,2.476827046171384,1.9487477742069674,3.0583273137580362,3.074074074074074,2.8159548000809087,2.3614051332609662,3.290362759865837,33.07222222222222,32.465133106302794,25.980452962788583,37.937084867073615,62.567399634397404,38.752393237904755,77.90309828358045,7.444444444444445,7.330453718957014,6.053309912367223,8.62882355526207,16.314814814814813,16.01892051464311,13.433075492306946,18.688751625435145,6.2407407407407405,5.676309157140988,4.919003976828153,6.47341777420222,7.0,6.461687765689245,5.532164694607357,7.420831711256917,0.45761221626988835,0.8784561190470206,1.1993730224392025,-0.7242996508960325,1.3911149926402646,0.4289736432427719,-0.7037437681088174,0.910249753628775,-1.4438117055692703,-0.5190784911326578,2.1062015606795264,2.6449793569237627,37.33223544114078,2,0,,
Jalen Duren,durenja01,DET,C,23.20602327173169,70.0,19.5,18.474608194265805,14.988489980267456,22.01356788698301,10.528571428571428,9.95660655864699,8.703406660349799,11.189525322550526,1.9714285714285715,2.566438574132718,1.6684761024821604,3.5298797428504605,0.8142857142857143,0.8127328415712594,0.5385138903752517,1.0967746196433985,0.8428571428571429,0.8569953519863098,0.6437538485506412,1.0873301132920665,0.0,0.13149332215773132,0.0,0.7129935897443835,1.8571428571428572,1.964804331829579,1.5102546650096365,2.439212291614507,28.224285714285713,27.872239701495516,21.387559557981305,33.34419146226634,65.9048224626356,42.089816066142944,81.24052111181864,7.457142857142857,7.472188183468514,6.195044376878723,8.770558019773569,11.471428571428572,11.860041098264668,9.274196075928504,14.529872209056705,4.585714285714285,4.333520716526026,3.576215536213191,5.130629333587258,6.142857142857143,5.778361178702186,4.848838107620298,6.737505124269858,0.6300305472433672,0.7499567061502601,0.3816055950540974,2.3420325294994786,-0.6646726523500094,-0.6269718425556935,0.8335822868097531,-2.1329022210827526,-0.0865228560148924,3.620823796847466,-1.0959365750790038,2.5710380611284434,37.3165741746844,2,0,,
Amen Thompson,thompam01,HOU,PG,24.005475701574266,79.0,18.265822784810126,17.595283249830782,14.109165035832433,21.13424294254799,7.772151898734177,6.735800029509668,5.482600131212476,7.9687187934132035,5.3164556962025316,5.528462680604542,4.630500208953984,6.491903849322284,1.5063291139240507,1.3612639721994202,1.0870450210034126,1.6453057502715593,0.6075949367088608,0.5179019908806763,0.30466048744500773,0.748236752186433,0.31645569620253167,0.5367334242199739,0.008654152255557324,1.1182336918066262,2.4050632911392404,2.24871698574126,1.7941673189213176,2.7231249455261883,37.381012658227846,33.77158267201005,27.286902528495837,39.24353443278087,69.81662424058268,46.001617844090035,82.0,7.050632911392405,6.663922113818399,5.3867783072286075,7.962291950123453,13.215189873417721,12.62345574653593,10.037610724199766,15.293286857327967,3.848101265822785,3.7008503729644975,2.9435451926516625,4.4979589900257295,4.936708860759493,4.74773418949233,3.818211118410442,5.706878135060002,0.527899986154511,0.7794982248911929,0.19051883355832624,0.7896070890935452,0.9442790709825603,1.4230715976869652,-0.04164288200216955,-1.6070891121864275,-0.5392647550981559,1.3155554020714135,-0.3970839838943678,2.0779512602116896,37.35971820964822,2,0,,
Nickeil Alexander-Walker,alexani01,ATL,SG,28.416153319644078,78.0,20.82051282051282,17.998156234821185,14.512038020822835,21.53711592753839,3.4358974358974357,3.0226459115966553,1.7694460132994634,4.255564675500191,3.6666666666666665,3.7719115510720447,2.873949079421487,4.735352719789787,1.3076923076923077,1.1661791478706927,0.891960196674685,1.4502209259428318,0.5384615384615384,0.4391629466474578,0.22592144321178917,0.6694977079532145,3.217948717948718,3.020892554587153,2.4928132826227363,3.602392822173805,2.076923076923077,1.8981949049514717,1.4436452381315292,2.3726028647364,33.369230769230775,30.991877721759803,24.50719757824559,36.46382948253063,64.7914195370189,40.97641314052625,80.12711818620194,7.0256410256410255,6.3312280457067684,5.054084239116977,7.629597882011823,15.320512820512821,13.781640579268409,11.195795556932245,16.451471690060444,3.551282051282051,3.0600737369836994,2.3027685566708644,3.857182354044931,3.9358974358974357,3.4573359847082257,2.527812913626338,4.416479930275898,0.45939581788475714,0.8850958514065123,0.27806746331477356,-1.0001293836340415,-0.009867777724043045,0.6939746657625927,-0.2448742076064479,1.6161936495253746,0.019696003927233186,-0.4166086412828338,1.07880054514101,2.015252317423618,30.201030033948218,2,0,,
Jalen Brunson,brunsja01,NYK,PG,30.420260095824776,74.0,26.04054054054054,23.888423976631728,20.40230576263338,27.427383669348934,3.3378378378378377,3.169314208556627,1.9161143102594351,4.402232972460163,6.797297297297297,6.5759118539722925,5.677949382321735,7.539353022690035,0.7702702702702703,0.8821747481635298,0.6079557969675221,1.166216526235669,0.10810810810810811,0.11225633420069514,0.0,0.34259109550645184,2.635135135135135,2.5416125411740365,2.0135332692096197,3.1231128087606885,2.364864864864865,2.285623587466309,1.8310739206463666,2.7600315472512373,34.99594594594594,33.55947411663162,27.07479397311741,39.03142587740244,67.20099123095864,43.38598483446599,82.0,9.31081081081081,8.612181952670866,7.335038146081075,9.910551788975921,19.93243243243243,18.431665267144275,15.845820244808111,21.10149637793631,4.783783783783784,4.623093402197182,3.865788221884347,5.420202019258413,5.6891891891891895,5.540946918875489,4.611423847793602,6.500090864443162,0.46724925978460985,0.8343507833378447,1.5580859527808797,-0.9294354150762162,1.5132464703062394,-0.36744432052717624,-1.0886444723251407,0.994311183791725,-0.5981179436527815,-0.2263138793156529,0.7932142877632758,1.6489018637451522,38.25313846748448,2,0,,
Desmond Bane,banede01,ORL,SG,28.605065023956193,82.0,20.085365853658537,18.73089900106317,15.244780787064823,22.269858693780378,4.121951219512195,3.6797295832470436,2.426529684949852,4.912648347150579,4.121951219512195,3.9831846446268377,3.0852221729762803,4.94662581334458,1.048780487804878,1.016853575241493,0.7426346240454852,1.300895353313632,0.45121951219512196,0.3842432257459124,0.17100172231024377,0.6145779870516691,2.0365853658536586,2.0134244101660834,1.4853451382016667,2.5949246777527355,2.0,1.8614789091967832,1.4069292423768407,2.3358868689817114,33.609756097560975,31.357390056488285,24.872709912974074,36.829341817259106,67.74138285285107,43.926376456358426,82.0,7.109756097560975,6.685903111841269,5.408759305251478,7.984272948146324,14.695121951219512,13.85118272666942,11.265337704333255,16.521013837461457,3.8292682926829267,3.6076463103340113,2.8503411300211763,4.404754927395243,4.219512195121951,4.047342909119065,3.1178198380371773,5.006486854686737,0.4826954667898548,0.8913616640205174,0.43730034200968776,-0.6834157284929413,0.10489435646185612,0.13589529061681727,-0.38662608927240893,0.308968736600322,0.0782452422781301,0.2195110983112029,1.4146917810825923,1.6294650295952582,31.46316296166531,2,0,,
Brandon Miller,millebr02,CHO,SF,24.194387405886378,65.0,20.16923076923077,19.43127062214579,15.94515240814744,22.970230314862995,4.907692307692308,5.030643456033103,3.7774435577359116,6.263562219936639,3.3384615384615386,3.425201853299802,2.5272393816492444,4.388643022017544,1.0153846153846153,1.0082023366155561,0.7339833854195484,1.2922441146876953,0.676923076923077,0.6404030573072161,0.42716155387154753,0.8707378186129728,3.1384615384615384,3.003072063625325,2.4749927916609082,3.584572331211977,2.5076923076923077,2.2453681337211284,1.790818466901186,2.7197760935060566,30.28923076923077,29.730443275171034,23.245763131656823,35.202395035941855,63.50326473237364,39.68825833588099,78.83896338155668,6.984615384615385,6.827350322083545,5.550206515493754,8.1257201583886,16.06153846153846,15.592362926426915,13.006517904090751,18.26219403721895,3.0615384615384613,3.0657540993136423,2.3084489190008073,3.862862716374874,3.4307692307692306,3.51690737030697,2.587384299225082,4.476051315874642,0.43786502111954584,0.8717187507403843,0.5894986229332537,-0.03227662872462758,-0.19819817129103776,0.10356273188899173,0.274541475583673,1.5930709434876131,-0.5339245013177981,-1.1170690075436571,0.9157803331440723,1.594985798160483,33.3062935973824,2,0,,
OG Anunoby,anunoog01,NYK,PF,29.544147843942504,67.0,16.686567164179106,15.39075840405107,11.90464019005272,18.929718096768276,5.2388059701492535,4.9990742639325685,3.745874365635377,6.231993027836104,2.1641791044776117,2.2757167665475277,1.37775429489697,3.23915793526527,1.5522388059701493,1.3077626844418782,1.0335437332458706,1.5918044625140173,0.7164179104477612,0.6734032952489108,0.46016179181324224,0.9037380565546675,2.343283582089552,2.130502958619148,1.6024236866547312,2.7120032262058,1.835820895522388,1.669084998014251,1.2145353311943086,2.1434929577991793,33.19253731343284,30.59038861666404,24.10570847314983,36.062340377434865,63.77602576274485,39.9610193662522,79.1117244119279,5.8059701492537314,5.47699499763505,4.1998511910452585,6.775364833940104,12.0,11.358118272274487,8.772273249938323,14.027949383066524,2.7313432835820897,2.489086646193603,1.731781465880768,3.2861952632548346,3.298507462686567,3.0387640982913244,2.1092410272094364,3.9979080438589962,0.48220971699199167,0.8191115090484316,-0.28854810987709667,-0.04749294690660139,-0.8225907976826329,1.2231194748488652,0.3597175425204595,0.4608822200731877,0.38504658952605036,0.1451487128357895,0.1159181595909195,1.531200844928941,29.07763561164956,2,0,,
Jalen Suggs,suggsja01,ORL,PG,25.66461327857632,57.0,13.789473684210526,13.94316209366128,10.457043879662931,17.482121786378485,3.8596491228070176,3.975051501125162,2.72185160282797,5.207970265028697,5.473684210526316,5.5234642899573885,4.625501818306831,6.486905458675131,1.8421052631578947,1.6173278309836798,1.343108879787672,1.901369609055819,0.7017543859649122,0.6393762784124726,0.42613477497680396,0.8697110397182293,2.1403508771929824,2.1175683062051482,1.5894890342407315,2.6990685737918003,2.6666666666666665,2.367234994774953,1.9126853279550105,2.841642954559881,27.605263157894736,27.302859155590966,20.818179012076754,32.77481091636179,60.6753084666673,36.860302070174654,76.01100711585035,4.947368421052632,5.054979057212615,3.7778352506228243,6.35334889351767,11.385964912280702,11.511027370314537,8.925182347978373,14.180858481106574,1.7543859649122806,1.9436835039157216,1.1863783236028866,2.7407921209769532,2.0526315789473686,2.3355660479408864,1.4060429768589986,3.294709993508558,0.43914230195028103,0.8322108919288916,-0.6031263470307594,-0.5410708672676816,0.9415639785469331,2.3800674811890494,0.27189128293892667,0.44409905926632876,-0.7282597426275714,-0.8304629347687913,0.1412410747930667,1.475942985039501,31.401297663361056,2,0,,
Bam Adebayo,adebaba01,MIA,C,29.541409993155373,73.0,20.10958904109589,19.010905627934417,15.524787413936068,22.549865320651623,10.027397260273972,9.082456249718973,7.8292563514217814,10.315375013622509,3.1780821917808217,3.304271762969001,2.4063092913184434,4.267712931686743,1.178082191780822,1.0664045865906393,0.7921856353946316,1.3504463646627785,0.6712328767123288,0.6721962463653911,0.4589547429297225,0.9025310076711478,1.7397260273972603,1.6061495521284819,1.0780702801640651,2.187649819715134,1.643835616438356,1.8676558698526122,1.4131062030326698,2.3420638296375405,32.397260273972606,30.608793957169713,24.1241138136555,36.08074571794054,64.98386752357084,41.16886112707819,80.31956617275388,6.931506849315069,6.06594058422476,4.7887967776349685,7.364310420529814,15.684931506849315,13.658628778867081,11.072783756530917,16.32845988965912,4.506849315068493,4.000899939688375,3.2435947593755396,4.798008556749606,5.794520547945205,5.142751476188145,4.213228405106258,6.101895421755818,0.4441105093660727,0.7779687504273254,0.49814879156727304,1.9206929780418378,-0.2638865891588673,0.32108391547641074,0.3566020596357512,-0.2194845388535679,0.06839513922935017,-0.8265168397101691,-0.43642818831871777,1.4186067279093004,38.21440740106616,2,0,,
Alperen Şengün,sengual01,HOU,C,24.522929500342233,72.0,20.36111111111111,19.372887456943282,15.886769242944933,22.91184714966049,8.88888888888889,8.657454031440615,7.404254133143423,9.89037279534415,6.180555555555555,5.7014702472430985,4.803507775592541,6.664911415960841,1.1805555555555556,1.1779061733528235,0.9036872221568159,1.4619479514249627,1.0694444444444444,1.025488946830482,0.8122474433948134,1.2558237081362387,0.5555555555555556,0.6022214741891052,0.07414220222468859,1.1837217417757575,3.1527777777777777,2.879128956109393,2.4245792892894507,3.3535369158943213,33.298611111111114,31.7179042134546,25.233224069940388,37.18985597422542,65.52418897454504,41.70918257805239,80.85988762372808,8.097222222222221,7.5428709991350935,6.265727192545302,8.841240835440148,15.597222222222221,14.644663784441896,12.058818762105732,17.31449489523393,3.611111111111111,3.72199168508865,2.964686504775815,4.519100302149882,5.222222222222222,5.303273128496799,4.373750057414911,6.262417074064471,0.5150593492729031,0.7018291524697767,0.57681133362681,1.7158423451598315,1.038255626367265,0.7378024638962556,1.2684767787289826,-1.5221160925504345,-1.5445525037663654,1.176016944617928,-2.0437139049409723,1.4028229911393009,42.045094069977196,2,0,,
Jaren Jackson Jr.,jacksja02,MEM,C,27.381245722108144,48.0,19.395833333333332,18.306352638352248,14.820234424353899,21.845312331069454,5.666666666666667,5.967586125983185,4.714386227685993,7.20050488988672,1.9583333333333333,2.0610949579639977,1.16313248631344,3.02453612668174,1.1041666666666667,1.0233235755127834,0.7491046243167757,1.3073653535849226,1.4375,1.2954646793327658,1.082223175897097,1.5257994406385225,1.75,1.5484943681594467,1.02041509619503,2.129994635746099,2.2291666666666665,2.027775631565562,1.5732259647456197,2.5021835913504904,30.314583333333335,29.371680123294976,22.886999979780764,34.8436318840658,57.5007807182399,33.685774321747246,72.83647936742295,7.125,6.298503526831794,5.021359720242003,7.596873363136849,14.979166666666666,13.263669729941977,10.677824707605813,15.933500840734014,3.3958333333333335,3.296988203051596,2.539683022738761,4.094096820112828,4.229166666666667,4.129820977126212,3.200297906044325,5.088964922693885,0.47486884512913363,0.7983368338028652,0.34504185432699913,0.4193287762799244,-0.9391719315197042,0.16007583548277243,1.965304210808449,-0.2942941427710291,-0.18694016900679308,-0.0005212611977217559,-0.07552488708039817,1.3932982853224989,33.48768755944916,2,0,,
Devin Booker,bookede01,PHO,SG,30.255989048596852,64.0,26.0625,25.2448215576569,21.75870334365855,28.783781250374105,3.875,3.7693597799356553,2.5161598816384636,5.002278543839191,6.03125,5.940630224096413,5.042667752445856,6.9040713928141555,0.796875,0.876507460960127,0.6022885097641193,1.160549239032266,0.28125,0.2757341912054365,0.06249268776976788,0.5060689525111932,1.90625,1.950483316459831,1.4224040444954142,2.531983584046483,3.140625,2.941609069010231,2.4870594021902885,3.4160170287951592,33.54375,32.9791598515864,26.49447970807219,38.451111612357224,62.32802295673157,38.513016560238924,77.66372160591462,8.53125,7.911170343039553,6.6340265364497615,9.209540179344607,18.71875,17.318931634992865,14.7330866126567,19.9887627457849,7.09375,6.346253054898849,5.5889478745860135,7.143361671960081,8.125,7.33776212510824,6.408239054026352,8.296906070675911,0.45679320813617913,0.8648758227230261,1.8528457258307962,-0.6402140657077949,1.1681657294179333,-0.388624859436613,-0.6666959725743177,0.22730048118680352,-1.64418654465861,-0.5784251249594483,2.0367690597285786,1.3669344288273275,39.194114517210764,2,0,,
Jaylen Brown,brownja02,PHI,SF,30.272416153319643,71.0,28.704225352112676,25.700939793969322,22.214821579970973,29.23989948668653,6.929577464788732,6.474609007571047,5.153736314765807,7.774105384725374,5.126760563380282,5.132417873306096,4.234455401655539,6.0958590420238385,1.0140845070422535,0.9891567158943155,0.7149377646983078,1.2731984939664547,0.38028169014084506,0.3784363245887339,0.16519482115306525,0.6087710858944906,1.971830985915493,1.9412041356841174,1.413124863719701,2.5227044032707697,3.647887323943662,3.111271501178578,2.6567218343586356,3.5856794609635063,34.404225352112675,32.503981461076215,25.513496266367895,38.40274545918716,61.51832662052573,35.41707960996979,78.32625234003034,10.366197183098592,9.268069757329828,7.990925950740037,10.566439593634882,21.732394366197184,19.44960608799684,16.863761065660675,22.119437198788876,6.0,5.408119185311871,4.650814004999036,6.205227802373102,7.549295774647887,6.815697806312197,5.886174735230309,7.774841751879869,0.47651709322018293,0.7934798958227387,1.9519651209846594,0.6637132846706683,0.729150175229324,0.0323829069988044,-0.4016141327687323,0.21526042180753818,-1.9147390920166354,0.12463335712058775,-0.061269055726689226,1.3394829862995246,42.16060503328429,2,1,same,ROSTER_CHANGE
Onyeka Okongwu,okongon01,ATL,C,26.140999315537304,74.0,15.175675675675675,13.557582721874248,10.071464507875898,17.096542414591454,7.594594594594595,7.295446949055206,6.042247050758014,8.528365712958742,3.1216216216216215,2.921998900571134,2.024036428920576,3.8854400692888764,1.1081081081081081,1.043653773946301,0.7694348227502933,1.3276955520184401,1.0675675675675675,0.9912563780807506,0.778014874645082,1.2215911393865073,1.945945945945946,1.7749438828934836,1.2468646109290669,2.3564441504801357,1.7162162162162162,1.6022788343474903,1.1477291675275478,2.0766867941324185,31.03918918918919,29.260392365692905,22.775712222178694,34.73234412646373,66.04483926312759,42.229832866634936,81.38053791231063,5.581081081081081,5.214914617189097,3.9377708105993063,6.513284453494152,11.621621621621621,10.885250325092192,8.299405302756028,13.55508143588423,2.0675675675675675,2.1095788903324197,1.3522737100195847,2.9066875073936513,2.72972972972973,2.769122008441662,1.839598937359774,3.728265954009334,0.47908081683412546,0.7618222974290673,-0.6869168887646776,1.0593563297534654,-0.47153465636887426,0.23605655491748562,1.1801199743811794,-0.00046803142511991295,0.4915791761939394,0.06628173779131569,-0.5507369226531341,1.3237372738255795,31.19756903333086,2,0,,
Alex Sarr,sarral01,WAS,C,21.76865160848734,48.0,16.3125,15.216427921819697,11.730309707821348,18.755387614536904,7.395833333333333,7.539093032483299,6.285893134186107,8.772011796386835,2.7083333333333335,2.5182029719920402,1.6202405003414826,3.4816441407097827,0.8125,0.8913500771653986,0.6171311259693909,1.1753918552375378,1.9791666666666667,1.7385801641062746,1.5253386606706059,1.9689149254120313,1.0416666666666667,1.032261372283849,0.5041821003194323,1.6137616398705013,1.7083333333333333,1.6541893035970519,1.1996396367771094,2.12859726338198,27.175,26.996348569162045,20.511668425647834,32.468300329932866,59.68219428403778,35.86718788754513,75.01789293322082,6.583333333333333,6.112006451349987,4.834862644760196,7.410376287655041,13.666666666666666,12.732028093667083,10.146183071330919,15.40185920445912,2.1041666666666665,2.3459591372151283,1.5886539569022933,3.14306775427636,3.0416666666666665,3.284830379368145,2.355307308286257,4.243974324935817,0.48004971449836037,0.7141796885312497,-0.3264319973869553,1.176793491826764,-0.6908739094635682,-0.3331530615956933,3.109018212461394,-0.964124386853141,0.4088000393483489,0.12447557019522056,-1.2188083151334737,1.285695643398896,34.276245439005685,2,0,,
Kel'el Ware,wareke01,MIL,C,22.784394250513348,77.0,11.051948051948052,11.638265264709824,7.597943942868151,14.623021849583704,9.012987012987013,9.1248700064641,7.346015742858232,9.966384812817799,0.7272727272727273,1.1130809946684117,0.16211466612888192,2.023518306497182,0.7662337662337663,0.8306268916452776,0.5168542789423519,1.0751150082104988,1.0909090909090908,1.0970418234215105,0.831560233156246,1.2751364978976714,1.1948051948051948,1.246843043124341,0.659390292915908,1.768969832466977,0.8051948051948052,1.077536916480224,0.571675967923128,1.5006335945279985,22.125974025974028,23.944715618624386,15.725068355493349,28.614317548312616,65.54209322802633,39.440846217470394,82.35001894753094,4.467532467532467,4.850296078653591,3.342185792127915,5.917699435022761,8.428571428571429,9.293190969423271,6.264813043781237,11.520489176909438,0.922077922077922,1.3865380902225848,0.5632072865658171,2.1176210839398837,1.2467532467532467,1.8406619277830953,0.8234882887115362,2.712155305361096,0.521919337998345,0.7532823215898966,-1.1040052012172414,1.941136365248942,-1.4541267884552287,-0.5600958205300961,1.4531600715223583,-0.6856972152020071,1.328359957714595,0.8235847906508125,-0.5289083579403872,1.2134078017917473,28.963199993189505,2,1,larger,ROSTER_CHANGE
Donovan Clingan,clingdo01,POR,C,22.940451745379878,77.0,12.12987012987013,11.932586256702823,8.446468042704474,15.471545949420028,11.584415584415584,10.572350503235818,9.319150604938626,11.805269267139353,2.103896103896104,2.1507239312779554,1.2527614596273977,3.114165099995698,0.5714285714285714,0.6515437670866289,0.37732481589062117,0.935585545158768,1.6883116883116882,1.4592218509434485,1.2459803475077798,1.6895566122492052,1.0909090909090908,1.0621908945199106,0.5341116225554939,1.6436911621065629,1.2337662337662338,1.368679387862248,0.9141297210423056,1.843087347647176,27.187012987012988,25.751178077494384,19.266497933980173,31.22312983826521,66.48566765925644,42.67066126276379,81.82136630843948,4.623376623376624,4.419395243220044,3.1422514366302527,5.7177650795250985,8.883116883116884,8.599291782961966,6.013446760625802,11.269122893754004,1.7922077922077921,1.9045768926982716,1.1472717123854366,2.7016855097595034,2.6363636363636362,2.7226809831441923,1.7931579120623045,3.6818249287118645,0.51392549000097,0.6995226045538534,-1.0400460862665102,2.6388204786383014,-0.8904860714826658,-1.2293890734749071,2.3879736423178284,-0.9252897921162457,0.8640890152919437,0.6163537390184685,-1.219910945102226,1.2021149068239867,32.80911022373072,2,0,,
Kon Knueppel,knuepko01,CHO,SF,21.49760438056126,81.0,18.493827160493826,18.50953011593376,15.023411901935411,22.048489808650967,5.333333333333333,5.295105737050111,4.041905838752919,6.528024500953647,3.382716049382716,3.511291659191921,2.613329187541363,4.474732827909663,0.7037037037037037,0.7875515676030119,0.5133326164070042,1.0715933456751512,0.2345679012345679,0.29838614433458455,0.08514464089891591,0.5287209056403412,3.3703703703703702,3.218105613723859,2.690026341759442,3.799605881310511,1.9876543209876543,2.0633871731895903,1.6088375063696478,2.5377951329745185,31.493827160493826,30.85522606523816,24.37054592172395,36.327177826008985,68.57096502033217,44.75595862383952,82.0,6.3580246913580245,6.906399612900317,5.629255806310526,8.204769449205372,13.382716049382717,14.552271315528978,11.966426293192814,17.222102426321015,2.4074074074074074,2.7607374198054337,2.0034322394925987,3.5578460368666653,2.7901234567901234,3.2565435993792553,2.3270205282973677,4.2156875449469275,0.4745925541898315,0.8477507933048004,0.3891945039767552,0.09519391921559658,-0.15143476337384798,-0.7210826461785291,-0.6082295978958634,1.8720844441725903,-0.243728187300478,0.0044146117651673,0.5159463111641898,1.1523585955455808,31.325020451804974,1,0,,
Tyler Herro,herroty01,MIL,SG,27.033538672142367,33.0,20.515151515151516,19.577394584512604,16.091276370514255,23.11635427722981,4.787878787878788,4.514833066269235,3.1939603734639945,5.814329443423562,4.121212121212121,3.9445722726660306,3.0466098010154727,4.908013441383773,0.696969696969697,0.7679443051718914,0.4937253539758837,1.0519860832440306,0.36363636363636365,0.35152614697715434,0.1382846435414857,0.581860908282911,2.5454545454545454,2.451270455874389,1.9231911839099722,3.032770723461041,1.9393939393939394,1.8768572184260521,1.4223075516061097,2.3512651782109804,31.28787878787879,30.393218014366177,23.402732819657857,36.29198201247712,60.12486865935658,34.02362164880064,76.93279437886119,7.484848484848484,7.182836752021531,5.90569294543174,8.481206588326586,15.606060606060606,15.029534946357911,12.443689924021747,17.69936605714995,3.0,3.000335160817158,2.243029980504323,3.7974437778783896,3.272727272727273,3.435683713890239,2.506160642808351,4.394827659457911,0.4779147709931064,0.8732861958995247,0.6212529305101245,-0.2808967070345186,0.08392037374761725,-0.7943615131081126,-0.4710713013374691,0.877089189981526,0.05372218975045108,0.10756376005425929,0.9090918944839264,1.1063108170478042,32.39360681105582,2,1,same,ROSTER_CHANGE
Giannis Antetokounmpo,antetgi01,MIA,PF,32.15605749486653,36.0,27.583333333333332,25.534223597582837,22.04810538358449,29.073183290300044,9.777777777777779,9.47897837165135,8.11299048250741,10.822859824306203,5.444444444444445,5.320172581427868,4.4222101097773105,6.28361375014561,0.9444444444444444,0.9260993213858798,0.6518803701898721,1.2101410994580188,0.6666666666666666,0.697845838370282,0.4846043349346134,0.9281805996760387,0.4166666666666667,0.44272888701966184,0.0,1.024229154606314,3.1944444444444446,3.046156110427655,2.5916064436077124,3.520564070212583,28.869444444444444,29.341044578479202,22.013356016308144,35.524350068150234,58.28711054556099,30.661703125629522,76.07652097861332,10.36111111111111,10.118699514500152,8.841555707910361,11.417069350805207,16.61111111111111,16.819615390093254,14.23377036775709,19.48944650088529,6.444444444444445,6.190831059682424,5.433525879369588,6.987939676743656,9.916666666666666,9.298381813315018,8.36885874223313,10.25752575888269,0.6016011234394849,0.6657966067619776,1.9157358996279799,2.1118162337241473,0.8311372794315773,-0.20328356797915295,0.4228055630580559,-1.7290632645571236,-1.8109026998659268,4.245982707573236,-4.68777087209332,1.0964572789194733,46.71493588454709,2,1,unknown,ROSTER_CHANGE
Derrick White,whitede01,BOS,SG,32.58590006844627,77.0,16.454545454545453,14.028083651694732,10.541965437696383,17.56704334441194,4.402597402597403,3.670181497407276,2.416981599110084,4.9031002613108114,5.376623376623376,4.507892039210695,3.6099295675601377,5.471333207928438,1.1428571428571428,1.0796204787806878,0.8054015275846801,1.363662256852827,1.2727272727272727,0.973610873191822,0.7603693697561534,1.2039456344975787,2.7142857142857144,2.551033452812121,2.0229541808477043,3.132533720398773,1.7402597402597402,1.5372004143884856,1.0826507475685432,2.011608374173414,34.08961038961039,30.500638144429306,24.015958000915095,35.97258990520013,64.96830433811758,41.15329794162493,80.30400298730062,5.675324675324675,4.798808363256081,3.5216645566662903,6.097178199561136,14.38961038961039,11.979230952863162,9.393385930526998,14.6490620636552,2.3896103896103895,2.141007946791808,1.3837027664789732,2.9381165638530398,2.6493506493506493,2.438864128418533,1.509341057336645,3.3980080739862046,0.4005940266231461,0.8778709407563973,-0.5846719797249237,-0.688017896065175,0.3899119108147922,0.3704761041387695,1.1345756147250992,1.0065351438880976,0.595356612795069,-1.7710748770194948,0.6028203731415024,1.0559110066937363,29.81663314892855,2,0,,
Mikal Bridges,bridgmi01,NYK,SF,30.42299794661191,82.0,14.402439024390244,13.112450176900758,9.626331962902409,16.651409869617964,3.8048780487804876,3.7465935787652804,2.4933936804680883,4.979512342668816,3.707317073170732,3.287649549084035,2.3896870774334777,4.251090717801778,1.3048780487804879,1.1953328230303624,0.9211138718343547,1.4793746011025015,0.7560975609756098,0.6464276721068231,0.43318616867115445,0.8767624334125798,1.9024390243902438,1.8232836293929386,1.295204357428522,2.4047838969795907,1.0121951219512195,1.0019630520732825,0.54741338525334,1.4763710118582105,32.824390243902435,30.144825575674087,23.660145432159876,35.61677733644491,69.14698738183374,45.33198098534109,82.0,5.7560975609756095,5.478635812235769,4.201492005645978,6.777005648540824,11.74390243902439,11.22295725982262,8.637112237486456,13.892788370614657,0.9878048780487805,1.1937022220416127,0.4363970417287777,1.9908108391028443,1.1951219512195121,1.472487739169682,0.5429646680877942,2.4316316847373542,0.48816329648237117,0.8106703983251683,-0.7836489751153113,-0.6511873512990147,-0.27291566478907014,0.8029316550434084,0.29009145417310983,0.062254468793367095,1.4488739764497494,0.273834681378726,-0.14755279583765324,1.022681448797311,27.063155228383422,2,0,,
Ryan Rollins,rolliry01,MIL,PG,24.583162217659137,74.0,17.31081081081081,15.58009714666755,12.0939789326692,19.119056839384754,4.5675675675675675,4.108285456653009,2.8550855583558175,5.341204220556545,5.594594594594595,5.662127883415175,4.764165411764617,6.625569052132917,1.4864864864864864,1.3428300211661612,1.0686110699701534,1.6268717992383004,0.4189189189189189,0.36001513720006867,0.14677363376440003,0.5903498985058253,2.4864864864864864,2.4107729209915125,1.8826936490270958,2.9922731885781646,2.7162162162162162,2.342537136196938,1.8879874693769954,2.816945095981866,32.105405405405406,29.81655210765618,23.331871964141968,35.288503868427,64.27865111033957,40.46364471384692,79.61434975952261,6.5675675675675675,6.198247931140912,4.921104124551121,7.496617767445967,13.91891891891892,13.142782993770366,10.556937971434202,15.812614104562403,1.6891891891891893,1.8152112216308391,1.0579060413180041,2.6123198386920707,2.1216216216216215,2.2914411062494855,1.3619180351675977,3.2505850518171577,0.4716084815581951,0.7921701398653377,-0.24740276607531175,-0.4768522374877852,1.0168851169434527,1.3541777860445696,-0.44916058661079994,0.8245422317435873,-0.6888752515108816,-0.08638035964062768,-0.23133058537810663,1.0156033480280968,31.769229858675672,2,0,,
Evan Mobley,mobleev01,CLE,PF,25.623545516769337,65.0,18.153846153846153,18.069664804473955,14.583546590475606,21.608624497191162,9.015384615384615,8.519429785406285,7.266229887109093,9.75234854930982,3.6,3.416266060292241,2.5183035886416834,4.379707229009983,0.7384615384615385,0.8098998715808057,0.535680920384798,1.0939416496529448,1.7384615384615385,1.4746600259934577,1.261418522557789,1.7049947872992144,0.9538461538461539,0.9522135129256412,0.42413424096122454,1.5337137805122933,1.876923076923077,1.9136929930619384,1.459143326241996,2.3881009528468664,31.909230769230767,30.183851283216484,23.699171139702273,35.655803043987305,65.57694162888879,41.76193523239614,80.91264027807183,7.2153846153846155,6.8756278310904175,5.598484024500626,8.173997667395472,13.215384615384615,12.780582194618699,10.194737172282535,15.450413305410736,2.769230769230769,2.898793840161464,2.141488659848629,3.6959024572226955,4.569230769230769,4.593501919266331,3.6639788481844437,5.552645864834004,0.5379745403136189,0.6310640315623196,0.2936070440813834,1.6493148002737579,-0.20305203440695407,-0.6375595945009351,2.4278207195954136,-1.0679892649228098,-0.005018054240371987,1.5879503506768045,-3.100738947107331,0.9443350194489577,38.35736633706071,2,0,,
Dyson Daniels,daniedy01,ATL,SG,23.87953456536619,76.0,11.855263157894736,12.738171427712661,9.252053213714312,16.277131120429868,6.842105263157895,6.2180810966977385,4.964881198400547,7.450999860601274,5.907894736842105,5.553624856996867,4.65566238534631,6.51706602571461,1.9605263157894737,1.7275522911783856,1.453333339982378,2.011594069250525,0.40789473684210525,0.40634903356264207,0.19310753012697343,0.6366837948683988,0.2894736842105263,0.4612136987166665,0.0,1.0427139663033187,1.7763157894736843,1.8613232042399916,1.4067735374200492,2.33573116402492,33.151315789473685,31.05927227104919,24.574592127534977,36.53122403182001,69.27841635195719,45.46340995546454,82.0,5.2894736842105265,5.193535104166678,3.9163912975768866,6.491904940471732,10.223684210526315,10.14602779454301,7.560182772206845,12.815858905335046,0.9868421052631579,1.3815748725629426,0.6242696922501076,2.1786834896241745,1.605263157894737,2.08486143584331,1.1553383647614222,3.044005381410982,0.5118786592483016,0.6626698776286332,-0.8649837700982896,0.5400670949938928,0.9579469972431108,2.7920129824729543,-0.32956935623865885,-1.7050785792895429,0.07849353750859346,0.7101275370132103,-1.3093178387742896,0.8696986048309809,33.07068679922833,2,0,,
Immanuel Quickley,quickim01,TOR,PG,27.627652292950035,70.0,16.428571428571427,16.186785206900375,12.700666992902025,19.72574489961758,4.0285714285714285,3.718103710713237,2.464903812416045,4.951022474616773,5.928571428571429,5.860699997841728,4.96273752619117,6.82414116655947,1.3142857142857143,1.243371695784086,0.9691527445880782,1.527413473856225,0.07142857142857142,0.09134642782246163,0.0,0.3216811891282183,2.5428571428571427,2.456455269292845,1.9283759973284282,3.037955536879497,1.457142857142857,1.6335890522459202,1.1790393854259777,2.1079970120308484,31.87857142857143,30.69608699868246,24.21140685516825,36.16803875945328,67.70833802426655,43.893331627773904,82.0,5.728571428571429,5.683036697942016,4.405892891352225,6.98140653424707,12.928571428571429,12.751122267577355,10.16527724524119,15.420953378369392,2.4285714285714284,2.5215727718265866,1.7642675915137516,3.318681388887818,2.9571428571428573,3.1009982983422546,2.171475227260367,4.060142243909927,0.4456891384684183,0.8131487118759724,-0.11556292984443085,-0.6649194384510012,1.1247481640450359,0.9824689145835268,-1.1426144948583448,0.8838166654922961,0.4416502726500502,-0.7406781653935198,0.05101987165165928,0.8199288598752716,31.810124975092574,2,0,,
Deni Avdija,avdijde01,POR,SF,26.078028747433265,66.0,24.21212121212121,22.548962154351873,19.062843940353524,26.08792184706908,6.878787878787879,6.493390407053429,5.240190508756237,7.726309170956965,6.696969696969697,6.437191140620472,5.539228668969915,7.4006323093382145,0.7727272727272727,0.8545921419093244,0.5803731907133167,1.1386339199814635,0.6212121212121212,0.5487505785248734,0.3355090750892048,0.7790853398306301,1.893939393939394,1.933183879936456,1.4051046079720395,2.5146841475231083,3.8333333333333335,3.3279496027860667,2.873399935966124,3.802357562570995,33.31818181818182,32.04149738088465,25.55681723737044,37.51344914165547,63.49072565567674,39.67571925918409,78.82642430485978,7.454545454545454,7.118137343590625,5.840993537000834,8.41650717989568,16.12121212121212,15.374357993610944,12.78851297127478,18.04418910440298,7.409090909090909,6.565335510511853,5.808030330199019,7.3624441275730845,9.242424242424242,8.206992399317771,7.277469328235884,9.166136344885443,0.46298761525838533,0.7999685135638257,1.2670065021335029,0.6727658999392687,1.4378943047645514,-0.4705297023020915,0.03797961559102564,0.20485386138234676,-2.260265273607848,-0.3402846296558123,0.19877066951335692,0.7481912477583006,40.87889591226322,2,0,,
Josh Giddey,giddejo01,CHI,PG,24.31211498973306,54.0,17.01851851851852,16.229648963667657,12.743530749669308,19.768608656384863,8.296296296296296,7.384453874957686,6.131253976660494,8.617372638861221,9.148148148148149,8.46187777046901,7.563915298818453,9.425318939186752,1.0185185185185186,1.0905972447753107,0.816378293579303,1.3746390228474499,0.5,0.43482842966233626,0.22158692622666762,0.665163190968093,1.9074074074074074,1.9518836344555341,1.4238043624911176,2.5333839020421864,3.6296296296296298,3.1918945571670103,2.737344890347068,3.6663025169519385,32.06111111111111,30.53302623294508,24.04834608943087,36.004977993715904,63.99845668346348,40.183450286970825,79.33415533264653,5.944444444444445,5.947357748943434,4.670213942353643,7.245727585248488,13.277777777777779,13.206738384006306,10.620893361670142,15.876569494798343,3.2222222222222223,3.277341737210769,2.520036556897934,4.074450354272001,4.222222222222222,4.2778868634568425,3.348363792374955,5.237030809024515,0.45032752039260765,0.7661122983889386,-0.10624817479507304,1.1022575766595766,2.537690567457192,0.41149993280750136,-0.2560619181167677,0.22911744242784837,-2.0433048145203383,-0.6413731052099335,-0.614759912467619,0.6188175942423865,39.16819273546633,2,0,,
Paul George,georgpa01,BOS,PF,36.75290896646133,37.0,17.324324324324323,14.59281324220306,11.106695028204712,18.131772934920267,5.297297297297297,4.666176630008701,3.345303937203461,5.965673007163028,3.5945945945945947,3.296650234834954,2.3986877631843964,4.260091403552696,1.6756756756756757,1.3514811178561772,1.0772621666601694,1.6355228959283163,0.43243243243243246,0.41066542178803256,0.19742391835236392,0.6410001830937893,2.7027027027027026,2.354034217541746,1.8259549455773292,2.935534485128398,1.7297297297297298,1.5931049161086568,1.1385552492887143,2.067512875893585,30.675675675675677,27.55866280788519,20.56817761317687,33.457426805996135,54.59208605488224,28.490839044326293,71.40001177438685,6.081081081081081,5.174104780486473,3.8969609738966815,6.472474616791527,13.864864864864865,11.664292473866093,9.078447451529929,14.33412358465813,2.4594594594594597,2.0147159081987414,1.2574107278859064,2.811824525259973,3.0,2.4955470869498906,1.5660240158680028,3.4546910325175624,0.44358496600450315,0.807324341317546,-0.46195016993889015,-0.20794926468883548,-0.26802655236811657,1.386509814310609,-0.3184284374046616,0.7509217931348583,0.5062083838331879,-0.7373765357551949,-0.07512257151505544,0.5747864596079011,28.830535253289906,2,1,same,ROSTER_CHANGE
VJ Edgecombe,edgecvj01,PHI,SG,21.508555783709788,75.0,15.986666666666666,16.3959896074201,12.90987139342175,19.934949300137305,5.64,5.120452868180328,3.867252969883136,6.353371632083864,4.2,4.108736848632012,3.2107743769814547,5.072178017349755,1.4266666666666667,1.317154382808892,1.0429354316128845,1.6011961608810312,0.52,0.4856225336199686,0.27238103018429993,0.7159572949257252,1.9866666666666666,2.00680047430644,1.4787212023420233,2.588300741893092,1.8266666666666667,1.958236441688276,1.5036867748683336,2.4326444014732043,34.970666666666666,32.81689164097086,26.332211497456647,38.28884340174168,66.58443358124931,42.769427184756665,81.92013223043236,6.013333333333334,5.90067930605781,4.623535499468019,7.199049142362865,13.733333333333333,13.391307774526263,10.805462752190099,16.0611388853183,1.9733333333333334,2.330635343827676,1.5733301635148411,3.1277439608889077,2.4133333333333336,2.8793401076407426,1.9498170365588547,3.838484053208415,0.44063503023076145,0.8094338482775968,-0.07010056506224736,0.011011415727578844,0.17309347562532107,1.258219378126891,-0.12495856042785024,0.3003739497325752,-0.0760493564558741,-0.9048876651354731,-0.016499883336705993,0.5502021887942152,32.153732629782816,1,0,,
De'Aaron Fox,foxde01,SAS,PG,29.117043121149898,72.0,18.555555555555557,18.312789508090347,14.826671294091998,21.851749200807554,3.75,3.824677419632373,2.571477521335181,5.0575961835359085,6.180555555555555,6.086517316827933,5.188554845177376,7.049958485545676,1.2361111111111112,1.2133331581417874,0.9391142069457797,1.4973749362139266,0.2638888888888889,0.28501315497318597,0.07177165153751733,0.5153479162789426,1.8194444444444444,1.8190389550676962,1.2909596831032797,2.4005392226543485,2.2777777777777777,2.226452784296944,1.7719031174770015,2.700860744081872,30.984722222222224,30.542265095154807,24.057584951640596,36.01421685592563,66.47228763550795,42.657281239015305,81.807986284691,7.069444444444445,6.998773964968646,5.721630158378855,8.297143801273702,14.541666666666666,14.440258711977735,11.854413689641571,17.110089822769773,2.5972222222222223,2.7742681631337383,2.0169629828209032,3.57137678019497,3.4166666666666665,3.6338889040127147,2.7043658329308267,4.5930328495803865,0.4846709539326595,0.7634433072706923,0.3464406553051902,-0.6135510201657842,1.247410624403595,0.8702048996359043,-0.6427462774120513,0.056746856412829956,-0.5037611003487353,0.29086089250261826,-0.6058060077736092,0.4457995225599576,34.30076454193907,2,0,,
Franz Wagner,wagnefr01,ORL,SF,25.43189596167009,34.0,20.558823529411764,20.297571256724346,16.811453042725997,23.836530949441553,5.205882352941177,5.286692315621305,4.033492417324113,6.51961107952484,3.323529411764706,3.4649021201609522,2.5669396485103944,4.428343288878694,0.9411764705882353,0.944446064167567,0.6702271129715593,1.2284878422397063,0.3235294117647059,0.364355386041417,0.15111388260574835,0.5946901473471736,1.411764705882353,1.4696800067575513,0.9416007347931347,2.0511802743442034,1.7058823529411764,1.7928196139621473,1.3382699471422048,2.2672275737470753,29.961764705882356,29.892939749199428,23.408259605685217,35.36489150997025,59.681339908813975,35.86633351232132,75.01703855799703,7.176470588235294,7.127689939323358,5.850546132733567,8.426059775628413,14.911764705882353,14.871936344619371,12.286091322283207,17.541767455411406,4.794117647058823,4.538642502508129,3.7813373221952937,5.335751119569361,5.823529411764706,5.572768062286708,4.643244991204821,6.53191200785438,0.47927114359268613,0.8144323344843747,0.7777550619106657,0.09113865872454373,-0.17663325132855454,-0.13471568260436004,-0.43795808175352713,-0.39655851439544443,0.18773292902250935,0.14489003651858828,0.35882454645965417,0.41447570255407507,33.97253995237615,2,0,,
Julius Randle,randlju01,BRK,PF,32.17522245037645,79.0,21.10126582278481,19.635688086054195,15.214537106053267,22.239615012768823,6.734177215189874,6.432429019829617,4.788709651457692,7.409078721417258,5.037974683544304,4.977856934366323,3.84285365631737,5.70425729668567,1.0886075949367089,1.0679179533239895,0.742845766255411,1.3011064955235578,0.22784810126582278,0.2771880212117392,0.050747088194559226,0.4943233529359845,1.379746835443038,1.441938774747613,0.8451957516047387,1.9547752911558076,2.7468354430379747,2.51167158905206,1.9375185132296386,2.8664761398345093,33.03544303797469,32.28628438401869,23.638436590930752,36.527685783750016,65.0385738986591,38.93732688810316,81.8464996181637,7.341772151898734,6.948148508244425,5.340140486976329,7.915654129871175,15.278481012658228,14.485524620325155,11.209892711306843,16.465568844435044,5.037974683544304,4.678285492988168,3.6982048130092307,5.252618610383298,6.2784810126582276,5.8454584757985755,4.637580239202471,6.526247255852031,0.47966150280088793,0.8003282398390565,0.6339207349393375,0.6433825738833472,0.6451937048806538,0.32673987075616534,-0.6629435292692017,-0.4325537265512234,-0.9585858555682025,0.14883818900608856,0.06373877970711332,0.40773074178407803,36.34503464595435,2,1,larger,ROSTER_CHANGE
Brandon Ingram,ingrabr01,TOR,SF,29.415468856947296,77.0,21.493506493506494,20.53849662467972,17.05237841068137,24.077456317396926,5.584415584415584,5.3861607328008985,4.132960834503707,6.619079496704434,3.688311688311688,3.6157220681701836,2.7177595965196257,4.579163236887926,0.7532467532467533,0.8040786610001103,0.5298597098041026,1.0881204390722494,0.7142857142857143,0.6326900245358195,0.41944852110015085,0.8630247858415762,1.7532467532467533,1.772864289905991,1.2447850179415743,2.354364557492643,2.4285714285714284,2.143540616108292,1.6889909492883497,2.6179485758932204,33.81558441558442,31.909852477827567,25.425172334313356,37.38180423859839,65.51289176523807,41.69788536874542,80.84859041442111,7.974025974025974,7.514250435929299,6.237106629339508,8.812620272234355,16.727272727272727,15.780756716155013,13.194911693818849,18.45058782694705,3.792207792207792,3.6193617920699763,2.8620566117571413,4.4164704091312075,4.623376623376624,4.439737613233547,3.510214542151659,5.398881558801219,0.47616540645587935,0.8152197511136081,0.8301107338566596,0.13908233368594292,-0.09470886228250283,-0.6593153963121461,0.25463356471397414,-0.003166375563392122,-0.371545040354036,0.06505560767106633,0.2388526266829936,0.3989991920985595,34.592238046795565,2,0,,
Andrew Wiggins,wiggian01,MIA,SF,31.939767282683093,68.0,15.367647058823529,14.62662519715453,11.14050698315618,18.165584889871734,4.838235294117647,4.72372242618694,3.4705225278897487,5.956641190090476,2.676470588235294,2.584727235998667,1.6867647643481092,3.5481684047164093,1.1176470588235294,1.0205939967188333,0.7463750455228256,1.3046357747909725,1.0147058823529411,0.8591025761719784,0.6458610727363098,1.089437337477735,2.0294117647058822,1.9262580670770733,1.3981787951126567,2.5077583346637256,1.5147058823529411,1.3911124930905778,0.9365628262706354,1.8655204528755058,30.333823529411763,28.468234125514197,21.983553981999986,33.94018588628502,62.79861012452891,38.98360372803626,78.13430877371196,5.735294117647059,5.5264071885444395,4.249263381954648,6.824777024849494,12.073529411764707,11.649384701295675,9.063539678959511,14.319215812087712,1.8676470588235294,1.848997261643134,1.091692081330299,2.6461058787043656,2.3823529411764706,2.361665646718156,1.432142575636268,3.320809592285828,0.4743947710757443,0.7829208441137967,-0.454602468713755,-0.18021225001026644,-0.6547383732999598,0.14987449085761917,0.8390211890566531,0.1958673786214011,0.8283160177750097,-0.027565028977558522,-0.3159590205661371,0.38000193474300636,28.420160188158714,2,0,,
Matas Buzelis,buzelma01,CHI,PF,22.302532511978097,77.0,16.25974025974026,15.80114328978841,12.31502507579006,19.340102982505616,5.818181818181818,5.700272485473114,4.4470725871759225,6.93319124937665,2.051948051948052,2.240211402375284,1.3422489307247265,3.2036525710930266,0.7142857142857143,0.7699482550465221,0.4957293038505144,1.0539900331186614,1.5064935064935066,1.2820819934544279,1.0688404900187591,1.5124167547601846,2.2467532467532467,2.182735247849418,1.6546559758850012,2.76423551543607,2.064935064935065,1.8889866683003094,1.434437001480367,2.3633946280852376,29.2012987012987,27.96537186464284,21.48069172112863,33.43732362541366,64.68086155180458,40.865855155311934,80.01656020098763,5.792207792207792,5.559160430387223,4.282016623797432,6.857530266692278,12.506493506493506,11.988591455025729,9.402746432689565,14.658422565817766,2.4285714285714284,2.4239950789229394,1.6666898986101044,3.221103695984171,3.090909090909091,3.0892689423698982,2.1597458712880107,4.0484128879375705,0.46370421840146797,0.7846500658059893,-0.1993670633496999,0.29048387599138986,-0.8418770745051828,-0.7868720853150953,1.9307625038613274,0.5286554296967554,0.03437993749347786,-0.2776826010162263,-0.29981808852512454,0.37866483433162185,30.268891453121615,2,0,,
Mark Williams,willima07,PHO,C,25.127994524298426,60.0,11.666666666666666,11.503846386489604,8.017728172491255,15.042806079206809,7.95,7.816377822001558,6.563177923704366,9.049296585905093,0.9666666666666667,1.245324713033027,0.3473622413824693,2.2087658817507694,0.9166666666666666,0.9031819183644344,0.6289629671684267,1.1872236964365737,0.9166666666666666,0.9128280166539866,0.699586513218318,1.1431627779597433,0.016666666666666666,0.09326026344852414,0.0,0.6747605310351763,1.0833333333333333,1.1555397406999084,0.7009900738799659,1.6299477004848364,23.601666666666667,23.67083541616326,17.18615527264905,29.142787176934085,62.487561368480435,38.67255497198778,77.82326001766349,4.7,5.299080540241356,4.021936733651565,6.59745037654641,7.3,8.667536999956962,6.081691977620798,11.337368110748999,2.25,2.4993562695390095,1.7420510892261745,3.296464886600241,2.9166666666666665,3.2323122498959163,2.3027891788140282,4.191456195463588,0.6113709742765064,0.7732409731205552,-1.1332158682016742,1.3104444757003737,-1.382292883357104,-0.2889335322349819,0.9776905441924868,-2.1825109428262293,1.2039725932047214,2.290837896539647,-0.4462340528749474,0.3497582301422923,27.043976906796367,2,0,,
Jaden McDaniels,mcdanja02,MIN,PF,26.340862422997947,73.0,14.849315068493151,13.56825851270569,10.08214029870734,17.107218205422896,4.2465753424657535,4.262213887435565,3.0090139891383734,5.495132651339101,2.7260273972602738,2.604669930827016,1.7067074591764582,3.5681110995447582,1.1095890410958904,1.0462644945248605,0.7720455433288528,1.3303062725969996,1.0,0.8851117316693439,0.6718702282336753,1.1154464929751005,1.4109589041095891,1.4076688266480457,0.8795895546836291,1.9891690942346978,1.7945205479452055,1.546630456518769,1.0920807896988265,2.021038416303697,31.73013698630137,29.42953020558717,22.94485006207296,34.90148196635799,65.94894946433988,42.13394306784723,81.28464811352292,5.712328767123288,5.461906635667683,4.184762829077892,6.7602764719727375,11.082191780821917,10.702058514991439,8.116213492655275,13.371889625783476,2.0136986301369864,1.9977979075305372,1.2404927272177022,2.794906524591769,2.410958904109589,2.4277031038512313,1.4981800327693435,3.386847049418903,0.510360378614698,0.8229168980182519,-0.6845969246725668,-0.4026588918810845,-0.6439056345852883,0.24581368682402543,0.9061527525783168,-0.47702017461558954,0.5803189766641068,0.7242383662609201,0.06905503264038948,0.3173971892132297,26.837418295932732,2,0,,
Reed Sheppard,sheppre01,HOU,SG,22.60643394934976,82.0,13.536585365853659,13.008786214547314,9.522668000548965,16.54774590726452,2.902439024390244,3.020231088214581,1.767031189917389,4.253149852118117,3.3780487804878048,3.493320805782685,2.5953583341321274,4.456761974500427,1.4878048780487805,1.3526236620859622,1.0784047108899544,1.6366654401581013,0.6585365853658537,0.5859849163180129,0.37274341288234425,0.8163196776237696,2.768292682926829,2.697065297500554,2.168986025536137,3.278565565087206,1.5,1.5058872100708924,1.05133754325095,1.9802951698558204,26.18658536585366,26.327695370113553,19.84301522659934,31.799647130884377,66.03086889530803,42.21586249881538,81.36656754449108,4.963414634146342,4.951218182903774,3.6740743763139827,6.2495880192088284,11.536585365853659,11.409503398932326,8.823658376596162,14.079334509724363,0.8414634146341463,1.11195676953616,0.35465158922332507,1.9090653865973917,1.048780487804878,1.4005113402789788,0.470988269197091,2.359655285846651,0.4339556253926965,0.7939648452362126,-0.8061762683250662,-1.001293326025025,-0.16119641099156046,1.3907798824483562,0.13408420895240603,1.1960165349516512,0.645290278638436,-0.9412175416070039,-0.2478623946380937,0.2084249634041003,26.18298325421987,2,0,,
LeBron James,jamesle01,PHI,SF,42.08898015058179,60.0,20.933333333333334,18.3927402691168,14.90662205511845,21.931699961834006,6.066666666666666,5.370055933729759,4.049183240924519,6.669552310884086,7.2,6.262461699187678,5.36449922753712,7.22590286790542,1.2,1.0690680721255694,0.7948491209295617,1.3531098501977086,0.5833333333333334,0.49483848606343805,0.28159698262776944,0.7251732473691948,1.2833333333333334,1.1468310875997694,0.6187518156353528,1.7283313551864214,2.9833333333333334,2.5686970981094417,2.1141474312894992,3.04310505789437,33.155,29.42797616449696,22.43749096978864,35.326740162607905,57.88587408220351,31.78462707164756,74.69379980170812,7.883333333333334,6.985326915365799,5.708183108776008,8.283696751670854,15.316666666666666,13.690723960120614,11.10487893778445,16.36055507091265,3.8833333333333333,3.611331213918777,2.854026033605942,4.408439830980009,5.266666666666667,4.8597360834650125,3.930213012383125,5.818880029032685,0.5102233406876943,0.7431126200877729,0.36381481499479523,0.13131983706763187,1.34298243848501,0.33103824759027234,-0.10117150217699437,-0.8154662015228594,-1.0495217011922593,0.9599482129238547,-1.1013653863622204,0.06157875980723038,36.35352251483161,2,1,same,ROSTER_CHANGE
Jarrett Allen,allenja01,CLE,C,28.78302532511978,56.0,15.357142857142858,14.522193228414604,11.036075014416255,18.06115292113181,8.5,8.084992918524634,6.831793020227442,9.31791168242817,1.7857142857142858,2.106100208382454,1.2081377367318964,3.0695413771001965,0.9821428571428571,0.8707475420274655,0.5965285908314578,1.1547893200996047,0.8392857142857143,0.8278265222948564,0.6145850188591878,1.0581612836006131,0.017857142857142856,0.04556916247321345,0.0,0.6270694300598656,1.3392857142857142,1.4647496832174784,1.010200016397536,1.9391576430024065,27.126785714285713,26.09515830927887,19.610478165764658,31.567110070049694,62.01408389587568,38.19907749938302,77.34978254505873,6.017857142857143,5.414311679418351,4.1371678728285595,6.712681515723405,9.428571428571429,8.856556393757,6.270711371420836,11.526387504549037,3.3035714285714284,3.0244355530366422,2.2671303727238072,3.821544170097874,4.660714285714286,4.199494316459095,3.2699712453772074,5.158638262026767,0.6113337327400644,0.7201904146370576,-0.4772966579658996,1.4399166764510383,-0.9147253798992852,-0.4101515939552353,0.7582953693439886,-2.2443918029457075,0.7108903206745938,2.3430465438342525,-1.3745777557351195,-0.16899428019737406,31.014307552967338,2,0,,
Tre Jones,jonestr01,CHI,PG,27.066392881587955,65.0,14.061538461538461,14.062875802269595,10.576757588271246,17.6018354949868,3.1384615384615384,3.021130118618487,1.767930220321295,4.254048882522023,5.384615384615385,5.648298393402157,4.750335921751599,6.611739562119899,1.1692307692307693,1.1182195059203888,0.8440005547243811,1.402261283992528,0.16923076923076924,0.161725811910709,0.0,0.3920605732164657,0.6307692307692307,0.8314241037937257,0.30334483182930905,1.4129243713803779,1.4153846153846155,1.5995449164451134,1.144995249625171,2.0739528762300417,26.955384615384613,26.50149218762004,20.01681204410583,31.973443948390866,64.9832814820937,41.16827508560105,80.31898013127675,5.246153846153846,5.331833896468508,4.054690089878717,6.630203732773563,9.492307692307692,9.854992554768096,7.269147532431932,12.524823665560133,2.9384615384615387,2.726102971435311,1.9687977911224759,3.5232115884965425,3.4923076923076923,3.2834728569313807,2.353949785849493,4.242616802499053,0.5410287087318835,0.8302498879138084,-0.5771112714555873,-1.000859994293331,1.0093730302792563,0.5147335181106538,-0.9609600734368452,-1.2247177190274026,0.49593882401521927,1.2534508330267267,0.2945628354769522,-0.1955900173043575,28.400970571763196,2,0,,
Jalen Williams,willija06,OKC,SG,25.801505817932924,33.0,17.060606060606062,17.227289089693265,13.741170875694916,20.76624878241047,4.606060606060606,4.451989932329268,3.1987900340320765,5.684908696232804,5.484848484848484,5.194430481479023,4.296468009828466,6.157871650196766,1.1818181818181819,1.157047518768046,0.8828285675720383,1.4410892968401852,0.2727272727272727,0.2912750532972871,0.07803354986161845,0.5216098146030438,0.696969696969697,0.8630926932800042,0.33501342131558753,1.4445929608666563,1.9090909090909092,1.9515141850626159,1.4969645182426734,2.425922144847544,28.363636363636363,27.9941979744595,21.50951783094529,33.466149735230324,59.136580435600834,35.321574039108185,74.47227908478388,6.545454545454546,6.287098523717042,5.0099547171272505,7.585468360022096,13.515151515151516,13.056394858133768,10.470549835797604,15.726225968925805,3.272727272727273,3.3007370838142753,2.5434319035014403,4.0978457008755065,3.909090909090909,4.019833158830468,3.0903100877485805,4.97897710439814,0.48153403692446967,0.821112955039804,0.11054974732341337,-0.31118703307573303,0.7628350100590529,0.6598467279021254,-0.6265838524093181,-1.1836266241248947,-0.06532969606422004,0.1693223431006911,0.28198093657373535,-0.2021924407151477,32.754776261840306,2,0,,
Zion Williamson,willizi01,NOP,PF,26.573579739904176,62.0,21.0,20.389148389115665,16.903030175117316,23.92810808183287,5.693548387096774,5.926864458028556,4.673664559731364,7.159783221932091,3.2096774193548385,3.3991634474317594,2.5012009757812015,4.362604616149501,0.967741935483871,0.9508289683473139,0.6766100171513062,1.234870746419453,0.5483870967741935,0.5855961575467955,0.3723546541111269,0.8159309188525522,0.016129032258064516,0.18930532870333078,0.0,0.7708055962899829,2.032258064516129,1.9987505148157325,1.54420084799579,2.4731584746006607,29.69516129032258,29.70482863725135,23.22014849373714,35.176780398022174,64.44795058586422,40.63294418937157,79.78364923504726,7.806451612903226,7.913879727279125,6.6367359206893335,9.21224956358418,13.016129032258064,13.5197799560331,10.933934933696936,16.189611066825137,5.370967741935484,5.166026613326293,4.408721433013458,5.963135230387525,7.5,7.15229123110089,6.222768160019003,8.111435176668563,0.5853556605962078,0.7222897455381067,0.7976557570592264,0.39970097413265865,-0.21234205955402763,-0.11086064482664508,0.13308079366861392,-2.0578891344247907,-0.14065520672216328,2.9529647636613934,-2.070880464778923,-0.3092252217846576,35.21065577276417,2,0,,
Naz Reid,reidna01,CHO,C,27.43600273785079,77.0,13.584415584415584,12.443110739727903,8.956992525729554,15.982070432445107,6.194805194805195,6.274048460226236,4.908060571082297,7.61792991288109,2.207792207792208,2.131641848205427,1.2336793765548693,3.0950830169231693,0.987012987012987,0.9558017681605272,0.6815828169645195,1.2398435462326662,1.0129870129870129,0.9680542319169507,0.7548127284812821,1.1983889932227074,2.103896103896104,1.9190061196053216,1.390926847640905,2.5005063871919737,1.6363636363636365,1.4989180548416174,1.044368388021675,1.9733260146265454,26.071428571428573,25.644049131783824,18.316360569612765,31.827354621454855,64.52098555862777,36.8955781386963,82.3103959916801,5.1558441558441555,4.811004982761941,3.5338611761721497,6.109374819066995,11.311688311688311,10.523317852104077,7.937472829767913,13.193148962896114,1.1688311688311688,1.3274224522711402,0.5701172719583052,2.124531069332372,1.5974025974025974,1.7804735220806973,0.8509504509988095,2.7396174676483693,0.4571756788473331,0.7455446182203752,-0.9291036289383546,0.5670433067557831,-0.9008513316360987,-0.09227563648802357,1.1202335105860814,0.18645772487225443,0.6564036563975321,-0.39573026383225757,-0.5761000781060374,-0.3639227403891207,27.44208160969834,2,1,unknown,ROSTER_CHANGE
Darius Garland,garlada01,CLE,PG,27.017111567419576,45.0,18.77777777777778,18.331510345308576,14.845392131310227,21.870470038025783,2.3777777777777778,2.570869678509415,1.317669780212223,3.8037884424129507,6.688888888888889,6.4503824370685825,5.552419965418025,7.413823605786325,0.9555555555555556,1.0089976250609625,0.7347786738649548,1.2930394031331016,0.17777777777777778,0.1852458895837564,0.0,0.41558065088951307,2.7111111111111112,2.5693916635548812,2.0413123915904645,3.1508919311415333,2.888888888888889,2.648014435885542,2.1934647690655997,3.1224223956704704,29.868888888888886,29.385860340122083,22.90118019660787,34.85781210089291,60.98202732078893,37.16702092429628,76.31772596997197,6.866666666666666,6.566415015073079,5.289271208483288,7.8647848513781335,14.933333333333334,14.242826477903755,11.65698145556759,16.91265758869579,2.3333333333333335,2.4967331281746312,1.7394279478617962,3.293841745235863,2.7111111111111112,2.9826394473554596,2.0531163762735716,3.9417833929231314,0.461033140104612,0.837088482279796,0.35050889444609085,-1.2178850641664096,1.4450597289441875,0.10653498955965296,-0.9002530047854782,1.0303555600199197,-1.1760052574558393,-0.3800275069856669,0.321108014669128,-0.420603645754415,32.02684372317136,2,0,,
Payton Pritchard,pritcpa01,BOS,PG,29.010266940451746,79.0,17.025316455696203,15.70041534506354,12.21429713106519,19.239375037780746,3.949367088607595,3.32475880564537,2.0715589073481784,4.557677569548906,5.1645569620253164,5.014685867150224,4.116723395499666,5.978127035867966,0.7341772151898734,0.802507990496228,0.5282890393002203,1.0865497685683672,0.12658227848101267,0.0944077944490555,0.0,0.32474255575481215,2.6835443037974684,2.5834644886586147,2.055385216694198,3.1649647562452667,1.379746835443038,1.448920763491234,0.9943710966712915,1.923328723276162,32.34303797468354,29.866900084615672,23.38221994110146,35.33885184538649,69.94340611397561,46.128399717482964,82.0,6.405063291139241,5.957274015776116,4.680130209186325,7.255643852081171,13.810126582278482,12.832135486446122,10.246290464109958,15.501966597238159,1.5316455696202531,1.6454676090827134,0.8881624287698784,2.442576226143945,1.7215189873417722,1.913104572544355,0.9835815014624671,2.872248518112027,0.46424650223405584,0.8601033276995963,-0.22125632837216253,-0.854511278866504,0.6651989353383283,-0.6651855148587071,-1.134712880052854,1.0486155394274161,0.7361319401605845,-0.27411009552747606,0.27335620975545805,-0.426473472995917,28.453981303907934,2,0,,
Jabari Smith Jr.,smithja05,HOU,PF,23.72347707049966,77.0,15.779220779220779,14.787677953079083,11.301559739080734,18.32663764579629,6.87012987012987,6.248190397631913,4.994990499334722,7.481109161535449,1.8571428571428572,1.9442987468807527,1.046336275230195,2.907739915598495,0.7272727272727273,0.7603413564714825,0.4861224052754748,1.0443831345436216,0.922077922077922,0.8084739458638664,0.5952324424281978,1.038808707169623,2.2987012987012987,2.1988627523142616,1.670783480349845,2.7803630199009137,1.3636363636363635,1.3329893164434607,0.8784396496235183,1.8073972762283887,35.13636363636363,32.05907007485311,25.5743899313389,37.53102183562393,69.83253657641006,46.017530179917415,82.0,5.688311688311688,5.2787013150640805,4.001557508474289,6.577071151369135,12.64935064935065,11.691317035224941,9.105472012888777,14.361148146016978,2.103896103896104,2.0608910331616954,1.3035858528488604,2.857999650222927,2.7142857142857144,2.6558505917769946,1.7263275206951068,3.614994537344667,0.45150613050350136,0.7759815403556947,-0.4196039738406623,0.5545797471324772,-1.002614853773615,-0.8227762634102982,0.7083449311563108,0.5495814269468902,0.9210022612847961,-0.5558272960955868,-0.391172254013431,-0.458486274613119,28.57541114112109,2,0,,
Ausar Thompson,thompau01,DET,SF,24.005475701574266,73.0,9.876712328767123,10.57684215338704,7.09072393938869,14.115801846104244,5.726027397260274,5.830411209924255,4.577211311627063,7.06332997382779,3.1232876712328768,3.2778010580573933,2.3798385864068354,4.241242226775135,2.0,1.7023043245941851,1.4280853733981775,1.9863461026663243,0.9452054794520548,0.8646090615289971,0.6513675580933285,1.0949438228347537,0.0821917808219178,0.2679783912007544,0.0,0.8494786587874066,1.5068493150684932,1.4800742785205858,1.0255246117006434,1.9544822383055138,25.96712328767123,25.558545804335978,19.073865660821767,31.030497565106803,63.87062017231473,40.05561377582208,79.20631882149777,4.1506849315068495,4.3933416599365795,3.1161978533467884,5.691711496241634,7.904109589041096,8.499979533496676,5.914134511160512,11.169810644288713,1.4931506849315068,1.7103961036908022,0.9530909233779672,2.507504720752034,2.6164383561643834,2.7855631615601535,1.8560400904782657,3.7447071071278257,0.5168649692182576,0.614021655403008,-1.3346638515865348,0.35321060757002987,-0.2782652993767559,2.697652926342443,0.8532338370437536,-1.9558081030371037,0.6864529231700445,0.6570576059751442,-2.1866782950620514,-0.5078076489610308,28.710703072231194,2,0,,
Saddiq Bey,beysa01,NOP,SF,27.81656399726215,72.0,17.65277777777778,17.77633610588213,14.290217891883781,21.315295798599337,5.555555555555555,5.065248629530627,3.8120487312334355,6.298167393434163,2.5277777777777777,2.8330567434031417,1.935094271752584,3.796497912120884,0.9444444444444444,0.8969751684042991,0.6227562172082914,1.1810169464764382,0.09722222222222222,0.13678814616013787,0.0,0.36712290746589454,2.0972222222222223,2.053080429234686,1.5250011572702693,2.634580696821338,0.9444444444444444,1.3316518601955005,0.8771021933755581,1.8060598199804285,31.188888888888886,29.526519288768498,23.041839145254286,34.99847104953932,65.20042126850763,41.38541487201498,80.53611991769067,6.055555555555555,5.883447605686509,4.606303799096718,7.181817441991564,13.430555555555555,12.999399485891812,10.413554463555649,15.66923059668385,3.4444444444444446,3.208482461585805,2.45117728127297,4.005591078647036,4.097222222222222,3.8571658717621817,2.927642800680294,4.816309817329854,0.45259379958834156,0.8318238230496373,0.22986356515199327,-0.015596970626192705,-0.5198474424598739,-0.31213022305256677,-1.025326042281395,0.3604237988382424,0.9231350386488887,-0.5751942827562341,0.4224619105340308,-0.5122106480031072,29.873857659921406,1,0,,
Paolo Banchero,banchpa01,ORL,PF,24.2217659137577,72.0,22.208333333333332,22.620142445386243,19.134024231387894,26.15910213810345,8.38888888888889,7.857213758321466,6.604013860024274,9.090132522225002,5.180555555555555,5.060156779941699,4.1621943082911415,6.023597948659441,0.7083333333333334,0.812485380219796,0.5382664290237883,1.0965271582919351,0.5555555555555556,0.5597535085612392,0.34651200512557057,0.7900882698669959,1.1666666666666667,1.2750596903466849,0.7469804183822683,1.856559957933337,3.0833333333333335,2.903496383553911,2.4489467167339685,3.377904343338839,34.74583333333333,33.34443508300278,26.859754939488568,38.8163868437736,67.37651293308137,43.56150653658872,82.0,7.347222222222222,7.073756049632344,5.796612243042553,8.372125885937399,16.0,15.377795048653269,12.791950026317105,18.047626159445304,6.347222222222222,5.980409311095168,5.223104130782334,6.777517928156399,8.194444444444445,7.716980496052515,6.787457424970627,8.676124441620187,0.4599980704159429,0.7749675296126951,1.2824747444279638,1.3301273550823904,0.6898984316515077,-0.6278966880055773,0.06637899582986222,-0.64908513529405,-1.583410072194564,-0.43115010167736173,-0.5969061306507614,-0.5195686008305898,40.85225440807373,2,0,,
Norman Powell,powelno01,CHI,SG,33.68925393566051,58.0,21.74137931034483,18.26038518858873,14.774266974590383,21.799344881305938,3.5,3.128082777798005,1.762094888654066,4.471964230452858,2.4655172413793105,2.543504919491305,1.6455424478407472,3.5069460882090473,1.103448275862069,0.9741110727417166,0.6998921215457089,1.2581528508138557,0.2413793103448276,0.23196490566770392,0.01872340223203528,0.4622996669734606,2.689655172413793,2.465880304782404,1.9378010328179873,3.047380572369056,1.9137931034482758,1.6675843782430957,1.2130347114231532,2.141992338028024,29.605172413793102,28.04777312542869,20.720084563257632,34.23107861509972,60.11858968897079,32.49318226903931,77.90800012202314,7.258620689655173,6.515658677377624,5.238514870787833,7.814028513682679,15.431034482758621,13.855175790451534,11.26933076811537,16.52500690124357,4.5344827586206895,3.9084503048737127,3.1511451245608777,4.705558921934944,5.482758620689655,4.7629426858725425,3.833419614790655,5.722086631440215,0.4702689288047843,0.8205957036742524,0.3350526334307654,-0.949308922371659,-0.6771300604706906,-0.023847670131604715,-0.7796677517876702,0.8960459764292035,0.38743955593890395,-0.12051376774615549,0.37969609159078277,-0.5522339151181247,27.77998545816846,2,1,unknown,ROSTER_CHANGE
DeMar DeRozan,derozde01,DEN,PF,37.48665297741273,77.0,18.428571428571427,16.944929060071495,13.458810846073145,20.4838887527887,2.935064935064935,2.878557737219052,1.5576850444138115,4.178054114373379,4.103896103896104,3.749678765088601,2.8517162934380433,4.713119933806343,1.0389610389610389,0.9704018258971586,0.6961828747011509,1.2544436039692979,0.2987012987012987,0.3047329370877512,0.09149143365208254,0.5350676983935079,0.6103896103896104,0.6747252484955558,0.1466459765311392,1.256225516082208,1.2467532467532467,1.3340370820908727,0.8794874152709302,1.8084450418758007,31.24155844155844,29.314084333218187,22.32359913850987,35.212848331329134,64.30511950740824,38.2038724968523,81.11304522691285,6.48051948051948,5.951194102576434,4.674050295986643,7.249563938881488,13.051948051948052,12.045901568560675,9.46005654622451,14.715732679352712,4.857142857142857,4.254128811913591,3.496823631600756,5.051237428974822,5.597402597402597,4.9548157985345265,4.025292727452639,5.913959744102199,0.49404306258892355,0.8585846547861222,0.04918987805353718,-1.069579735756046,-0.02194447866796423,-0.037710360391716054,-0.5918480540617624,-1.4280399268876964,0.919331439634307,0.443591973961583,1.1543097479420201,-0.582699516173738,28.515083699231116,2,1,same,ROSTER_CHANGE
Kristaps Porziņģis,porzikr01,GSW,C,31.50171115674196,32.0,16.65625,14.653991082723769,11.16787286872542,18.192950775440973,5.21875,5.343749167914134,3.977761278770195,6.687630620568988,2.53125,2.272495475198771,1.3745330035482135,3.2359366439165136,0.5625,0.6245499036956651,0.3503309524996574,0.9085916817678042,1.1875,1.051959142922793,0.8387176394871244,1.2822939042285497,1.6875,1.490189791574286,0.9621105196098695,2.071690059160938,1.28125,1.327807359108278,0.8732576922883355,1.802215318893206,24.034375,24.268370772266444,16.940682210095385,30.451676261937475,55.826092381007285,28.200684961075815,73.61550281405961,5.40625,4.749256067646663,3.472112261056872,6.047625903951718,12.125,10.538661425624664,7.9528164032885,13.208492536416701,4.15625,3.583953694088038,2.826648513775203,4.38106231114927,4.9375,4.334607244482437,3.4050841734005495,5.293751190050109,0.45065078721467305,0.8268231680390621,-0.4486555676483592,0.1186400029523191,-0.8243405816413838,-1.3302741271783856,1.3367983222939732,-0.3699463561652958,0.9292656802362773,-0.531956151273156,0.4257767589355558,-0.6946920194884546,28.17695307776598,2,1,unknown,ROSTER_CHANGE
Cason Wallace,wallaca01,OKC,SG,23.236139630390145,77.0,8.571428571428571,9.446650385065523,5.9605321710671735,12.985610077782727,3.090909090909091,3.1672025882466825,1.9140026899494906,4.400121352150219,2.5974025974025974,2.816901886163035,1.9189394145124774,3.7803430548807775,1.948051948051948,1.6735936441917065,1.399374692995699,1.9576354222638457,0.36363636363636365,0.3860689355807671,0.17282743214509846,0.6164036968865237,1.3116883116883118,1.4288376689505258,0.9007583969861092,2.010337936537178,0.948051948051948,1.0881990512013122,0.6336493843813698,1.5626070109862402,26.576623376623377,26.38408876062464,19.899408617110428,31.856040521395464,66.6029841447483,42.787977748255656,81.93868279393135,3.272727272727273,3.54438182052151,2.2672380139317188,4.8427516568265645,7.584415584415584,8.110453495211148,5.524608472874984,10.780284606003185,0.7142857142857143,1.0356826448092833,0.2783774644964483,1.8327912618705149,0.8831168831168831,1.3003997420935387,0.3708766710116509,2.2595436876612105,0.4370140119309364,0.7964340589163127,-1.5802666702538677,-0.9304532138977162,-0.5286226530801621,2.5903515559414556,-0.3819137964890816,-0.4495528664045837,1.3113575625927183,-0.6585437140944639,-0.23880727647547592,-0.8664510721611768,22.563435008322205,2,0,,
Myles Turner,turnemy01,MIL,C,30.858316221765914,71.0,11.915492957746478,11.130261854269687,7.644143640271338,14.669221546986892,5.323943661971831,5.479527136242155,4.226327237944964,6.712445900145691,1.4507042253521127,1.2838753936736031,0.3859129220230455,2.2473165623913456,0.704225352112676,0.7258317453925416,0.4516127941965339,1.0098735234646807,1.619718309859155,1.4132560191098227,1.200014515674154,1.6435907804155794,2.0704225352112675,1.8443796595131843,1.3163003875487678,2.4258799270998366,1.1690140845070423,1.0959290108059583,0.6413793439860158,1.5703369705908863,26.921126760563382,25.946111615680355,19.461431472166144,31.41806337645118,63.35189158667939,39.53688519018674,78.68759023586244,4.0,3.7723681518177274,2.4952243452279363,5.070737988122782,9.098591549295774,8.504191907459614,5.91834688512345,11.174023018251651,1.8450704225352113,1.7633538424931872,1.0060486621803522,2.5604624595544188,2.492957746478873,2.3548838776503245,1.4253608065684367,3.3140278232179963,0.4435892549071856,0.7488071319476869,-1.2143998023759555,0.18408484429009087,-1.3613524109562292,-0.9517501682034352,2.2693324138520397,0.08962730066871076,1.2990309665674031,-0.5735886739293498,-0.634831042456567,-0.8938465725432923,24.952841790971814,2,0,,
Kyshawn George,georgky01,WAS,SF,23.140314852840522,48.0,14.791666666666666,13.930663542464607,10.444545328466258,17.469623235181814,5.104166666666667,4.913820951451208,3.660621053154016,6.146739715354744,4.458333333333333,4.187063275110993,3.2891008034604354,5.150504443828735,1.0,0.9992328308959904,0.7250138796999827,1.2832746089681295,0.8958333333333334,0.7692327666580385,0.5559912632223699,0.9995675279637952,2.0625,2.032574235124095,1.5044949631596785,2.6140745027107473,2.6041666666666665,2.228892464202549,1.7743427973826065,2.703300423987477,28.979166666666668,27.180358173824743,20.695678030310532,32.652309934595564,60.39132037874277,36.57631398225011,75.72701902792582,5.270833333333333,5.082535878655366,3.805392072065575,6.380905714960421,12.020833333333334,11.472741084781877,8.886896062445713,14.142572195573914,2.1875,2.128463111642745,1.3711579313299098,2.9255717287039764,2.7291666666666665,2.675746027872525,1.746222956790637,3.634889973440197,0.4430097254959534,0.7954652980780382,-0.6058424165414406,-0.08858495599737717,0.21563986766530652,0.07004070308169758,0.607060530946244,0.33381629967404275,-0.5076515409416457,-0.7404903228056643,-0.18489247456115437,-0.9009043094799911,29.184347925332087,2,0,,
Neemias Queta,quetane01,BOS,C,27.5564681724846,76.0,10.210526315789474,8.992351712019106,5.506233498020757,12.53131140473631,8.368421052631579,7.7396455245974805,6.486445626300289,8.972564288501015,1.6578947368421053,1.6794655575688244,0.7815030859182668,2.642906726286567,0.7894736842105263,0.7228609055993042,0.44864195440329646,1.0069026836714432,1.3157894736842106,1.1439395730641455,0.9306980696284769,1.3742743343699022,0.013157894736842105,0.05325493559125491,0.0,0.6347552031779071,0.9868421052631579,0.9653418696993399,0.5107922028793974,1.4397498294842679,25.346052631578946,23.356372353143307,16.871692209629096,28.82832411391413,64.05980665937562,40.244800262882976,79.39550530855867,4.2894736842105265,3.5103285831219004,2.2331847765321093,4.808698419426955,6.565789473684211,5.63847592765584,3.0526309053196754,8.308307038447877,1.618421052631579,1.5579851569958492,0.8006799766830142,2.3550937740570808,2.3026315789473686,2.164145886069958,1.23462281498807,3.1232898316376296,0.6225669184653764,0.7199076397872218,-1.6789906547531845,1.2734595871287557,-1.1464704744649117,-0.9628531854983037,1.5742066491198712,-2.2344192453510785,1.507272020447503,1.5684554577695846,-0.8559613120801906,-0.9553011576819541,25.434184244180326,2,0,,
John Collins,collijo01,DET,PF,29.357973990417523,69.0,13.55072463768116,13.476978487737592,9.990860273739242,17.015938180454796,5.318840579710145,5.28189778942385,3.9159099002799107,6.625779242078703,1.0144927536231885,1.2242664386636701,0.3263039670131125,2.1877076073814123,0.8695652173913043,0.8214780772466643,0.5472591260506566,1.1055198553188035,0.7391304347826086,0.7059624528759352,0.49272094944026656,0.9362972141816919,1.289855072463768,1.246913856683476,0.7188345847190595,1.8284141242701284,1.3768115942028984,1.276308548469041,0.8217588816490986,1.750716508253969,27.117391304347827,26.117932119293943,18.790243557122885,32.301237608964975,63.984869697957706,36.359462278026236,81.77428013101003,5.27536231884058,5.286812500808646,4.009668694218855,6.585182337113701,9.55072463768116,9.7651958513995,7.1793508290633365,12.435026962191538,1.710144927536232,1.8244644599498512,1.0671592796370162,2.6215730770110826,2.2318840579710146,2.370955546308836,1.441432475226948,3.330099491876508,0.5413933915161534,0.7695059752555142,-0.7044330551847223,0.08882770201966667,-1.3937315974320357,-0.5942879855625465,0.4437551483808974,-0.6856053321492407,1.0113883648299358,1.2478521873036779,-0.4422913577813677,-1.0285259255757353,24.957668534940474,2,1,unknown,ROSTER_CHANGE
Keegan Murray,murrake02,SAC,PF,26.45311430527036,23.0,13.956521739130435,11.552562769165768,8.066444555167418,15.091522461882972,5.739130434782608,5.056238391044545,3.803038492747353,6.2891571549480805,1.6521739130434783,1.23589506563423,0.33793259398367237,2.1993362343519722,1.0434782608695652,0.9473035284008173,0.6730845772048096,1.2313453064729565,1.565217391304348,1.2774007905072011,1.0641592870715324,1.5077355518129578,1.3478260869565217,1.255484767897722,0.7274054959333053,1.836985035484374,1.173913043478261,0.9279818195787465,0.47343215275880396,1.4023897793636746,34.48695652173913,29.74770734171863,23.26302719820442,35.21965910248945,56.87466337397474,33.05965697748209,72.21036202315778,5.478260869565218,4.395520451795399,3.1183766452056076,5.693890288100453,13.043478260869565,10.167896973876084,7.5820519515399205,12.837728084668122,1.6521739130434783,1.421845945868098,0.6645407655552631,2.21895456292933,2.130434782608696,1.8285811490044501,0.8990580779225623,2.787725094572122,0.43229396040190116,0.7775678682032819,-1.1226292746377238,-0.01993989632613082,-1.387415004881896,-0.12403638751969558,1.9186799711146805,-0.6744842771285192,1.5668483014212458,-0.8866520278413365,-0.35110600203830866,-1.0807345978376843,25.220022574015875,2,0,,
Nikola Vučević,vucevni01,ORL,C,36.27378507871321,64.0,15.078125,12.014592094852686,8.528473880854337,15.55355178756989,8.390625,7.412513455067142,6.0465255659232024,8.756394907721996,3.328125,2.640921458572758,1.7429589869222004,3.6043626272905005,0.609375,0.6193513363836486,0.3451323851876409,0.9033931144557877,0.640625,0.5898290524096704,0.3765875489740018,0.8201638137154271,1.5625,1.3267108510164562,0.7986315790520396,1.9082111186031083,1.328125,1.2309481163454612,0.7763984495255187,1.7053560761303892,28.4171875,25.5965568006843,18.268868238513242,31.779862290355332,61.706156358280246,34.08074893834876,79.49556679133258,6.15625,4.9786754873227235,3.7015316807329324,6.277045323627778,12.484375,10.151169796555951,7.565324774219787,12.821000907347988,1.203125,1.2278139510144745,0.47050877070163954,2.024922568075706,1.453125,1.513869437830466,0.5843463667485782,2.473013383398138,0.49045337503977804,0.8110434891756987,-1.0222253362298193,1.1157822654649907,-0.6242140466902033,-1.349702903817653,0.1440062099281459,-0.5820659601638832,1.0837224714642089,0.2808987792167316,-0.14103993465559034,-1.094838455483072,27.267583478826886,2,1,unknown,ROSTER_CHANGE
Collin Gillespie,gilleco01,PHO,PG,27.60574948665298,80.0,12.65,10.735306763198759,7.24918854920041,14.274266455915964,4.0875,3.3687210063146353,2.115521108017443,4.601639770218171,4.6375,4.572255958750709,3.674293487100152,5.535697127468452,1.2375,1.124726416986934,0.8505074657909263,1.4087681950590731,0.2,0.14306387352954772,0.0,0.3733986348353044,2.9,2.756212508934836,2.2281332369704194,3.3377127765214882,1.5625,1.3934431886736998,0.9388935218537573,1.8678511484586278,28.52,26.091261147625456,19.606581004111245,31.56321290839628,66.63439377986884,42.819387383376196,81.97009242905189,4.4,4.107586584198555,2.8304427776087637,5.4059564205036095,10.525,9.699613945209608,7.113768922873444,12.369445056001645,0.95,0.9998850829362923,0.2425799026234573,1.796993699997524,1.0875,1.1913827351646005,0.26185966408271266,2.1505266807322725,0.4234793887056904,0.8392643719133205,-1.300227788681407,-0.8333215432776737,0.42487396228428437,0.5390520109060171,-1.0091279234848483,1.2727620963325221,0.8245993692567093,-1.0208480319500006,-0.04132201998954639,-1.1435598686039432,24.04608359177813,2,0,,
Grayson Allen,allengr01,CHO,SG,31.318275154004105,51.0,16.49019607843137,13.948689910391032,10.462571696392683,17.48764960310824,3.0392156862745097,2.5167290707163117,1.1507411815723725,3.8606105233711654,3.823529411764706,3.6386250644416704,2.7406625927911126,4.602066233159412,1.3529411764705883,1.1681460633711882,0.8939271121751805,1.4521878414433274,0.2549019607843137,0.20441012407577208,0.0,0.4347448853815288,3.1176470588235294,2.857058634719629,2.3289793627552124,3.4385589023062813,1.6274509803921569,1.5107387978024764,1.056189130982534,1.9851467575874044,28.764705882352942,26.657969743242493,19.330281181071435,32.841275232913524,59.446676084982,31.821268665050532,77.23608651803433,5.2745098039215685,4.5619585409021015,3.2848147343123104,5.860328377207156,13.07843137254902,11.07574372653904,8.489898704202876,13.745574837331077,2.823529411764706,2.27076827925216,1.513463098939325,3.0678768963133916,3.2941176470588234,2.7053754394180194,1.7758523683361316,3.6645193849856916,0.41188733267374245,0.8393542153767197,-0.6019250930418726,-1.243980781539277,-0.0822681075837231,0.7013256837707864,-0.8507886911411878,1.4036134475418538,0.6375536842566664,-1.40043590772348,0.2877497219702146,-1.1491560434900192,25.033632156451517,2,1,unknown,ROSTER_CHANGE
Miles Bridges,bridgmi02,PHO,PF,28.867898699520875,77.0,17.064935064935064,15.942135195117347,12.456016981118998,19.48109488783455,5.8441558441558445,5.451162055970054,4.130289363164814,6.750658433124381,3.1948051948051948,2.9389998767021117,2.0410374050515543,3.902441045419854,0.5974025974025974,0.6803431078739435,0.4061241566779358,0.9643848859460826,0.44155844155844154,0.43063452355697396,0.21739302012130532,0.6609692848627307,1.922077922077922,1.8683921002877029,1.3403128283232864,2.449892367874355,1.3896103896103895,1.400360647824027,0.9458109810040845,1.874768607608955,31.0012987012987,29.297447920109402,22.306962725401085,35.19621191822035,67.9899649180253,41.888717907469356,83.34496336786957,6.220779220779221,5.8009237592605905,4.523779952670799,7.099293595565645,13.532467532467532,12.59637466514258,10.010529642806416,15.266205775934617,2.7012987012987013,2.6497667587654794,1.8924615784526444,3.446875375826711,3.2857142857142856,3.2507970966641224,2.321274025582235,4.209941042231795,0.46052327859961517,0.8151129338353957,-0.16872800692700823,0.1704129047199235,-0.4622998396148491,-1.1217563497008953,-0.26688670149524146,0.12078427667277664,0.8135684287565221,-0.3641685247163018,0.09330209222173019,-1.1857717200833433,28.82460172380331,2,1,same,ROSTER_CHANGE
Peyton Watson,watsope01,CLE,SF,24.39151266255989,54.0,14.61111111111111,14.619060744083301,11.132942530084952,18.158020436800506,4.888888888888889,4.712073908835487,3.346086019691548,6.055955361490341,2.0555555555555554,2.284145546570227,1.3861830749196693,3.2475867152879694,0.9259259259259259,0.8991754314130168,0.6249564802170091,1.1832172094851559,1.1296296296296295,0.9506300605091007,0.7373885570734321,1.1809648218148574,1.5,1.4954083513767202,0.9673290794123036,2.0769086189633725,1.7222222222222223,1.6102349775837865,1.155685310763844,2.0846429373687148,29.583333333333332,27.664596650706056,20.336908088534997,33.84790214037709,61.74624746907071,34.12084004913924,79.53565790212303,5.277777777777778,5.143100116059966,3.8659563094701745,6.44146995236502,10.75925925925926,10.552171220131758,7.966326197795594,13.222002330923795,2.5555555555555554,2.3929641094875937,1.6356589291747587,3.1900727265488253,3.5,3.2315569339372323,2.3020338628553443,4.190700879504904,0.48739733356939857,0.7404988240674683,-0.45624630566961044,-0.18582682341472662,-0.8180123406358174,-0.3039071077251563,1.0752604290957224,-0.36317509354909544,0.47889189597394705,0.23354642503380416,-0.8662500141681857,-1.2057189350591184,27.638949252723794,2,1,unknown,ROSTER_CHANGE
Jay Huff,huffja01,IND,C,28.438056125941138,82.0,9.548780487804878,9.213779035978073,5.727660821979724,12.752738728695277,3.951219512195122,4.346138059059404,3.0929381607622126,5.57905682296294,1.475609756097561,1.3721358499736038,0.4741733783230462,2.335577018691346,0.5,0.5861306193438947,0.31191166814788696,0.8701723974160338,1.8658536585365855,1.5753451078145626,1.3621036043788939,1.8056798691203193,1.451219512195122,1.3764706753488607,0.8483914033844441,1.9579709429355128,0.926829268292683,0.897987973910431,0.4434383070904884,1.372395933695359,20.959756097560977,20.839226951831673,14.354546808317462,26.311178712602498,63.910461495057824,40.09545509856517,79.24616014424087,3.548780487804878,3.2231254728060703,1.9459816662162794,4.521495309111125,7.451219512195122,6.781660140168655,4.19581511783249,9.451491250960691,1.0,1.1023799450709053,0.3450747647580703,1.899488562132137,1.2073170731707317,1.357709309402678,0.42818623832079017,2.3168532549703498,0.4752708637985379,0.8119410667927847,-1.6308721173344836,-0.3622075273190727,-1.3134099202264171,-1.4738597825157034,2.6876963993975527,-0.5175008596291443,1.6146780492735826,-0.05991868505509188,-0.1525490597193753,-1.2079435031281522,22.073787689374697,2,0,,
Ayo Dosunmu,dosunay01,MIN,SG,27.041752224503764,69.0,14.81159420289855,13.213042217144082,9.726924003145733,16.75200190986129,3.4347826086956523,3.190927518595866,1.824939629451927,4.53480897125072,3.608695652173913,3.4375485615000705,2.5395860898495126,4.4009897302178125,0.8405797101449275,0.8723702670465574,0.5981513158505497,1.1564120451186966,0.2608695652173913,0.23411246008843156,0.020870956652762923,0.46444722139418826,1.7826086956521738,1.7561263658465662,1.2280470938821497,2.3376266334332185,1.391304347826087,1.3863282393360163,0.9317785725160739,1.8607361991209443,27.259420289855075,26.44634799610279,19.118659433931732,32.62965348577382,66.65067037104748,39.02526295111601,84.44008080409981,5.594202898550725,5.306180203630596,4.029036397040805,6.604550039935651,10.826086956521738,10.38150169203148,7.795656669695315,13.051332802823516,1.8405797101449275,1.8692244998088439,1.1119193194960089,2.6663331168700752,2.101449275362319,2.1960506849225547,1.266527613840667,3.155194630490227,0.5111187534365531,0.8511754818057687,-0.7617892435974032,-0.9190178218265891,-0.19149152181006213,-0.4040869303564759,-0.7741247542064565,-0.02488441344110676,0.8359452378914553,0.7141124752187405,0.280248751651165,-1.245088220476733,24.131598023778178,2,1,unknown,ROSTER_CHANGE
Pascal Siakam,siakapa01,IND,PF,32.83504449007529,62.0,23.951612903225808,20.919300566862976,17.433182352864627,24.458260259580182,6.629032258064516,5.975873955904078,4.722674057606886,7.208792719807613,3.806451612903226,3.7454991181283925,2.8475366464778347,4.7089402868461345,1.1129032258064515,1.0108170818320594,0.7365981306360517,1.2948588599041986,0.4032258064516129,0.4000120644073783,0.18677056097170966,0.6303468257131349,1.6935483870967742,1.537489944099842,1.0094106721354255,2.1189902116864943,2.225806451612903,2.079518343809414,1.6249686769894716,2.5539263035943423,33.1741935483871,30.20885384276995,23.72417369925574,35.680805603540776,61.629355477254684,37.81434908076203,76.96505412643774,9.016129032258064,7.625535509940227,6.348391703350436,8.923905346245283,18.629032258064516,15.794304894171688,13.208459871835524,18.464136004963724,4.225806451612903,3.8230843992743297,3.0657792189614947,4.620193016335561,6.096774193548387,5.436521925288428,4.5069988542065405,6.3956658708561,0.48280285590498845,0.7032224741872076,0.912863523410895,0.42332350179310135,-0.024214834997899604,0.11333490520732271,-0.3459255446364138,-0.3085727652394085,-0.26945179179725753,0.27232568566802834,-2.057466782532927,-1.2837841031245592,35.861567086049355,2,0,,
Anthony Black,blackan01,ORL,PG,23.033538672142367,64.0,14.984375,14.162987614165964,10.676869400167615,17.70194730688317,3.8125,3.6917321047551,2.438532206457908,4.924650868658636,3.6875,4.019879458031114,3.1219169863805565,4.983320626748856,1.421875,1.3024995114458058,1.0282805602497982,1.586541289517945,0.703125,0.6195111548738489,0.4062696514381803,0.8498459161796056,1.5625,1.6220274900883,1.0939482181238835,2.2035277576749523,2.0625,1.854029976188952,1.3994803093690096,2.3284379359738803,29.8359375,28.722783919279202,22.23810377576499,34.19473568005002,63.230331941501476,39.41532554500883,78.56603059068452,5.390625,5.23717483401964,3.9600310274298485,6.535544670324694,12.0625,11.652491849898386,9.066646827562222,14.322322960690423,2.640625,2.5791064051830555,1.8218012248702204,3.376215022244287,3.609375,3.484621701667536,2.555098630585648,4.443765647235208,0.44944677082656015,0.7401395692246439,-0.5553558987190135,-0.6776305254484365,0.12482673416775607,1.2034492452611583,0.22061792257034832,-0.19888236281267685,0.09012369866126319,-0.6018289850637443,-0.9156011998343982,-1.3102813712177435,28.53488734968877,2,0,,
Ja Morant,moranja01,POR,PG,27.479808350444902,20.0,19.45,19.602869008236926,16.116750794238577,23.141828700954132,3.25,3.2921542810362423,1.9261663918923033,4.636035733691096,8.05,7.653264541711334,6.755302070060776,8.616705710429075,1.0,1.052091072308543,0.7778721211125353,1.3361328503806822,0.3,0.2859901363264717,0.07274863289080305,0.5163248976322283,1.0,1.1843762642796563,0.6562969923152396,1.7658765318663083,3.55,3.123689405796349,2.6691397389764067,3.5980973655812774,28.43,28.24272930506362,20.91504074289256,34.42603479473465,52.91096324739866,25.28555582746719,70.70037368045101,6.6,6.258268946132021,4.98112513954223,7.5566387824370755,16.1,14.760927539099452,12.175082516763288,17.430758649891487,5.25,4.681842351184769,3.924537170871934,5.478950968246,5.85,5.430420294944358,4.50089722386247,6.38956424051203,0.42397531791649395,0.8621510116893707,0.626788796587004,-0.8702266262546965,2.0984572590325445,0.26758954765953225,-0.6402246159231104,-0.7667500306067814,-1.9345413292252431,-1.4696275390213696,1.3707446648510997,-1.3177898729010202,35.923905178156105,2,1,unknown,ROSTER_CHANGE
Josh Hart,hartjo01,NYK,SF,31.90965092402464,66.0,12.0,10.869770788918094,7.383652574919745,14.408730481635299,7.363636363636363,6.3486947244768,5.095494826179609,7.581613488380336,4.803030303030303,4.318377718185076,3.4204152465345183,5.281818886902818,1.1363636363636365,1.037466483595229,0.7632475323992213,1.3215082616673681,0.25757575757575757,0.23596238130413832,0.022720877868469685,0.46629714260989497,1.5151515151515151,1.4120745073951904,0.8839952354307737,1.9935747749818424,1.9393939393939394,1.730960196636707,1.2764105298167645,2.205368156421635,30.207575757575757,26.680751191746026,20.196071048231815,32.15270295251685,65.8373663100004,42.022359913507756,81.17306495918345,4.5606060606060606,4.2736027451131635,2.9964589385233724,5.571972581418218,8.969696969696969,8.50009667304378,5.914251650707616,11.169927783835817,1.3636363636363635,1.295104341260975,0.5377991609481401,2.0922129583222064,1.893939393939394,1.7572075684905266,0.8276844974086388,2.7163515140581986,0.5027710753768214,0.7370241082978566,-1.2710073106601667,0.6030227294890319,0.28696899662846137,0.21293259113704108,-0.7693499700495903,-0.4713036508098952,0.2863771764353637,0.4204039745644957,-0.6319247683450854,-1.333880231610344,27.055097433629264,2,0,,
Ajay Mitchell,mitchaj01,OKC,SG,24.605065023956193,57.0,13.578947368421053,12.300500791458632,8.814382577460282,15.839460484175836,3.3333333333333335,3.1236723223382703,1.8704724240410784,4.3565910862418065,3.6140350877192984,3.630429350615314,2.7324668789647566,4.5938705193330565,1.2456140350877194,1.1483341560311398,0.874115204835132,1.432375934103279,0.3157894736842105,0.2888484591671959,0.07560695573152729,0.5191832204729526,1.0701754385964912,1.2112069656601268,0.6831276936957101,1.7927072332467788,1.4210526315789473,1.3630242475996635,0.908474580779721,1.8374322073845915,25.83859649122807,25.089472637161077,18.604792493646865,30.5614243979319,61.77932462219823,37.96431822570558,77.11502327138128,5.017543859649122,4.785587978647946,3.508444172058155,6.083957814953001,10.350877192982455,9.918537987685788,7.332692965349624,12.588369098477825,2.473684210526316,2.339286766904383,1.581981586591548,3.1363953839656147,2.8421052631578947,2.755478090588047,1.8259550195061591,3.7146220361557187,0.4824892524068992,0.8489585799628534,-0.960094303482864,-0.9514347573752608,-0.0867199646283856,0.6272819906905954,-0.6328470722205886,-0.7319362635710421,0.873106996374468,0.11536162438994231,0.40368817950266717,-1.343593570320468,24.443075202182868,2,0,,
Brandin Podziemski,podzibr01,GSW,SG,23.93429158110883,82.0,13.817073170731707,14.481647263695544,10.995529049697195,18.02060695641275,5.109756097560975,4.675880417228967,3.4226805189317755,5.908799181132503,3.707317073170732,3.8893186367548753,2.9913561651043175,4.852759805472617,1.0731707317073171,1.0549591343438318,0.7807401831478241,1.339000912415971,0.18292682926829268,0.21021851311080167,0.0,0.44055327441655834,1.8658536585365855,1.9126680787516042,1.3845888067871877,2.4941683463382565,1.5975609756097562,1.7404466052940837,1.2858969384741412,2.214854565079012,28.450000000000003,27.84830320020278,21.363623056688567,33.3202549609736,69.02486202883807,45.20985563234542,82.0,4.804878048780488,4.919045426966464,3.6419016203766725,6.217415263271518,10.560975609756097,10.77706594871725,8.191220926381087,13.446897059509288,2.341463414634146,2.372177176876367,1.614871996563532,3.1692857939375987,2.9390243902439024,2.9885959507643074,2.05907287968242,3.9477398963319796,0.4564364225266671,0.7937430204540374,-0.48610773189132434,-0.20327204921105213,0.05390696753481765,0.27830845025840495,-0.8357968073215414,0.17823389670558096,0.2712496553057254,-0.417802348247888,-0.19192481539744585,-1.3532047822647226,27.981768056572434,2,0,,
Derik Queen,queende01,NOP,C,22.09719370294319,81.0,11.703703703703704,11.839251476680916,8.353133262682567,15.37821116939812,7.061728395061729,7.18879629585351,5.935596397556318,8.421715059757044,3.6790123456790123,3.553134855789847,2.6551723841392896,4.516576024507589,1.037037037037037,1.045051265353504,0.7708323141574963,1.3290930434256432,0.9135802469135802,0.9167639135236477,0.7035224100879791,1.1470986748294043,0.2839506172839506,0.4701958008347214,0.0,1.0516960684213736,2.345679012345679,2.192739426838228,1.7381897600182854,2.667147386623156,24.98024691358025,25.25094955375923,18.76626941024502,30.722901314530056,63.80278740309947,39.987781006606824,79.13848605228252,4.37037037037037,4.5011885298407845,3.2240447232509934,5.799558366145839,9.234567901234568,9.520679621212215,6.934834598876051,12.190510732004253,2.6790123456790123,2.8314993988726296,2.0741942185597946,3.628608015933861,3.3703703703703702,3.5728459113976343,2.6433228403157463,4.531989856965306,0.4727801700008968,0.7925053218332041,-1.0603287371365655,1.0079508244030493,-0.12870581828225375,0.24127944552872807,0.9878493865565587,-1.6934239897879508,-0.45000002534895694,-0.07721407477876291,-0.1884472963857163,-1.36104028523187,29.488215425183125,1,0,,
Santi Aldama,aldamsa01,DAL,PF,26.05886379192334,43.0,14.0,13.48756674076338,10.001448526765031,17.026526433480587,6.674418604651163,6.219572641776484,4.853584752632544,7.5634540944313375,2.9302325581395348,2.809347124612797,1.9113846529622391,3.7727882933305392,0.8604651162790697,0.8577264724120064,0.5835075212159987,1.1417682504841455,0.7209302325581395,0.661528224629632,0.4482867211939634,0.8918629859353887,1.627906976744186,1.5327012926135068,1.0046220206490903,2.114201560200159,1.2790697674418605,1.3570798620644122,0.9025301952444698,1.8314878218493402,27.86046511627907,26.518129747599048,19.19044118542799,32.701435237270076,60.966679981837906,33.34127256190642,78.75609041489025,5.3023255813953485,4.982591437332042,3.705447630742251,6.2809612736370966,11.069767441860465,10.439392869919208,7.8535478475830445,13.109223980711246,1.7674418604651163,1.839530814809782,1.082225634496947,2.6366394318710134,2.6511627906976742,2.6238050351900473,1.6942819641081595,3.5829489807577195,0.47728747250132014,0.7010927984885665,-0.702132113998645,0.5407860181905546,-0.5327263491267487,-0.45881566580024824,0.3290671026135157,-0.3147862068821217,0.8825862230275706,0.021131526913067866,-1.1701305023726774,-1.4050199674357322,28.36575882687486,2,1,unknown,ROSTER_CHANGE
Bilal Coulibaly,coulibi01,WAS,SG,22.518822724161534,56.0,11.732142857142858,13.11006932918379,9.623951115185442,16.649029021900997,4.339285714285714,4.362080182384793,3.1088802840876015,5.594998946288329,2.5892857142857144,2.8652397543831185,1.9672772827325609,3.828680923100861,1.3392857142857142,1.2570445879639591,0.9828256367679514,1.5410863660360983,0.9642857142857143,0.8603019119128972,0.6470604084772286,1.0906366732186539,1.1607142857142858,1.2940501874068098,0.7659709154423932,1.875550454993462,1.4464285714285714,1.5818825590798997,1.1273328922599573,2.0562905188648277,26.205357142857142,26.49321066270633,20.008530519192117,31.965162423477153,62.49452464348835,38.6795182469957,77.83022329267139,4.107142857142857,4.2837604345540505,3.0066166279642594,5.582130270859105,9.660714285714286,9.915912154408584,7.33006713207242,12.585743265200621,2.357142857142857,2.388669579698436,1.631364399385601,3.1857781967596677,3.1607142857142856,3.171309343408404,2.2417862723265163,4.130453288976076,0.43200871163925186,0.7532124182912991,-0.7841663589137912,-0.3545234402432024,-0.502365845714889,1.033569064342384,0.8421167637470135,-0.6244443057022712,0.524104138613355,-0.8735644996048311,-0.6956217056123677,-1.4348961890885998,27.412582120170892,2,0,,
Stephon Castle,castlst01,SAS,PG,22.250513347022586,68.0,16.66176470588235,17.016558405803067,13.530440191804718,20.555518098520274,5.323529411764706,5.104684364500578,3.8514844662033862,6.337603128404114,7.382352941176471,7.32456010500639,6.426597633355833,8.288001273724133,1.1470588235294117,1.1800687984813134,0.9058498472853057,1.4641105765534526,0.27941176470588236,0.2953565522671949,0.08211504883152629,0.5256913135729516,1.1911764705882353,1.3523662390255065,0.8242869670610898,1.9338665066121585,3.1911764705882355,2.9536940077877083,2.499144340967766,3.4281019675726365,29.973529411764705,29.552701675336067,23.068021531821856,35.02465343610689,66.23826647600315,42.4232600795105,81.57396512518619,5.661764705882353,5.911947343345182,4.634803536755391,7.210317179650237,12.014705882352942,12.55159760254107,9.965752580204907,15.221428713333108,4.147058823529412,4.081185875861213,3.3238806955483784,4.8782944929224445,5.647058823529412,5.518222257210838,4.588699186128951,6.47736620277851,0.4710115421600441,0.7395834538067394,0.06475570476018376,0.003411013142660144,1.9199072030934536,0.7458849139356681,-0.6160492002023396,-0.5487772030533932,-1.663457817203306,-0.10328267779989747,-1.2873281012081015,-1.4849361645350718,35.60160184517116,2,0,,
RJ Barrett,barrerj01,TOR,SF,26.633812457221083,57.0,19.263157894736842,19.57983676808212,16.09371855408377,23.118796460799327,5.2631578947368425,5.306951676756738,4.053751778459547,6.539870440660274,3.3157894736842106,3.548646834646876,2.6506843629963184,4.512088003364618,0.7368421052631579,0.7981689898203712,0.5239500386243635,1.0822107678925104,0.3333333333333333,0.3652881418272318,0.15204663839156315,0.5956229031329885,1.6842105263157894,1.6856388924102867,1.1575596204458702,2.267139159996939,1.736842105263158,1.846149180823787,1.3915995140038446,2.3205571406087153,30.280701754385966,29.837303538002434,23.352623394488223,35.30925529877326,64.57276673706318,40.75776034057053,79.90846538624622,7.035087719298246,6.912947850751326,5.635804044161535,8.21131768705638,14.31578947368421,14.137110163140028,11.551265140803864,16.806941273932065,3.508771929824561,3.4405239787493107,2.6832187984364757,4.237632595810542,4.894736842105263,4.736530623758064,3.8070075526761764,5.695674569325736,0.48899299580869043,0.7263806047177049,0.6217836432486072,0.10090364999256711,-0.13114368140988972,-0.681401804830367,-0.4355505697413832,-0.11634435868631979,0.10269082524316353,0.4026666555763065,-1.3956598948349876,-1.532055535442303,32.91537124627954,2,0,,
Donte DiVincenzo,divindo01,MIN,SG,30.001368925393567,82.0,12.195121951219512,10.766338768053789,7.28022055405544,14.305298460770993,4.097560975609756,3.5182390898840694,2.2650391915868777,4.751157853787605,3.817073170731707,3.46524550350114,2.5672830318505824,4.428686672218882,1.2682926829268293,1.145169835016408,0.8709508838204002,1.429211613088547,0.4146341463414634,0.34218821219751433,0.1289467087618457,0.572522973503271,2.975609756097561,2.7403726247835296,2.212293352819113,3.3218728923701817,1.4390243902439024,1.3229515989274172,0.8684019321074747,1.7973595587123452,30.41219512195122,28.004127240361658,21.519447096847447,33.47607900113248,67.52017666953296,43.70517027304031,82.0,4.134146341463414,3.8511138005594843,2.573969993969693,5.149483636864539,10.182926829268293,9.33046731040674,6.744622288070577,12.000298421198778,0.9512195121951219,0.9791934852603242,0.22188830494748923,1.776302102321556,1.2804878048780488,1.297452586663841,0.3679295155819531,2.256596532231513,0.41274607931632135,0.7547046384008058,-1.2934842004914022,-0.7612539804998186,-0.17644672779022433,0.615455869661431,-0.49517320506456447,1.2522092964300169,0.9370089282228911,-1.1849021407685423,-0.45388429285985826,-1.5604704531600713,23.325216473880733,2,0,,
Deandre Ayton,aytonde01,WAS,C,28.528405201916495,72.0,12.458333333333334,11.060487175558567,7.574368961560218,14.599446868275772,7.986111111111111,7.571255670874011,6.205267781730072,8.915137123528865,0.8194444444444444,0.8575255134065743,0.0,1.8209666821243167,0.5694444444444444,0.5931884734750238,0.3189695222790161,0.8772302515471629,0.9722222222222222,0.9229696855320932,0.7097281820964246,1.15330444683785,0.0,0.007402358357467996,0.0,0.5889026259441201,1.1527777777777777,1.0487666398371713,0.5942169730172289,1.5231745996220993,27.195833333333333,25.357244648406347,18.02955608623529,31.54055013807738,65.48243795923588,37.85703053930441,83.2718483922882,5.597222222222222,5.080332519621738,3.803188713031947,6.378702355926793,8.347222222222221,7.915478793516865,5.329633771180701,10.585309904308902,1.2638888888888888,1.4201743988749396,0.6628692185621046,2.217283015936171,1.9583333333333333,2.086897523865133,1.1573744527832452,3.0460414694328053,0.6418225166344657,0.6805194709535336,-1.229562590004916,1.1922958505113421,-1.5929428200617657,-1.447482232079976,1.0038669453668831,-2.29391455705274,1.3742385386973872,2.5566940194864842,-1.1624232501559844,-1.5992300952932852,24.93199008790142,2,1,unknown,ROSTER_CHANGE
Kelly Oubre Jr.,oubreke01,IND,SF,31.148528405201915,50.0,14.1,12.783749679861174,9.297631465862825,16.32270937257838,5.04,4.583747931420036,3.2628752386147957,5.883244308574363,1.6,1.7103371080416627,0.8123746363911051,2.673778276759405,1.36,1.1416194618595528,0.8674005106635451,1.425661239931692,0.48,0.44004464614962924,0.2268031427139606,0.6703794074553859,1.72,1.604746235760608,1.0766669637961912,2.18624650334726,1.38,1.219878822498211,0.7653291556782684,1.694286782283139,31.484,28.519396086687347,21.52891089197903,34.418160084798295,60.669842954110266,34.56859594355433,77.47776867361488,5.08,4.654154061246567,3.377010254656776,5.952523897551622,10.88,9.960452207543785,7.374607185207621,12.630283318335822,2.22,1.9153856146707002,1.1580804343578652,2.712494231731932,2.9,2.4903463124448733,1.5608232413629854,3.4494902580125455,0.46726332944217464,0.7691241997544868,-0.85507912602693,-0.24767981278321954,-1.1297012543134977,0.602186943261047,-0.24259847565724887,-0.22130539058665616,1.1013741437263185,-0.18318791490871136,-0.4532554078639255,-1.6292462951528235,24.37486636115705,2,1,same,ROSTER_CHANGE
Shaedon Sharpe,sharpsh01,POR,SG,23.67693360711841,50.0,20.84,18.903218378827873,15.417100164829524,22.44217807154508,4.34,4.232639736097882,2.9794398378006903,5.465558500001418,2.64,2.9449263138325485,2.0469638421819907,3.908367482550291,1.4,1.2558170152764854,0.9815980640804777,1.5398587933486245,0.12,0.21592877293850826,0.002687269502839623,0.4462635342442649,2.06,2.032342973646704,1.5042637016822873,2.613843241233356,2.94,2.4654370256647526,2.01088735884481,2.939844985449681,29.421999999999997,28.80932104511825,22.324640901604038,34.281272805889074,58.52394686785034,34.70894047135769,73.85964551703339,7.84,7.189046926571669,5.911903119981878,8.487416762876725,17.36,15.854906880132043,13.26906185779588,18.52473799092408,3.1,3.016358870378022,2.259053690065187,3.8134674874392536,3.94,3.8408270999753396,2.9113040288934515,4.799971045543011,0.45342725636442194,0.7853409674175098,0.47474719490339223,-0.4169136024635707,-0.4590806385241475,1.0289812165524241,-0.8210582022796468,0.33351622987400026,-0.8848578137114752,-0.6462054315721636,-0.2893573394714398,-1.6802283866926269,30.349575871874382,2,0,,
Andrew Nembhard,nembhan01,IND,PG,27.044490075290895,57.0,16.94736842105263,15.183990326909163,11.697872112910813,18.722950019626367,2.807017543859649,2.464745627329921,1.2115457290327292,3.697664391233457,7.666666666666667,7.213127140375998,6.315164668725441,8.17656830909374,0.8947368421052632,0.9728575755498191,0.6986386243538114,1.2568993536219581,0.14035087719298245,0.10389452115040326,0.0,0.3342292824561599,1.8771929824561404,1.8942764664561915,1.3661971944917748,2.4757767340428436,2.4035087719298245,2.1898060562018133,1.7352563893818709,2.6642140159867416,31.32982456140351,29.139375628836483,22.65469548532227,34.611327389607304,64.98603270058128,41.17102630408863,80.32173134976432,5.842105263157895,5.363965614132101,4.08682180754231,6.662335450437156,13.210526315789474,12.043303231046542,9.457458208710378,14.713134341838579,3.3859649122807016,3.075463366626366,2.318158186313531,3.872571983687598,4.105263157894737,3.765128618275691,2.8356055471938033,4.724272563843363,0.44538989936783163,0.8168282357469187,-0.33348103540344004,-1.2690367478827598,1.859377560513439,-0.028532406424819787,-1.1102269333165713,0.15437014089895187,-0.4453223198140056,-0.7140697244275989,0.18109138843613523,-1.7058300774206694,30.001826024167915,2,0,,
Devin Vassell,vassede01,SAS,SG,26.442162902121833,67.0,13.91044776119403,13.524502644971639,10.03838443097329,17.063462337688843,4.014925373134329,3.686294864333643,2.4330949660364514,4.919213628237179,2.4925373134328357,2.452216972266848,1.5542545006162902,3.4156581409845903,0.8507462686567164,0.8634708483971164,0.5892518972011087,1.1475126264692554,0.373134328358209,0.34433756382639064,0.131096060390722,0.5746723251321473,2.4776119402985075,2.3922164136790602,1.8641371417146435,2.9737166812657123,0.8955223880597015,1.0288741365159066,0.5743244696959642,1.5032820963008346,30.51194029850746,29.25085567034841,22.7661755268342,34.722807431119236,67.38889235509998,43.573885958607335,82.0,4.925373134328358,4.848556499615558,3.571412693025767,6.146926335920613,11.26865671641791,10.99846752016532,8.412622497829156,13.668298630957358,1.5820895522388059,1.6988319070824673,0.9415267267696323,2.495940524143699,1.9402985074626866,2.1091970662072757,1.1796739951253878,3.0683410117749474,0.44083927972018766,0.8054401052895829,-0.694105545023499,-0.6802512697494406,-0.7267170640623779,-0.43734702045084667,-0.489625568755538,0.8004645189245355,1.4059601601436478,-0.7625390383213573,-0.12563927655668114,-1.7098001038515571,24.220933040726894,2,0,,
Julian Champagnie,champju02,SAS,SF,25.593429158110883,82.0,11.109756097560975,11.298962379194968,7.812844165196619,14.837922071912173,5.7682926829268295,5.303015725500917,4.049815827203726,6.535934489404453,1.548780487804878,1.7514160378644592,0.8534535662139016,2.7148572065822014,0.7560975609756098,0.7614644946095138,0.4872455434135061,1.0455062726816529,0.4634146341463415,0.41887823195275536,0.20563672851708673,0.649212993258512,2.3780487804878048,2.3145405091160223,1.7864612371516055,2.8960407767026743,0.8414634146341463,0.952306044909247,0.49775637808930445,1.426714004694175,27.63170731707317,26.33328694144822,19.848606797934007,31.805238702219043,68.81608501895732,45.001078622464675,82.0,3.6707317073170733,3.9204693908734853,2.6433255842836942,5.21883922717854,8.402439024390244,8.890756001484243,6.3049109791480795,11.56058711227628,1.3902439024390243,1.44738261154284,0.6900774312300051,2.2444912286040717,1.646341463414634,1.7503408957737143,0.8208178246918265,2.7094848413413866,0.4409601827132578,0.8269146970385128,-1.1777393651000394,0.09900652552810235,-1.1073874538327266,-0.8185787222976895,-0.29723056393582487,0.6996773345941161,1.5280596253332621,-0.6397885221803651,-0.0060011557215754715,-1.719982297612741,22.87842744137032,2,0,,
Kyle Filipowski,filipky01,UTA,C,23.236139630390145,77.0,11.415584415584416,12.115642022109181,8.629523808110832,15.654601714826386,7.1688311688311686,7.0530121791302,5.799812280833009,8.285930943033737,2.5714285714285716,2.861738206676182,1.9637757350256242,3.8251793753939243,0.948051948051948,0.93869423088423,0.6644752796882223,1.2227360089563692,0.5064935064935064,0.5805459871972725,0.36730448376160385,0.8108807485030292,0.961038961038961,0.9955162684186094,0.4674369964541928,1.5770165360052615,1.6233766233766234,1.7315542493873484,1.277004582567406,2.2059622091722764,23.39090909090909,23.633534883344385,17.148854739830174,29.10548664411521,65.23177033138394,41.41676393489129,80.56746898056699,4.194805194805195,4.239541084812318,2.962397278222527,5.537910921117373,8.532467532467532,8.675804391629566,6.0899593692934015,11.345635502421603,2.064935064935065,2.159685533588875,1.40238035327604,2.9567941506501065,2.7532467532467533,2.8580656737367747,1.9285426026548869,3.817209619304447,0.4886625946641485,0.755645873863072,-1.0002661009425349,0.9425030195450609,-0.5042678630567119,-0.15621219835975805,0.12004592863239355,-1.0118024355007853,0.28542986899141765,0.1900385632258669,-0.62888573994028,-1.7634169574053309,27.69803035193685,2,0,,
Collin Sexton,sextoco01,LAL,SG,28.076659822039698,68.0,15.441176470588236,15.444145024535512,11.958026810537163,18.98310471725272,2.2794117647058822,2.6380250992770113,1.2720372101330721,3.981906551931865,3.2794117647058822,3.485649953255511,2.587687481604953,4.449091121973253,1.1176470588235294,1.0697168250989149,0.7954978739029072,1.353758603171054,0.14705882352941177,0.19794954558648073,0.0,0.4282843068922374,1.6470588235294117,1.6637816732351212,1.1357024012707044,2.2452819408217732,2.073529411764706,2.0227248762892813,1.5681752094693389,2.4971328360742095,23.724999999999998,25.059360841420624,17.731672279249565,31.242666331091655,63.321442035788166,35.696034615856696,81.11085246884049,5.294117647058823,5.385329656713618,4.108185850123827,6.683699493018673,10.911764705882353,11.143405317086145,8.557560294749981,13.813236427878183,3.2058823529411766,3.0348068710207095,2.2775016907078744,3.831915488081941,3.75,3.6019103001233663,2.6723872290414787,4.561054245691039,0.48327504057097437,0.842554816236475,-0.27694662344123716,-1.1855162203014833,-0.16536316688191927,0.3334628534204313,-0.8674639244175811,-0.14470485980117972,-0.17888597168912249,0.163340932503042,0.5281295479081943,-1.7939474327008553,25.618524309318097,2,1,unknown,ROSTER_CHANGE
Zach LaVine,lavinza01,SAC,SG,31.89869952087611,39.0,19.17948717948718,17.278792851925303,13.792674637926954,20.81775254464251,2.769230769230769,2.52937448632909,1.2761745880318982,3.762293250232626,2.282051282051282,2.1718110497391425,1.2738485780885849,3.135252218456885,0.717948717948718,0.7045916534838477,0.43037270228783997,0.9886334315559868,0.2564102564102564,0.24856617401303485,0.03532467057736621,0.4789009353187915,2.5384615384615383,2.353678612341479,1.825599340377062,2.935178879928131,1.8974358974358974,1.6198948980350623,1.1653452312151198,2.0943028578199905,31.387179487179484,29.399541102586866,22.914860959072655,34.87149286335769,58.89090142680895,35.0758950303163,74.226600075992,6.717948717948718,6.217355879726697,4.940212073136906,7.515725716031752,14.025641025641026,13.021690769437715,10.43584574710155,15.691521880229752,3.2051282051282053,2.875419814148234,2.118114633835399,3.6725284312094657,3.641025641025641,3.3667717644004966,2.437248693318609,4.325915709968169,0.47746149020210277,0.8540584320423172,0.12174206842388176,-1.237885704196323,-0.879031689489584,-1.0311314624568806,-0.7368186442656035,0.7504603830351653,0.46348768390432826,0.06375462405031528,0.6278550076242931,-1.8575677333704075,24.811337394584513,2,0,,
Ace Bailey,baileac01,UTA,SF,20.470910335386723,72.0,13.791666666666666,15.889395730690223,12.403277516691874,19.428355423407428,4.194444444444445,4.537286123820094,3.284086225522902,5.770204887723629,1.8194444444444444,2.2522458242569927,1.354283352606435,3.215686992974735,0.8333333333333334,0.8933708597318113,0.6191519085358036,1.1774126378039504,0.6805555555555556,0.6675715207238223,0.4543300172881537,0.897906282029579,1.9027777777777777,1.957825639288767,1.4297463673243502,2.539325906875419,1.4861111111111112,1.6910800649969555,1.236530398177013,2.1654880247818835,27.608333333333334,27.749677152832536,21.264997009318325,33.22162891360336,64.34991200180114,40.534905605308495,79.68561065098419,5.486111111111111,5.715171089602348,4.438027283012557,7.013540925907403,12.38888888888889,12.829201471247865,10.243356448911701,15.499032582039902,0.9166666666666666,1.4242161437734113,0.6669109634605763,2.221324760834643,1.2222222222222223,1.8721974672945736,0.9426743962126858,2.831341412862246,0.44548143564592785,0.7607189779139486,-0.1801888593959161,-0.2700743563464169,-0.8353400568679598,-0.32560072442991206,0.34466529901279713,0.23682740010118655,0.3499721106008844,-0.7496627202869062,-0.4775656872197742,-1.906967594832017,27.70425489202977,1,0,,
Moses Moody,moodymo01,GSW,SG,24.673511293634498,60.0,12.133333333333333,12.590140754021734,9.104022540023385,16.12910044673894,3.3333333333333335,3.29497114739071,2.041771249093518,4.5278899112942455,1.6333333333333333,1.9429752864858334,1.0450128148352757,2.906416455203576,0.9666666666666667,0.9358107821456553,0.6615918309496476,1.2198525602177943,0.5666666666666667,0.5144653646691899,0.3012238612335213,0.7448001259749466,2.5166666666666666,2.416831903950173,1.8887526319857564,2.998332171536825,0.95,1.1318076922871099,0.6772580254671674,1.6062156520720379,25.663333333333334,25.81783399140859,19.33315384789438,31.289785752179416,63.83775102490874,40.02274462841609,79.17344967409178,4.083333333333333,4.299544326676051,3.0224005200862596,5.597914162981105,9.283333333333333,9.676705946807692,7.090860924471528,12.346537057599729,1.45,1.5324447365709848,0.7751395562581498,2.3295533536322166,1.8833333333333333,1.9827753667531156,1.0532522956712278,2.9419193123207874,0.44431900176675865,0.7728786438780669,-0.897152426539409,-0.8688688995637764,-1.00333374862613,-0.16698860619101777,-0.05051306968819359,0.8324039725980348,1.2418169531496244,-0.6203732274837029,-0.39236755356424474,-1.925376605908815,22.67758980877676,2,0,,
Wendell Carter Jr.,cartewe01,ORL,C,27.797399041752225,78.0,11.820512820512821,10.678189672352595,7.1920714583542456,14.2171493650698,7.397435897435898,6.857494738773282,5.60429484047609,8.090413502676817,1.9743589743589745,2.038508948904177,1.1405464772536196,3.0019501176219197,0.7692307692307693,0.7480403859779313,0.4738214347819236,1.0320821640500704,0.6282051282051282,0.622873370190222,0.40963186675455343,0.8532081314959787,0.9230769230769231,0.9069886059315573,0.37890933396714066,1.4884888735182096,1.2820512820512822,1.2374471199771755,0.782897453157233,1.7118550797621035,29.33974358974359,27.196198258148016,20.711518114633805,32.66815001891884,67.13655303801818,43.32154664152553,82.0,4.17948717948718,3.8314019982201826,2.5542581916303915,5.129771834525237,8.166666666666666,7.572030369774656,4.986185347438491,10.241861480566692,2.5384615384615383,2.2528481353759333,1.4955429550630983,3.049956752437165,3.2051282051282053,2.851956570712294,1.922433499630406,3.811100516279966,0.5059940083592408,0.7899307298404163,-1.312639946422327,0.8482638140208383,-0.9514405008809742,-0.8687490851169619,0.22929605020534505,-1.1266701526856255,1.073358821919773,0.4081831461784178,-0.24000677512690718,-1.940404627908422,24.840240930764082,2,0,,
CJ McCollum,mccolcj01,ATL,PG,35.370294318959616,76.0,18.736842105263158,16.338480038428422,12.852361824430073,19.87743973114563,3.3157894736842106,2.859400110881781,1.6062002125845891,4.092318874785317,3.8552631578947367,3.789673119876153,2.8917106482255956,4.7531142885938955,0.8421052631578947,0.8328802686889426,0.5586613174929349,1.1169220467610819,0.4605263157894737,0.35872684847227254,0.1454853450366039,0.5890616097780292,2.513157894736842,2.288332952122416,1.7602536801579993,2.869833219709068,1.7763157894736843,1.6502139643389435,1.195664297519001,2.1246219241238715,29.781578947368423,27.715284586824367,21.230604443310156,33.18723634759519,63.85434284271748,40.03933644622482,79.19004149190053,6.907894736842105,5.984481696282387,4.707337889692596,7.282851532587442,15.18421052631579,13.121715881756591,10.535870859420427,15.791546992548628,2.4078947368421053,2.2394920606563526,1.4821868803435176,3.0366006777175842,3.1184210526315788,2.895470235648473,1.9659471645665854,3.854614181216145,0.45607462851735286,0.7734467559307489,-0.08259801252258052,-1.0788136919824498,-0.00021981210687596148,-0.551674200372515,-0.4524857555719009,0.665672119045954,0.41513932229477263,-0.48912414718880054,-0.42857880031144874,-2.002682978715845,27.378877238445494,2,0,,
Tobias Harris,harrito02,SAS,PF,34.548939082819984,63.0,13.26984126984127,11.830823576326933,8.344705362328584,15.369783269044138,5.126984126984127,4.677740775339746,3.311752886195807,6.0216222279946,2.492063492063492,2.3530204754538784,1.4550580038033207,3.316461644171621,0.9206349206349206,0.8455412061607371,0.5713222549647294,1.1295829842328762,0.4126984126984127,0.3972059010440133,0.18396439760834468,0.62754066234977,1.3015873015873016,1.2932989729105562,0.7652197009461396,1.8747992404972083,1.0,1.0160422670961986,0.5614926002762561,1.4904502268811266,27.70952380952381,25.88412850028623,18.556439938115172,32.067433989957266,61.69780155816362,34.07239413823215,79.48721199121594,4.904761904761905,4.4275010760267355,3.1503572694369444,5.72587091233179,10.46031746031746,9.441717594898142,6.855872572561978,12.11154870569018,2.1587301587301586,1.8417749655398414,1.0844697852270064,2.638883582601073,2.492063492063492,2.1788154053371227,1.249292334255235,3.1379593509047945,0.4689296234002114,0.8453102364836952,-1.0621602104673789,-0.20237535851159172,-0.780599939001532,-0.5043560622357579,-0.353168460851013,-0.6254190326054403,1.4264225271773985,-0.14949847432640578,0.22496579120681867,-2.0261892196149027,23.685842274433497,2,1,unknown,ROSTER_CHANGE
Jrue Holiday,holidjr01,POR,PG,36.64065708418891,53.0,16.32075471698113,13.312876305400286,9.826758091401937,16.85183599811749,4.622641509433962,3.7063339844625545,2.4531340861653623,4.939252748366091,6.0754716981132075,5.704707329699907,4.80674485804935,6.66814849841765,1.0188679245283019,0.936127343255759,0.6619083920597513,1.2201691213278982,0.11320754716981132,0.08243094045538366,0.0,0.3127657017611403,2.5849056603773586,2.3930564740744296,1.8649772021100128,2.9745567416610816,2.7547169811320753,2.2611272285438733,1.8065775617239308,2.7355351883288015,29.439622641509434,26.310344324034943,19.825664180520732,31.78229608480577,58.410112134505226,34.59510573801258,73.74581078368827,6.037735849056604,5.192044076659238,3.914900270069447,6.490413912964293,13.377358490566039,11.447703351761374,8.86185832942521,14.117534462553412,1.6603773584905661,1.3229783323477138,0.5656731520348788,2.1200869494089454,1.9811320754716981,1.614922844904332,0.6853997738224442,2.574066790472004,0.45354460341255926,0.8192207674330639,-0.740094223192838,-0.6705924344204507,1.0400139879505055,-0.16580551193990234,-1.1656260304143609,0.8015545264679695,-0.5590547743774209,-0.5009184343919258,-0.07803598857766249,-2.0385588828960866,27.112085703894767,2,0,,
Isaiah Hartenstein,harteis01,OKC,C,28.744695414099933,47.0,9.191489361702128,8.059299380349758,4.573181166351409,11.598259073066963,9.425531914893616,8.740341633033365,7.4871417347361735,9.973260396936901,3.5319148936170213,3.135886114946463,2.2379236432959058,4.099327283664206,1.0212765957446808,0.9115224237147054,0.6373034725186977,1.1955642017868446,0.7659574468085106,0.7570619183523367,0.5438204149166681,0.9873966796580934,0.0,0.0,0.0,0.5764144015259803,1.7446808510638299,1.5620360972846707,1.1074864304647283,2.0364440570695987,24.200000000000003,22.8241013521233,16.33942120860909,28.296053112894125,59.3086063195774,35.493599923084744,74.64430496876045,3.9148936170212765,3.2102416585442706,1.9330978519544797,4.508611494849325,6.297872340425532,5.505235564470945,2.919390542134781,8.175066675262983,1.3617021276595744,1.3951011822556327,0.6377960019427977,2.1922097993168643,2.234042553191489,2.09984776977337,1.1703246986914821,3.058991715341042,0.5831252125271729,0.6643820577556446,-1.881752954962159,1.755794084031052,-0.35535254920233283,-0.2577622872009011,0.5756466668463692,-2.303519374150795,0.5557523398451695,1.0992939702231925,-1.302303338562544,-2.114203443132949,26.695255441325944,2,0,,
Justin Champagnie,champju01,WAS,SF,25.593429158110883,69.0,8.652173913043478,10.51676215851013,7.03064394451178,14.055721851227334,5.565217391304348,5.553058392179373,4.299858493882181,6.785977156082908,1.2173913043478262,1.7102774288507514,0.8123149572001938,2.673718597568494,0.855072463768116,0.8475627538926703,0.5733438026966626,1.1316045319648094,0.6231884057971014,0.5885911200688443,0.3753496166331757,0.818925881374601,0.7681159420289855,0.962180369094381,0.43410109712996436,1.5436806366810332,0.6521739130434783,0.9182962505608874,0.46374658374094485,1.3927042103458154,19.96086956521739,21.18422319367436,14.699543050160148,26.656174954445184,63.0677348932442,39.252728496751544,78.40343354242725,3.36231884057971,3.826232581450144,2.549088774860353,5.124602417755199,6.695652173913044,7.709598938500709,5.123753916164544,10.379430049292745,1.1594202898550725,1.3661811919810742,0.6088760116682392,2.163289809042306,1.4782608695652173,1.7453429515677166,0.8158198804858288,2.7044868971353884,0.4962946337380079,0.7827580194218744,-1.3477198802189168,0.2195268341610288,-1.1297336716516464,-0.49680086539170426,0.1408110145446545,-1.055056922833915,1.5822934140304628,0.2702919224416474,-0.3127955672647911,-2.12918372218318,23.136013743725158,2,0,,
Sandro Mamukelashvili,mamuksa01,LAL,C,27.696098562628336,80.0,11.1625,10.400841054738256,6.914722840739907,13.939800747455461,4.9375,5.017860474885474,3.651872585741535,6.3617419275403275,1.8875,2.070685577285629,1.1727231056350715,3.0341267460033716,0.8,0.7855712044373212,0.5113522532413135,1.0696129825094602,0.5125,0.5383551758832972,0.32511367244762857,0.7686899371890539,1.4375,1.331725707241532,0.8036464352771154,1.9132259748281841,0.8375,0.9830693686869361,0.5285197018669936,1.457477328471864,21.88375,21.93316689541455,14.605478333243493,28.116472385085583,65.2290568691928,37.60364944926133,83.01846730224513,4.125,3.9392635409171404,2.6621197343273497,5.2376333772221955,7.8875,7.639870808421187,5.054025786085022,10.309701919213223,1.475,1.4812320224324875,0.7239268421196525,2.2783406394937193,1.975,1.9626563485445787,1.033133277462691,2.9218002941122507,0.5156191301788788,0.7547077834236775,-1.3729107819998445,-0.038438012514148356,-0.9339623711209045,-0.7284839225882623,0.011148308713840328,-0.5755590100151781,1.4790028276268912,0.5583007309623074,-0.533005410578867,-2.133907641514166,22.51701176280419,2,1,unknown,ROSTER_CHANGE
Toumani Camara,camarto01,POR,PF,26.73511293634497,82.0,13.414634146341463,11.57671718823026,8.090598974231911,15.115676880947465,5.134146341463414,4.527467504849435,3.274267606552243,5.7603862687529706,2.451219512195122,2.3485796165390256,1.450617144888468,3.312020785256768,1.146341463414634,1.0382865949084048,0.7640676437123971,1.322328372980544,0.4268292682926829,0.404658095071682,0.19141659163601335,0.6349928563774386,2.6707317073170733,2.398224276676209,1.8701450047117922,2.979724544262861,1.7560975609756098,1.5112972948796344,1.056747628059692,1.9857052546645624,33.30365853658537,29.2453686817381,22.76068853822389,34.71732044250892,69.48911645318906,45.674110056696406,82.0,4.780487804878049,4.1918087751908635,2.9146649686010724,5.490178611495918,10.865853658536585,9.464379296074517,6.878534273738353,12.134210406866554,1.1829268292682926,1.1209506708572612,0.3636454905444262,1.9180592879184928,1.670731707317073,1.5415427229664362,0.6120196518845484,2.500686668534108,0.4429037176193345,0.7271615986744647,-1.117380259760964,-0.27480692060999773,-0.7830121839216586,0.2159976201280476,-0.33393379416624214,0.8082599298532119,0.6366630757407684,-0.6361425582430442,-0.6514841417546696,-2.135839232734549,23.350084393918742,2,0,,
Cedric Coward,cowarce01,MEM,SG,23.392197125256672,62.0,13.596774193548388,13.75200583403966,10.26588762004131,17.290965526756864,5.870967741935484,5.376359833730907,4.123159935433716,6.609278597634443,2.7580645161290325,2.8692094229296066,1.971246951279049,3.832650591647349,0.6451612903225806,0.7221438312741664,0.44792488007815867,1.0061856093463055,0.43548387096774194,0.41302710433090795,0.1997856008952393,0.6433618656366646,1.5,1.5953422668495945,1.0672629948851777,2.1768425344362465,1.6935483870967742,1.7229800737285992,1.2684304069086567,2.197388033513527,25.77258064516129,25.43045749145686,18.94577734794265,30.902409252227685,62.54645021791589,38.73144382142324,77.88214886709893,4.919354838709677,4.993452957757162,3.716309151167371,6.291822794062217,10.451612903225806,10.613572553669597,8.027727531333433,13.283403664461634,2.2580645161290325,2.370993884971487,1.613688704658652,3.1681025020327187,2.6774193548387095,2.861419790254152,1.9318967191722642,3.820563735821824,0.47047805369085616,0.8286074951487264,-0.6446666568126113,0.13435831039629179,-0.5002095482576955,-0.965533130964173,-0.31233275922467985,-0.23350736690612933,0.2991026958884645,-0.119069696158363,0.19954405938765643,-2.142314092651239,26.189984501997785,1,0,,
Collin Murray-Boyles,murraco01,TOR,PF,21.645448323066393,57.0,8.491228070175438,10.099954079087974,6.613835865089625,13.638913771805178,5.0,5.425301300948647,4.172101402651455,6.658220064852182,1.8596491228070176,2.085811318806795,1.1878488471562372,3.0492524875245373,0.9122807017543859,0.9262059819484739,0.6519870307524662,1.210247760020613,0.9298245614035088,0.8892657196222284,0.6760242161865598,1.1196004809279851,0.2982456140350877,0.4511930760681892,0.0,1.0326933436548413,1.0350877192982457,1.2419420240417016,0.7873923572217592,1.7163499838266296,21.849122807017544,23.12084252415854,16.63616238064433,28.592794284929365,61.872557740986785,38.05755134449413,77.20825639016984,3.473684210526316,4.020986331911108,2.743842525321317,5.319356168216163,6.0,7.256628652429182,4.670783630093018,9.926459763221219,1.2456140350877194,1.6208801077925752,0.8635749274797402,2.4179887248538066,1.894736842105263,2.328613164117027,1.399090093035139,3.2877571096846987,0.5541121813591865,0.696071006026107,-1.4382967557711344,0.15794804734952686,-0.92574616928987,-0.20288494194961793,0.9168745042382483,-1.7180806852535362,1.0661910138832784,1.075436138514493,-1.1186051177099614,-2.187163965988573,23.943505699106947,1,0,,
Robert Williams,williro04,POR,C,29.29226557152635,59.0,6.728813559322034,6.592905782811208,3.1067875688128592,10.131865475528413,7.033898305084746,6.991428611231286,5.738228712934094,8.224347375134823,1.0169491525423728,1.1034030602863354,0.20544058863577774,2.0668442290040776,0.5932203389830508,0.5941642474044003,0.3199452962083926,0.8782060254765395,1.4745762711864407,1.3059900931119013,1.0927485896762326,1.536324854417658,0.15254237288135594,0.11568011681986949,0.0,0.6971803844065216,0.8305084745762712,0.8433667664708816,0.3888170996509391,1.3177747262558097,17.08813559322034,17.708009544940342,11.223329401426131,23.179961305711167,58.9250722085896,35.11006581209695,74.26077085777264,3.0,2.5379287367397483,1.2607849301499574,3.836298573044803,4.237288135593221,3.9669732110952913,1.381128188759127,6.636804321887328,0.576271186440678,0.7517358476504692,0.0,1.5488444647117008,0.9661016949152542,1.1021731508440347,0.17265007976214686,2.061317096411707,0.6397645261736012,0.6820487752535038,-2.2004160446483185,0.9128198030425013,-1.45938377781204,-1.443835440072406,1.992471086095015,-2.1534204042980947,1.7017798703642877,1.198815372250418,-0.748558982489125,-2.199728517567763,21.494820961796275,2,0,,
Daniel Gafford,gaffoda01,DAL,C,28.33675564681725,55.0,9.527272727272727,9.813024079438621,6.326905865440272,13.351983772155826,6.872727272727273,6.832832618251895,5.579632719954703,8.06575138215543,1.0545454545454545,1.244881044734614,0.34691857308405627,2.208322213452356,0.7636363636363637,0.7208342752522118,0.4466153240562041,1.004876053324351,1.2545454545454546,1.1465274940249695,0.9332859905893008,1.3768622553307261,0.0,0.013391469697720742,0.0,0.594891737284373,1.1454545454545455,1.1637645592691452,0.7092148924492028,1.6381725190540732,21.725454545454546,21.51123118401604,15.026551040501829,26.983182944786865,59.51273434924762,35.697727952754974,74.84843299843067,3.7636363636363637,3.552007232286478,2.2748634256966875,4.850377068591533,5.745454545454545,5.819348878554443,3.2335038562182787,8.48917998934648,2.0,1.9917199385421829,1.2344147582293479,2.7888285556034145,2.9272727272727272,2.820882737796139,1.8913596667142512,3.780026683363811,0.6103788080787511,0.7060626490622034,-1.5006497286464866,0.8363766972488748,-1.382533881015347,-0.9704273777672012,1.5808862654722051,-2.286143477050246,1.1908568693109567,1.4829215490401935,-1.1798679131625123,-2.228580996569563,24.318065537005218,2,0,,
Cam Spencer,spencca01,MEM,SG,26.822724161533195,72.0,11.083333333333334,9.874783589436435,6.3886653754380855,13.41374328215364,2.5416666666666665,2.258608477072172,1.0054085787749802,3.491527240975708,5.555555555555555,5.0225209411895895,4.124558469539032,5.985962109907332,0.7222222222222222,0.7957108495781677,0.52149189838216,1.0797526276503069,0.1527777777777778,0.10623779435108673,0.0,0.3365725556568434,2.0277777777777777,2.037216422311729,1.5091371503473123,2.618716689898381,1.2916666666666667,1.3038763976088825,0.84932673078894,1.7782843573938105,23.811111111111114,23.150758774205567,16.666078630691356,28.62271053497639,66.40834456355768,42.59333816706503,81.74404321274072,3.6527777777777777,3.819746291831289,2.542602485241498,5.118116128136344,7.722222222222222,8.085225542225256,5.499380519889092,10.755056653017293,1.75,1.6671791225845236,0.9098739422716886,2.464287739645755,1.8611111111111112,1.859391507027142,0.9298684359452543,2.818535452594814,0.4724353417084763,0.8966261899572006,-1.4872287233267405,-1.3683946426764666,0.6694548952579428,-0.6905886932262086,-1.1041787710170985,0.339839698801589,0.9674272373449475,-0.09114526135327597,0.5268708488112558,-2.2379434113840544,21.520864707886307,2,0,,
Bennedict Mathurin,mathube01,IND,SF,24.621492128678987,54.0,17.574074074074073,16.72068828253355,13.234570068535202,20.259647975250758,5.425925925925926,5.026887062965339,3.7736871646681474,6.259805826868875,2.388888888888889,2.607463701919231,1.7095012302686732,3.5709048706369733,0.7962962962962963,0.8022270214894397,0.528008070293432,1.0862687995615787,0.24074074074074073,0.24570192495905396,0.032460421523385324,0.47603668626481066,1.3888888888888888,1.4501511995709666,0.92207192760655,2.031651467157619,2.185185185185185,1.9651620206405056,1.5106123538205631,2.439569980425434,30.0,28.757070269588453,22.272390126074242,34.229022030359275,61.78686473759836,37.9718583411057,77.12256338678141,5.388888888888889,5.119775515937725,3.842631709347934,6.41814535224278,12.537037037037036,11.772295264726719,9.186450242390555,14.442126375518756,5.407407407407407,4.70107107262298,3.9437658923101453,5.498179689684212,6.222222222222222,5.482560022280277,4.553036951198389,6.441703967847949,0.4349003657152644,0.8574591164562821,0.0004599469328516976,-0.03408720632679221,-0.6423880767762229,-0.666235589571182,-0.7442114839650185,-0.42189782007511234,-0.08709324521491078,-0.9449429734933862,1.284660774487019,-2.255735674002754,27.842773129675777,2,0,,
P.J. Washington,washipj01,DAL,PF,28.4435318275154,56.0,14.160714285714286,12.53841167948987,9.052293465491521,16.077371372207075,7.035714285714286,6.346621889311753,5.093421991014561,7.579540653215289,1.75,1.6475810941580307,0.749618622507473,2.611022262875773,0.9821428571428571,0.9047853468709848,0.6305663956749771,1.188827124943124,1.0714285714285714,0.9243432013229925,0.7111016978873239,1.154677962628749,1.3571428571428572,1.2834659986010106,0.755386726636594,1.864966266187663,1.6785714285714286,1.4252150374586403,0.9706653706386978,1.8996229972435683,30.998214285714287,27.921921569582416,21.437241426068205,33.39387333035324,61.60939962378301,37.79439322729036,76.94509827296606,5.285714285714286,4.575119718289155,3.297975911699364,5.87348955459421,11.75,10.113044377559252,7.527199355223088,12.782875488351289,2.232142857142857,2.0479654859919534,1.2906603056791184,2.845074103053185,3.25,2.897489058591325,1.967965987509437,3.856633004158997,0.4523978682859636,0.7068069782419177,-0.9083937104243079,0.6020236250675536,-1.1637899021631004,-0.2829409861273665,1.0074120917125267,-0.6381776583314938,0.7739343250676084,-0.48094330543053504,-1.1952136825681947,-2.28608920319731,26.687900195024312,2,0,,
Maxime Raynaud,raynama01,SAC,C,23.822039698836413,74.0,12.45945945945946,12.681847892854718,9.195729678856368,16.220807585571922,7.513513513513513,7.156492265075017,5.903292366777825,8.389411028978554,1.3513513513513513,1.6190950965887625,0.7211326249382048,2.582536265306505,0.5135135135135135,0.5902876219242045,0.3160686707281968,0.8743293999963436,0.527027027027027,0.5800462215143946,0.36680471807872594,0.8103809828201513,0.32432432432432434,0.40850303722421044,0.0,0.9900033048108626,1.2702702702702702,1.4248302283278815,0.9702805615079391,1.8992381881128095,26.541891891891893,25.27546783178077,18.79078768826656,30.747419592551594,65.19634857569477,41.38134217920212,80.53204722487781,5.175675675675675,4.95624079309418,3.6790969865043888,6.2546106293992345,9.067567567567568,8.888358588391018,6.302513566054854,11.558189699183055,1.7837837837837838,2.00978947374107,1.252484293428235,2.8068980908023016,2.27027027027027,2.562499161949226,1.632976090867338,3.5216431075168977,0.5576103555911289,0.7843083438170867,-0.8772234795937525,0.9923803147327213,-1.1792633059006934,-1.4583236800139607,0.11875599625879288,-1.7734724935400952,0.7745479617415781,1.408608889378216,-0.30324255162931607,-2.297232348566509,25.7844525578158,1,0,,
Jeremiah Fears,fearsje01,NOP,PG,20.301163586584533,82.0,14.25609756097561,15.804427450200972,12.318309236202623,19.34338714291818,3.658536585365854,3.9683721966818384,2.7151722983846467,5.201290960585374,3.402439024390244,4.063921357094343,3.1659588854437857,5.0273625258120855,1.1829268292682926,1.180959495653263,0.9067405444572553,1.4650012737254021,0.36585365853658536,0.4200330872881218,0.20679158385245314,0.6503678485938784,1.2317073170731707,1.466861633731634,0.9387823617672174,2.048361901318286,2.1707317073170733,2.2447900407661656,1.7902403739462232,2.719198000551094,25.757317073170732,27.064193755070626,20.579513611556415,32.53614551584145,64.71811923857646,40.903112842083814,80.05381788775951,5.329268292682927,5.705706134061091,4.4285623274713,7.004075970366146,12.268292682926829,13.040466374487387,10.454621352151223,15.710297485279424,2.3658536585365852,2.674122068773586,1.916816888460751,3.4712306858348176,3.0,3.3974709672266337,2.4679478961447456,4.3566149127943055,0.4375385028578304,0.7870919559193409,-0.19865337999357455,-0.5442902851520613,0.14874999976231842,0.749213745778825,-0.2942497964782911,-0.4002154512959279,-0.5330026441949454,-0.9644382428125066,-0.26691293556368834,-2.303798989949852,29.22054382991868,1,0,,
Moussa Diabaté,diabamo01,CHO,C,25.02943189596167,73.0,7.876712328767123,7.348426457360374,3.8623082433620257,10.88738615007758,8.698630136986301,8.057276641850207,6.804076743553015,9.290195405753742,1.9315068493150684,1.8957666877386417,0.997804216088084,2.859207856456384,0.7671232876712328,0.7535354846266208,0.4793165334306131,1.0375772626987598,0.9863013698630136,0.9063929484601965,0.6931514450245279,1.1367277097659532,0.0136986301369863,0.07502781573646178,0.0,0.656528083323114,1.0,0.9714556479745305,0.516905981154588,1.4458636077594587,26.02328767123288,24.280276211388202,17.79559606787399,29.752227972159027,65.47728596509013,41.662279568597484,80.81298461427318,3.136986301369863,3.0638520998531957,1.7867082932634049,4.36222193615825,4.972602739726027,5.141258128026805,2.5554131056906404,7.811089238818841,1.5890410958904109,1.6227572284459668,0.8654520481331318,2.419865845507198,2.410958904109589,2.3664019996260284,1.4368789285441406,3.3255459451937,0.5959343070426791,0.6857487564253315,-2.03623328165908,1.426557459548856,-1.0289771443515228,-0.8482120721577674,0.9610811548848863,-2.206168177057201,1.4975226713123113,1.1479123095376333,-1.228869090907076,-2.31538617084896,23.869138110474506,2,0,,
Matisse Thybulle,thybuma01,LAL,SG,29.913757700205338,30.0,5.8,6.3267747271756125,2.840656513177264,9.865734419892817,1.9666666666666666,2.21758965891049,0.8516017697665508,3.5614711115653437,0.9,1.2965543191570736,0.398591847506516,2.259995487874816,2.0,1.6037188407626566,1.329499889566649,1.8877606188347957,0.5333333333333333,0.5074529689986295,0.29421146556296085,0.7377877303043862,1.2333333333333334,1.2100053559187784,0.6819260839543618,1.7915056235054307,0.9333333333333333,0.8485191901010789,0.3939695232811364,1.322927149886007,15.993333333333334,17.01920895754428,9.691520395373221,23.20251444721531,56.79583285370693,29.170425433775453,74.58524328675927,1.9333333333333333,2.171889618219754,0.8947458116299629,3.4702594545248084,4.466666666666667,4.8440132769803075,2.258168254644143,7.513844387772345,0.7,0.7298589523863519,0.0,1.5269675694475835,0.8333333333333334,0.9126397840003403,0.0,1.8717837295680124,0.448365744276754,0.7997229193616654,-2.2582491834404075,-1.3881656709184629,-1.3544653032645455,2.329206154323269,-0.06861258412436784,-0.733495393949707,1.69356354739637,-0.3382882351510892,-0.24499321944863395,-2.3634998885775755,16.417710035786587,2,1,unknown,ROSTER_CHANGE
Aaron Gordon,gordoaa01,DEN,PF,31.378507871321013,36.0,16.166666666666668,14.059355419229242,10.573237205230892,17.598315111946448,5.805555555555555,5.324833652968395,4.071633754671203,6.557752416871931,2.6666666666666665,2.4632131990285893,1.5652507273780316,3.4266543677463317,0.5833333333333334,0.6106235012836826,0.3364045500876749,0.8946652793558217,0.2777777777777778,0.2970433311541751,0.08380182771850644,0.5273780924599317,1.6944444444444444,1.5831313558870703,1.0550520839226536,2.1646316234737224,1.0555555555555556,1.11406652843106,0.6595168616111176,1.588474488215988,27.913888888888888,26.805950218967485,20.321270075453274,32.27790197973831,59.5616268838017,35.746620487309045,74.89732553298475,5.5,5.195522363299046,3.9183785567092553,6.493892199604101,11.055555555555555,10.56424815632924,7.978403133993076,13.234079267121277,3.4722222222222223,3.0305818377964515,2.2732766574836165,3.827690454857683,4.527777777777778,3.9365593736551907,3.0070363025733027,4.8957033192228625,0.4918023778328523,0.7698554880381451,-0.5778762885276754,0.10952274416807,-0.7207439870844415,-1.3823217290677623,-0.6116954985217994,-0.24935144803972567,1.2701079366808974,0.3258981281099642,-0.5311088355095593,-2.3675689777920317,25.752909570216712,2,0,,
Cameron Johnson,johnsca02,DEN,SF,30.915811088295687,54.0,12.222222222222221,11.99030470397666,8.504186489978311,15.529264396693865,3.814814814814815,3.46367062917147,2.2104707308742784,4.696589393075006,2.4444444444444446,2.2631094739979143,1.3651470023473566,3.2265506427156567,0.7407407407407407,0.7257313688639894,0.45151241766798167,1.0097731469361286,0.3888888888888889,0.33027912692555383,0.1170376234898852,0.5606138882313105,2.037037037037037,1.882691897324675,1.3546126253602582,2.464192164911327,0.8703703703703703,0.9081777789592815,0.453628112139339,1.3825857387442095,30.49814814814815,27.40616938733667,20.92148924382246,32.878121148107496,64.68930722211785,40.8743008256252,80.02500587130089,4.222222222222222,4.136753496362412,2.859609689772621,5.435123332667467,8.796296296296296,8.652168495040538,6.066323472704374,11.321999605832575,1.7407407407407407,1.690434098086639,0.933128917773804,2.4875427151478706,2.074074074074074,2.059346761456216,1.1298236903743282,3.018490707023888,0.4781175376708877,0.8208593762476847,-1.0275032473104195,-0.7875559225406282,-0.8294389948427904,-0.9521253087058114,-0.5259114393182873,0.1393387600477755,1.5984288556376416,0.008917847271588248,-0.0036892614377527014,-2.379538711198684,21.801227378388646,2,0,,
Dylan Harper,harpedy01,SAS,SG,20.919917864476385,69.0,11.782608695652174,13.530141076981138,10.04402286298279,17.069100769698345,3.391304347826087,3.814603867489766,2.5614039691925745,5.047522631393302,3.8550724637681157,3.970595619398268,3.0726331477477107,4.9340367881160105,0.782608695652174,0.9079015631251621,0.6336826119291544,1.1919433411973013,0.34782608695652173,0.39618627950670365,0.18294477607103501,0.6265210408124603,0.8840579710144928,1.1194642574692373,0.5913849855048207,1.7009645250558894,1.434782608695652,1.7221953132117465,1.267645646391804,2.1966032729966747,22.571014492753626,24.64405437208457,18.15937422857036,30.116006132855397,64.82352567441178,41.008519277919135,80.15922432359483,4.797101449275362,5.396627653254004,4.119483846664213,6.694997489559059,9.507246376811594,10.795609087415526,8.209764065079362,13.465440198207563,1.3043478260869565,1.7872218320796756,1.0299166517668406,2.584330449140907,1.7246376811594204,2.341776389059837,1.4122533179779493,3.3009203346275093,0.4998909843396302,0.7631906446871296,-0.692880253145419,-0.618406461956517,0.09805608198855652,-0.27129464860238767,-0.3558001798242374,-0.8509756142348386,0.3003541158651028,0.5084539724909377,-0.49924578773669354,-2.381738775155496,26.253627361750112,1,0,,
Ivica Zubac,zubaciv01,LAC,C,29.87542778918549,48.0,14.104166666666666,11.744848232244786,8.258730018246437,15.283807924961991,10.604166666666666,9.422133348039083,8.16893344974189,10.655052111942618,2.1875,1.7974787376923138,0.8995162660417562,2.7609199064100562,0.375,0.44671094379905274,0.17249199260304504,0.7307527218711919,0.8333333333333334,0.7671822614324904,0.5539407579968217,0.997517022738247,0.0,0.0,0.0,0.5574549315150087,1.7916666666666667,1.5064906036200274,1.051940936800085,1.9808985634049554,30.133333333333336,26.897583957443132,20.41290381392892,32.36953571821395,61.900138426600904,38.085132030108255,77.23583707578395,6.0,4.908596835464311,3.63145302887452,6.206966671769366,10.041666666666666,8.52986971525796,5.944024692921795,11.199700826049996,2.1041666666666665,2.0675607981037647,1.3102556177909297,2.8646694151649963,2.9583333333333335,2.8359329063815775,1.9064098352996897,3.7950768519492497,0.5754597665992447,0.7290584320423174,-1.080843576807791,2.084416990702929,-1.082366502751523,-1.9949175226008558,0.6017680245511658,-2.303519374150795,0.6443280758709082,1.6472057294482572,-0.925668204166709,-2.409596359904413,27.88281536850476,2,0,,
Jerami Grant,grantje01,MEM,PF,32.89253935660506,57.0,18.596491228070175,15.25725880802364,11.77114059402529,18.796218500740846,3.473684210526316,3.3110909969354587,1.9451031077915197,4.654972449590312,2.1403508771929824,2.094992554225881,1.1970300825753235,3.0584337229436236,0.7368421052631579,0.7057482085213408,0.4315292573253331,0.9897899865934799,0.631578947368421,0.5635478285382898,0.35030632510262116,0.7938825898440465,2.3859649122807016,2.178473668617707,1.6503943966532901,2.759973936204359,2.087719298245614,1.6897934757967767,1.2352438089768343,2.1642014355817047,29.733333333333334,27.540283325317183,20.212594763146125,33.72358881498821,60.0981243240618,32.47271690413033,77.88753475711412,5.807017543859649,5.132046381411219,3.854902574821428,6.430416217716274,12.807017543859649,11.271236574055106,8.685391551718942,13.941067684847143,4.5964912280701755,3.729840202776624,2.972535022463789,4.526948819837855,5.649122807017544,4.609954668177959,3.6804315970960717,5.5690986137456315,0.45532239055513307,0.8090839219143142,-0.3175590069605019,-0.8610991486326373,-0.920758983494324,-1.0268090312665539,0.07617241771111824,0.5231258826128642,0.3520237727223274,-0.4556633275525348,0.1472004359193423,-2.4833669889408996,24.49115147106713,2,1,unknown,ROSTER_CHANGE
Jaylon Tyson,tysonja01,CLE,SG,24.16700889801506,66.0,13.212121212121213,11.629383676840336,8.143265462841986,15.16834336955754,5.121212121212121,4.377904566672362,3.1247046683751707,5.610823330575898,2.227272727272727,2.3087815523363338,1.410819080685776,3.272222721054076,0.8181818181818182,0.8024029271409306,0.528183975944923,1.08644470521307,0.42424242424242425,0.3526918821451936,0.13945037870952495,0.5830266434509502,2.015151515151515,1.9592642292647828,1.431184957300366,2.540764496851435,1.5,1.3148824160748684,0.860332749254926,1.7892903758597964,26.931818181818183,25.08304335022593,18.598363206711717,30.554995110996753,63.48259319288255,39.6675867963899,78.81829184206559,5.0,4.738915476604433,3.4617716700146417,6.0372853129094874,10.151515151515152,9.68106840945123,7.095223387115066,12.350899520243267,1.196969696969697,1.2859050660687477,0.5285998857559127,2.0830136831299795,1.621212121212121,1.711208949897504,0.7816858788156162,2.670352895465176,0.48950335605293566,0.7514599933256364,-1.1059352657214516,-0.34689610326268466,-0.8046302267472768,-0.6655781715928666,-0.46806245222314125,0.23869402056610742,0.9498764673000661,0.24355814551423663,-0.5251549009915809,-2.484128487158592,22.496443497135175,2,0,,
Keldon Johnson,johnske04,SAS,SF,27.310061601642712,82.0,13.182926829268293,13.657586179658013,10.171467965659664,17.196545872375218,5.365853658536586,5.26459854717427,4.011398648877078,6.4975173110778055,1.353658536585366,1.8377651762601905,0.9398027046096329,2.801206344977933,0.5609756097560976,0.6333688509984342,0.3591498998024265,0.9174106290705734,0.13414634146341464,0.19749211372589875,0.0,0.4278268750316554,1.2073170731707317,1.3395745897935933,0.8114953178291767,1.9210748573802454,0.8536585365853658,1.0608491731670366,0.6062995063470942,1.5352571329519646,23.308536585365854,23.965179016341207,17.480498872826995,29.43713077711203,66.75546274907988,42.94045635258723,82.0,5.048780487804878,5.3440401686996735,4.066896362109882,6.642410005004728,9.71951219512195,10.400132683268767,7.814287660932603,13.069963794060804,1.8780487804878048,1.931749424889925,1.17444424457709,2.7288580419511566,2.3658536585365852,2.442474698739844,1.5129516276579562,3.401618644307516,0.5138434606028545,0.7908984383283808,-0.6651850625413731,0.08048948501562134,-1.060483178230601,-1.2973147852953026,-0.8686445900492892,-0.5653748122641185,1.3549711020046862,0.7716134105800779,-0.23916745364065697,-2.4890958844209554,24.16348592166339,2,0,,
Bobby Portis,portibo01,MIA,PF,31.975359342915812,67.0,13.656716417910447,12.840483837383212,9.354365623384863,16.379443530100417,6.388059701492537,5.847624730547969,4.481636841404031,7.191506183202823,1.5671641791044777,1.704939698701563,0.8069772270510054,2.6683808674193052,0.6119402985074627,0.6343556408901235,0.36013668969411583,0.9183974189622627,0.1791044776119403,0.23432866474113578,0.021087161305467145,0.4646634260468925,2.014925373134328,1.8744755077662298,1.3463962358018131,2.455975775352882,0.9850746268656716,1.075068915557157,0.6205192487372144,1.549476875342085,24.170149253731346,23.34911476091387,16.021426198742812,29.532420250584902,62.5659537914198,34.94054637148833,80.35536422447213,5.462686567164179,5.106534886771955,3.8293910801821642,6.40490472307701,11.194029850746269,10.511915259259732,7.926070236923568,13.18174637005177,0.7164179104477612,0.8235785288728464,0.06627334856001144,1.620687145934078,1.0149253731343284,1.1173044271699764,0.18778135608808855,2.0764483727376484,0.4857853931303064,0.7371120250180078,-0.8427501838131471,0.3615075068384142,-1.1326330910397113,-1.2936268229693744,-0.7735667139279798,0.12867770919016386,1.3322955604764086,0.19867363701809546,-0.510484398478896,-2.531906796706026,23.94602706342974,2,1,unknown,ROSTER_CHANGE
De'Anthony Melton,meltode01,GSW,PG,28.681724845995895,49.0,12.285714285714286,11.801154513451678,8.315036299453329,15.340114206168883,3.2244897959183674,3.134125210716596,1.8809253124194043,4.367043974620132,2.5510204081632653,3.050941113393229,2.1529786417426715,4.014382282110971,1.5714285714285714,1.3389861040596724,1.0647671528636646,1.6230278821318116,0.40816326530612246,0.38562961294467857,0.17238810950900993,0.6159643742504353,1.469387755102041,1.5320535362538816,1.003974264289465,2.1135538038405337,1.8571428571428572,1.6217128801403196,1.167163213320377,2.0961208399252476,22.959183673469386,22.953972693909414,16.469292550395203,28.42592445468024,56.385265985294275,32.57025958880162,71.72096463447733,4.387755102040816,4.150067835136255,2.872924028546464,5.44843767144131,10.775510204081632,9.9506209513062,7.364775928970037,12.620452062098238,2.0408163265306123,1.815838949534427,1.058533769221592,2.6129475665956585,2.4693877551020407,2.234207838492386,1.304684767410498,3.1933517840600576,0.4170662168164976,0.8127439704802626,-1.0686076167161458,-0.9463964759083566,-0.4014941070441289,1.3398117881841205,-0.3830477208663675,-0.3156266932592809,0.4605886349908916,-1.1698886401401434,-0.050551202052470115,-2.5352120328118817,23.690650707274173,2,0,,
Ziaire Williams,willizi02,LAL,SF,25.388090349075977,56.0,10.232142857142858,11.237293991916285,7.751175777917936,14.77625368463349,2.392857142857143,2.879992231198715,1.5140043420547757,4.223873683853569,1.0714285714285714,1.6034644997374894,0.7055020280869317,2.566905668455232,1.3571428571428572,1.1973613110713521,0.9231423598753444,1.4814030891434913,0.375,0.4054945589895898,0.19225305555392116,0.6358293202953464,1.5357142857142858,1.5918427756613691,1.0637635036969524,2.173343043248021,1.0535714285714286,1.1144187122638058,0.6598690454438634,1.5888266720487338,22.883928571428573,23.5307898354666,16.20310127329554,29.71409532513763,61.15309403123656,33.52768661130509,78.94250446428889,3.2857142857142856,3.681351396146743,2.404207589556952,4.979721232451798,7.732142857142857,8.497232037470976,5.911387015134812,11.167063148263013,2.125,2.007233494411065,1.2499283140982298,2.8043421114722964,2.5,2.414079310353323,1.4845562392714353,3.373223255920995,0.43324124608022596,0.8314695734322363,-1.1911405684735226,-1.0688883111305703,-1.1877537417771684,0.8105127901328236,-0.33177481862225355,-0.2380480782816127,1.2695463260056883,-0.74693325921784,0.14895307923097026,-2.535526582133485,20.792630316879997,2,1,unknown,ROSTER_CHANGE
Jakob Poeltl,poeltja01,TOR,C,31.299110198494184,46.0,10.717391304347826,9.83314430084704,6.347026086848691,13.372103993564245,7.021739130434782,6.697393268214886,5.444193369917694,7.9303120321184215,2.0217391304347827,1.9361256129841347,1.038163141333577,2.899566781701877,0.8695652173913043,0.7815835995185253,0.5073646483225176,1.0656253775906643,0.6956521739130435,0.6993129610103125,0.4860714575746439,0.9296477223160692,0.0,0.0,0.0,0.48951274340185114,1.2391304347826086,1.1858170149230531,0.7312673481031107,1.6602249747079811,24.98695652173913,23.21381582244825,16.72913567893404,28.685767583219075,59.64141363875689,35.82640724226424,74.97711228793993,4.717391304347826,3.909615827186307,2.6324720205965164,5.207985663491362,6.739130434782608,6.073647931583004,3.4878029092468394,8.743479042375041,1.2826086956521738,1.359156994545224,0.601851814232389,2.1562656116064556,2.130434782608696,2.0530397909273255,1.1235167198454377,3.0121837364949977,0.6437014247823425,0.6620217496765196,-1.4962773882803402,0.7710950695797287,-1.0070544455511632,-0.7433869296367327,0.42659231563882505,-2.303519374150795,1.1556908754229016,1.9533614281965472,-1.2991875173715142,-2.5426859661525425,24.03107730884457,2,0,,
Jusuf Nurkić,nurkiju01,UTA,C,32.4435318275154,41.0,10.902439024390244,9.691842462438933,6.205724248440584,13.230802155156137,10.365853658536585,9.180268762792252,7.927068864495061,10.413187526695788,4.780487804878049,4.348881581679022,3.4509191100284644,5.312322750396764,1.2682926829268293,1.091173957592845,0.8169550063968373,1.3752157356649841,0.5365853658536586,0.5424933672034596,0.32925186376779103,0.7728281285092163,0.6097560975609756,0.4708355668790619,0.0,1.052335834465714,2.4634146341463414,2.1629330893735372,1.7083834225535948,2.6373410491584655,26.41219512195122,23.488396521218075,17.003716377703864,28.9603482819889,55.69206154557284,31.87705514908019,71.02776019475588,4.390243902439025,3.521276816168897,2.244133009579106,4.819646652473952,8.731707317073171,7.107182935028963,4.521337912692799,9.777014045821,1.5121951219512195,1.482724966579227,0.725419786266392,2.2798335836404586,2.7560975609756095,2.3934050199675094,1.4638819488856216,3.3525489655351812,0.4954532405256778,0.6195044107492326,-1.5269837964923265,1.9678385089240258,0.30353849166722596,0.41365530059334793,0.021829288090599516,-1.6925938711224262,-0.4024692878402353,0.22695945787928018,-1.8689037102948272,-2.557129618595336,29.969556235323545,2,0,,
Isaiah Stewart,stewais01,MEM,C,25.697467488021903,58.0,10.017241379310345,9.366937803623617,5.880819589625268,12.905897496340822,5.0,5.282709496797276,3.916721607653337,6.62659094945213,1.1379310344827587,1.1489606273869042,0.25099815573634654,2.1124017961046464,0.27586206896551724,0.42312420294331765,0.14890525174730995,0.7071659810154568,1.603448275862069,1.4002498658231182,1.1870083623874494,1.6305846271288749,0.6896551724137931,0.7150224792138741,0.18694320724945745,1.2965227468005263,1.1551724137931034,1.0432818979390377,0.5887322311190952,1.5176898577239657,22.71034482758621,22.56399978081637,15.236311218645312,28.747305270487402,60.75278298929308,33.12737556936161,78.5421934223454,3.810344827586207,3.5947399854946203,2.3175961789048296,4.893109821799675,6.931034482758621,6.735502182027354,4.1496571596911895,9.40533329281939,1.706896551724138,1.6860807681610932,0.9287755878482582,2.4831893852223246,2.2586206896551726,2.2117868281530666,1.2822637570711788,3.1709307737207384,0.5337003668541045,0.76231612680732,-1.5975890709597733,0.0892189441403194,-1.4346372114565724,-2.083069025164858,2.2357625655104685,-1.3757528702610629,1.3829847936766213,0.7170476609822687,-0.4958377005567847,-2.561871914089374,21.85647044922097,2,1,unknown,ROSTER_CHANGE
Derrick Jones Jr.,jonesde02,LAC,SF,29.960301163586585,50.0,10.08,9.51897836115365,6.032860147155301,13.057938053870854,3.46,3.472976684844023,2.2197767865468307,4.705895448747558,1.38,1.3525928440678172,0.45463037241725957,2.3160340127855594,0.9,0.8346666877123263,0.5604477365163186,1.1187084657844655,1.0,0.8326287294301609,0.6193872259944923,1.0629634907359176,1.1,1.114459681665394,0.5863804097009774,1.695959949252046,0.8,0.6939325837075194,0.2393829168875769,1.1683405434924474,26.991999999999997,25.280970290394126,18.796290146879915,30.75292205116495,60.06028317616247,36.24527677966982,75.39598182534552,3.78,3.6692891385132587,2.3921453319234676,4.967658974818313,7.58,7.450014815979903,4.864169793643738,10.119845926771939,1.42,1.3310856333529923,0.5737804530401573,2.128194250414224,1.86,1.730738292043492,0.8012152209616041,2.689882237611164,0.4925210525276836,0.7690854472176567,-1.564549023661795,-0.7830704132605117,-1.3240255505862484,-0.5449977577862599,0.7706902228939445,-0.8574692251798925,1.9400753980912273,0.2011723369334596,-0.40662731185653167,-2.5688013244126076,20.023393316788145,2,0,,
Naji Marshall,marshna01,DAL,SF,29.021218343600275,74.0,15.243243243243244,14.465678177126708,10.97955996312836,18.004637869843915,4.702702702702703,4.3228460122005155,3.0696461139033238,5.555764776104051,3.2567567567567566,3.326716293512335,2.4287538218617772,4.290157462230077,1.1081081081081081,1.0164227306533908,0.7422037794573831,1.30046450872553,0.08108108108108109,0.11660714425975971,0.0,0.3469419055655164,0.8378378378378378,0.9128807070880621,0.3848014351236455,1.4943809746747143,1.6081081081081081,1.53157634567389,1.0770266788539475,2.005984305458818,29.513513513513512,27.275363064578023,20.790682921063812,32.747314825348845,66.08506290782802,42.27005651133537,81.42076155701106,5.662162162162162,5.282113584366689,4.004969777776898,6.580483420671744,11.094594594594595,10.44138872750327,7.855543705167106,13.111219838295307,3.081081081081081,2.779494430142286,2.022189249829451,3.5766030472035175,4.054054054054054,3.6438156286772574,2.7142925575953694,4.602959574244929,0.5058822846479484,0.7627977684346425,-0.4895779860400282,-0.37343426999229723,-0.2516948699833935,0.13428508096364555,-1.0774147081799583,-1.1190249467663023,0.6043250455695126,0.6109868668717344,-0.6159808619226474,-2.577530649479734,26.51068111110139,2,0,,
Tari Eason,easonta01,HOU,PF,25.730321697467488,60.0,10.45,9.915278814966962,6.429160600968613,13.454238507684167,6.266666666666667,5.832852135359611,4.579652237062419,7.065770899263146,1.5,1.5687239624342473,0.6707614907836896,2.5321651311519897,1.2,1.0757675081272435,0.8015485569312358,1.3598092861993827,0.4666666666666667,0.4797111445715054,0.2664696411358367,0.710045905877262,1.55,1.543228407788151,1.0151491358237346,2.1247286753748034,1.35,1.2019982764154635,0.7474486095955211,1.6764062362003915,25.816666666666666,24.480259053169796,17.995578909655585,29.95221081394062,61.27783619402924,37.462829797536585,76.61353484321229,4.016666666666667,3.8042280084656137,2.527084201875823,5.102597844770669,9.666666666666666,8.98477615841699,6.398931136080826,11.654607269209027,0.8666666666666667,1.051859326227999,0.29455414591516393,1.8489679432892305,1.1166666666666667,1.3526994690231016,0.42317639794121376,2.311843414590774,0.4234082120011183,0.7776001619839736,-1.4784286755723337,0.3543871311238974,-1.2066245697496425,0.3560762701594374,-0.14021629493785276,-0.3011269092718394,1.1298873934128475,-0.9566852562780012,-0.337505950110385,-2.580236861223872,22.73222500273065,2,0,,
Jordan Goodwin,goodwjo01,PHO,PG,28.27652292950034,70.0,8.7,8.171629805805095,4.685511591806746,11.7105894985223,4.871428571428571,4.253735364629413,3.000535466332221,5.486654128532948,2.157142857142857,2.689500219882072,1.7915377482315142,3.6529413885998143,1.5142857142857142,1.3016294282409564,1.0274104770449486,1.5856712063130955,0.2,0.19518625058464306,0.0,0.4255210118903997,1.6,1.6016956453127638,1.0736163733483473,2.183195912899416,0.9714285714285714,0.9753013162884305,0.5207516494684881,1.4497092760733585,22.45142857142857,21.652938236002697,15.168258092488486,27.124889996773522,62.36808947027229,38.55308307377963,77.70378811945534,3.2714285714285714,3.1506211255377927,1.8734773189480018,4.448990961842847,7.928571428571429,7.479250891182371,4.893405868846207,10.149082001974408,0.5571428571428572,0.6242710089161242,0.0,1.4213796259773557,0.8,0.848594379814649,0.0,1.8077383253823212,0.421248220092764,0.7356530089823105,-1.8573423461723744,-0.4067455311691818,-0.5978263878068046,1.2001974546754095,-0.8745961942048008,-0.225263637658423,1.4913901684044943,-0.850593642973494,-0.4646615493951856,-2.5854416663003605,20.825508293371865,2,0,,
Dillon Brooks,brookdi01,PHO,SF,31.028062970568104,56.0,20.196428571428573,16.85644529584569,13.37032708184734,20.395404988562895,3.625,3.317575810364228,2.064375912067036,4.550494574267764,1.7678571428571428,1.9524427955204018,1.0544803238698441,2.915883964238144,1.0178571428571428,0.9138778374107301,0.6396588862147224,1.1979196154828693,0.16071428571428573,0.176433237412134,0.0,0.40676799871789066,2.267857142857143,2.1519447562227256,1.623865484258309,2.7334450238093777,1.75,1.4542841389873993,0.9997344721674568,1.9286920987723273,30.38214285714286,27.87070892372572,21.386028780211507,33.34266068449654,59.54803175907278,35.73302536258012,74.88373040825583,7.446428571428571,6.290631955734419,5.013488149144628,7.589001792039474,17.125,14.359833445792079,11.773988423455915,17.029664556584116,3.0357142857142856,2.4677664435761404,1.7104612632633054,3.264875060637372,3.607142857142857,2.9757846110222728,2.046261539940385,3.934928556589945,0.438071373145194,0.8292826148893845,0.029961405055164165,-0.8579734752175987,-0.9981910609135105,-0.2489593221056227,-0.9229991150585903,0.488703697268777,0.7275792223645476,-1.0334340690493615,0.22746596340668992,-2.5878467542495045,25.582849547044557,2,0,,
Brice Sensabaugh,sensabr01,UTA,SF,23.2580424366872,75.0,14.88,16.41152090740889,12.92540269341054,19.950480600126095,3.08,3.464333795737298,2.2111338974401065,4.697252559640834,1.9066666666666667,2.5215006774879285,1.6235382058373709,3.484941846205671,0.72,0.7806452484675288,0.5064262972715211,1.064687026539668,0.16,0.23610165810224956,0.022860154666580923,0.46643641940800623,2.16,2.190712299713819,1.6626330277494024,2.772212567300471,1.6533333333333333,1.772490907392161,1.3179412405722186,2.246898867177089,23.494666666666664,24.57839522178133,18.09371507826712,30.050346982552156,65.31988494380525,41.5048785473126,80.6555835929883,5.253333333333333,5.545955191645024,4.2688113850552325,6.844325027950078,11.426666666666666,12.037349629651326,9.451504607315162,14.707180740443363,2.2133333333333334,2.234202641223354,1.4768974609105192,3.031311258284586,2.68,2.7358132488447,1.806290177762812,3.694957194412372,0.4607289280676703,0.816650274709661,-0.06672544664276009,-0.7872362769367384,-0.6890826178501543,-0.7468938598897836,-0.768990486281636,0.5390059315826811,0.22015014287894075,-0.34902266284646266,0.04777007922988613,-2.601025196756027,25.628722290842713,2,0,,
Rudy Gobert,goberru01,MIN,C,34.600958247775495,76.0,10.907894736842104,8.405592937115125,4.919474723116776,11.94455262983233,11.473684210526315,9.981698917890315,8.728499019593123,11.21461768179385,1.6842105263157894,1.3562171596986998,0.4582546880481422,2.319658328416442,0.7631578947368421,0.6341585517557502,0.3599396005597425,0.9182003298278893,1.631578947368421,1.3752211258095202,1.1619796223738514,1.6055558871152769,0.0,0.0,0.0,0.4350768441514705,1.394736842105263,1.1652761841388162,0.7107265173188737,1.6396841439237442,31.321052631578947,26.443662742518356,19.958982599004145,31.91561450328918,66.13196227526512,42.316955878772475,81.46766092444817,4.407894736842105,2.8622653966165474,1.5851215900267566,4.160635232921602,6.4605263157894735,4.429224836865158,1.8433798145289937,7.099055947657195,2.0921052631578947,1.7472336973539766,0.9899285170411416,2.544342314415208,3.973684210526316,3.1065192838109166,2.176996212729029,4.065663229378589,0.6462226466341124,0.562440962932173,-1.8064996430802103,2.3541270208937117,-1.3220568465276052,-1.294363410675167,2.171161527223768,-2.303519374150795,1.1884463535950591,1.4105231174105444,-3.0402462365373824,-2.6424274918480766,27.280820226688544,2,0,,
Jalen Smith,smithja04,CHI,C,26.88021902806297,53.0,10.20754716981132,10.07547856684327,6.5893603528449205,13.614438259560474,6.69811320754717,6.558860861543234,5.3056609632460425,7.79177962544677,1.2264150943396226,1.4441472317584059,0.5461847601078482,2.4075884004761483,0.4528301886792453,0.5262202317954027,0.252001280599395,0.8102620098675418,0.7924528301886793,0.7686854653964378,0.5554439619607692,0.9990202267021945,1.5471698113207548,1.437313986668154,0.9092347147037373,2.018814254254806,1.0,1.0638481719539392,0.6092985051339967,1.5382561317388672,20.66792452830189,20.98340158279688,14.498721439282669,26.455353343567705,59.38141021984622,35.56640382335357,74.71710886902926,3.6792452830188678,3.542321461124935,2.265177654535144,4.84069129742999,7.622641509433962,7.379910073922405,4.794065051586241,10.049741184714442,1.3018867924528301,1.3703175496753324,0.6130123693624974,2.167426166736564,1.7547169811320755,1.8147511299415298,0.885228058859642,2.773895075509202,0.47999520666817547,0.7550994332316427,-1.443615547647095,0.704322591788169,-1.2742938183118298,-1.697764844851059,0.605647905710782,-0.4385545497315352,1.3501887424042118,0.01541200021575123,-0.5125879540612168,-2.6912454744838215,22.93320136795434,2,0,,
Jaime Jaquez Jr.,jaqueja01,MIL,SF,25.95208761122519,75.0,15.36,14.267099491640277,10.780981277641928,17.806059184357483,5.0,4.637981227494133,3.271993338350194,5.9818626801489865,4.693333333333333,4.461006927093959,3.5630444554434018,5.424448095811702,0.68,0.7684579521127572,0.49423900091674955,1.0524997301848964,0.28,0.25810508088230544,0.0448635774466368,0.48843984218806213,0.7733333333333333,0.935597648370968,0.4075183764065514,1.5170979159576201,2.026666666666667,1.8345544250953325,1.38000475827539,2.3089623848802607,28.286666666666665,26.334794281751332,19.007105719580274,32.518099771422364,66.13695230731233,38.51154488738086,83.92636274036465,6.1866666666666665,5.763493334808789,4.486349528218998,7.061863171113844,12.2,11.449881382415354,8.86403636007919,14.119712493207391,2.2133333333333334,2.181062287347512,1.4237571070346768,2.9781709044087434,2.88,2.8303482245677856,1.9008251534858978,3.789492170135458,0.503367077990897,0.7705985674891914,-0.5327312687392585,-0.22153941975407174,0.36444423086781247,-0.7924418434978995,-0.7121980166375155,-1.0895489263532352,0.12118042637781411,0.6259613958264357,-0.45767901562055335,-2.6945524375304712,27.76932202916403,2,1,unknown,ROSTER_CHANGE
Nic Claxton,claxtni01,CHI,C,27.794661190965094,69.0,11.73913043478261,10.573133863502512,7.087015649504163,14.112093556219717,6.927536231884058,6.71622789297937,5.350240003835431,8.060109345634224,3.6666666666666665,3.2756475798480085,2.3776851081974506,4.2390887485657505,0.6521739130434783,0.7154666261478193,0.4412476749518116,0.9995084042199585,1.1159420289855073,1.00988160825846,0.7966401048227915,1.2402163695642168,0.043478260869565216,0.10141221093514555,0.0,0.6829124785217977,1.391304347826087,1.3451694068398803,0.8906197400199378,1.8195773666248083,27.83478260869565,26.139631835834997,18.81194327366394,32.32293732550603,65.72478978875665,38.09938236882518,83.51420022180898,4.826086956521739,4.1963661106094445,2.9192223040196534,5.494735946914499,8.44927536231884,7.544052112980024,4.95820709064386,10.213883223772061,2.0434782608695654,2.0056685631563873,1.2483633828435523,2.802777180217619,3.318840579710145,3.1091452245355207,2.179622153453633,4.068289170103193,0.5562482930611425,0.6450868062800176,-1.335469702835503,0.7801733393796589,-0.2794350543657779,-0.9904880693516201,1.2281930778276624,-2.1719335077952766,0.901579255014719,1.1551387930404333,-2.022459391194658,-2.734701260280362,27.37695400122873,2,1,unknown,ROSTER_CHANGE
Royce O'Neale,onealro01,CHO,SF,33.659137577002056,78.0,9.807692307692308,7.988518674919634,4.502400460921285,11.527478367636839,4.769230769230769,3.9782478366709855,2.6122599475270465,5.322129289325839,2.6666666666666665,2.3960463515194985,1.4980838798689409,3.359487520237241,1.0769230769230769,0.9400203493174342,0.6658013981214265,1.2240621273895733,0.41025641025641024,0.31953067717980643,0.1062891737441378,0.5498654384855631,2.717948717948718,2.410317109346432,1.8822378373820152,2.991817376933084,1.3205128205128205,1.0723776933148956,0.6178280264949532,1.5467856530998236,28.367948717948714,24.418652335371597,17.09096377320054,30.60195782504263,65.07203878370365,37.44663136377218,82.86144921675597,3.371794871794872,2.9602891516440377,1.6831453450542468,4.258658987949093,8.012820512820513,6.925097976462818,4.339252954126653,9.594929087254854,0.34615384615384615,0.27405785168012076,0.0,1.0711664687413522,0.48717948717948717,0.36552555987894,0.0,1.324669505446612,0.427472529876911,0.7497638517286922,-1.8971343630100324,-0.5395302368161098,-0.7572285703173888,-0.15125605231229153,-0.5536539870122769,0.8239508003009653,1.3365871235752325,-0.7122796923359239,-0.35017368453325415,-2.8007186624610796,19.06276099238089,2,1,unknown,ROSTER_CHANGE
Quentin Grimes,grimequ01,LAL,SG,26.73511293634497,75.0,13.413333333333334,13.339211772427706,9.853093558429357,16.878171465144913,3.64,3.293092118152005,1.9271042290080662,4.636973570806859,3.2533333333333334,3.1942735574749843,2.296311085824427,4.157714726192727,0.8533333333333334,0.8624660887037531,0.5882471375077454,1.1465078667758921,0.37333333333333335,0.3303709229715461,0.11712941953587744,0.5607056842773027,1.6933333333333334,1.7225326951149122,1.1944534231504957,2.3040329627015645,1.7733333333333334,1.6704742558686418,1.2159245890486994,2.14488221565357,29.407999999999998,27.77800958684196,20.450321024670902,33.96131507651299,66.63960701032293,39.01419959039146,84.42901744337526,4.533333333333333,4.444496066342466,3.1673522597526746,5.74286590264752,10.066666666666666,9.821327053318743,7.235482030982579,12.49115816411078,2.6533333333333333,2.51778259355193,1.7604774132390948,3.3148912106131614,3.16,3.0364147236518684,2.1068916525699803,3.99555866921954,0.4525351861529362,0.8291958848506095,-0.7343712431516181,-0.8697745897277285,-0.3236368801529192,-0.4411021419077472,-0.525674506900655,-0.06847336812935076,0.382831206623431,-0.46824478939062497,0.2371574418072812,-2.811288870929931,23.990369429579847,2,1,unknown,ROSTER_CHANGE
Isaiah Collier,colliis01,UTA,PG,22.316221765913756,59.0,11.661016949152541,13.099274296277196,9.613156082278847,16.6382339889944,2.542372881355932,2.8352623240430517,1.5820624257458598,4.068181087946588,7.169491525423729,7.14328945601899,6.2453269843684325,8.106730624736732,1.11864406779661,1.1725234942235097,0.898304543027502,1.4565652722956488,0.3389830508474576,0.3385650757110377,0.12532357227536908,0.5688998370167944,0.4576271186440678,0.7194256352703647,0.19134636330594812,1.300925902857017,2.5084745762711864,2.4568856431930004,2.002335976373058,2.9312936029779286,25.7135593220339,25.976905520000415,19.492225376486203,31.44885728077124,64.48171167766208,40.66670528116943,79.81741032684512,4.322033898305085,4.688681532349836,3.411537725760045,5.987051368654891,8.728813559322035,9.550749256326078,6.964904233989914,12.220580367118115,2.559322033898305,2.5998254993386087,1.8425203190257737,3.3969341163998403,3.542372881355932,3.5443603150004854,2.614837243918598,4.503504260568158,0.4909229010744073,0.7335104978846522,-0.786512235590458,-1.0904480804576793,1.8214421965323515,0.7176856001052354,-0.5045247896330907,-1.3700396223291897,-0.8712213340170801,0.26527144373796824,-1.0194397125631929,-2.8377865342151356,29.292903335767985,2,0,,
Dylan Cardwell,cardwdy01,SAC,C,25.127994524298426,44.0,5.409090909090909,5.720689552265053,2.2345713382667047,9.259649244982258,7.545454545454546,7.414099355032305,6.160899456735113,8.64701811893584,1.4090909090909092,1.3140114113527708,0.4160489397022131,2.277452580070513,0.6818181818181818,0.723337581617524,0.44911863042151634,1.0073793596896632,1.5227272727272727,1.3409082950850113,1.1276667916493426,1.571243056390768,0.045454545454545456,0.02359028390076056,0.0,0.6050905514874128,0.8863636363636364,0.922875770564767,0.4683261037448245,1.397283730349695,20.606818181818184,20.1256168028867,13.640936659372489,25.597568563657525,57.47159471759535,33.6565883211027,72.8072933667784,2.3863636363636362,2.1258633394888133,0.8487195328990225,3.4242331757938684,4.068181818181818,3.9041949948976207,1.3183499725614563,6.574026105689658,0.5909090909090909,0.931387095468859,0.174081915156024,1.7284957125300906,1.1590909090909092,1.4476950963609347,0.5181720252790469,2.406839041928607,0.5445074701102525,0.6433586034863853,-2.38995800621089,1.1165466676200364,-1.3449827273087074,-0.961071688533576,2.082597560753431,-2.272910161354524,1.5749906730117718,0.443043020129429,-1.1116924905023908,-2.8634371523954196,21.85848775487581,1,0,,
Herbert Jones,joneshe01,NOP,SF,28.32306639288159,56.0,8.857142857142858,8.227839692134019,4.74172147813567,11.766799384851224,3.392857142857143,3.213401272945581,1.960201374648389,4.446320036849117,2.767857142857143,2.630806559721233,1.7328440880706755,3.5942477284389756,1.5714285714285714,1.3509345874083725,1.0767156362123647,1.6349763654805116,0.48214285714285715,0.43136404275975204,0.2181225393240834,0.6616988040655087,1.4285714285714286,1.4296035900989579,0.9015243181345413,2.01110385768561,1.3035714285714286,1.1124985057473415,0.6579488389273991,1.5869064655322696,28.35892857142857,25.555616809952237,19.070936666438026,31.027568570723062,61.62423921172361,37.809232815230956,76.95993786090666,3.267857142857143,2.9568100554098744,1.6796662488200835,4.2551798917149295,8.535714285714286,7.433255782784904,4.84741076044874,10.103086893576942,0.8928571428571429,0.8337052801766245,0.07640009986378948,1.630813897237856,1.1071428571428572,1.04940223660563,0.11987916552374211,2.008546182173302,0.39778128747536406,0.7944573120725439,-1.845127333723773,-0.9081854953026871,-0.629708392230112,1.3844672480881013,-0.2650037582098845,-0.44855905710936084,1.272608387287277,-1.1907799207023713,-0.25875984797988,-2.8890481698826904,20.264528444007595,2,0,,
Isaiah Joe,joeis01,DET,SG,27.586584531143053,71.0,11.056338028169014,11.478187409597895,7.992069195599546,15.0171471023151,2.5492957746478875,2.578924801592143,1.212936912448204,3.9228062542469972,1.323943661971831,1.7087441968486992,0.8107817251981415,2.6721853655664414,0.704225352112676,0.7253506979813248,0.4511317467853171,1.0093924760534638,0.15492957746478872,0.18086200981420114,0.0,0.4111967711199578,2.5492957746478875,2.4677935352387097,1.939714263274293,3.0492938028253618,0.6338028169014085,0.8643930056300974,0.40984333881015483,1.3388009654150255,21.228169014084507,22.3313121130265,15.00362355085544,28.51461760269753,65.9014736645123,38.276066244580825,83.69088409756462,3.4788732394366195,3.8798833716600782,2.602739565070287,5.178253207965133,7.647887323943662,8.48797466507788,5.902129642741716,11.157805775869917,1.5492957746478873,1.4897985028516052,0.7324933225387702,2.286907119912837,1.732394366197183,1.7300073312651207,0.8004842601832329,2.689151276832793,0.4571035523495497,0.8611515546365601,-1.1387918396654222,-1.2140025031103199,-1.1305665130409452,-0.9535480025190216,-0.91156812431141,0.898528459404471,1.6682503347258952,-0.34614032670159794,0.22572781793788035,-2.90211069728047,18.990258584537994,2,1,unknown,ROSTER_CHANGE
Jalen Green,greenja05,PHO,SG,24.97741273100616,32.0,17.75,18.056342593589658,14.57022437959131,21.595302286306865,3.625,3.694149496275318,2.4409495979781264,4.927068260178854,2.84375,3.0222239879678403,2.124261516317283,3.9856651566855827,1.0625,1.0312453667972803,0.7570264156012726,1.3152871448694194,0.25,0.3113616021492347,0.09812009871356606,0.5416963634549914,2.21875,2.14860982707294,1.6205305551085232,2.730110094659592,2.25,2.133187660292923,1.6786379934729805,2.607595620077851,25.884375,26.310219400832644,19.825539257318432,31.78217116160347,56.27975109710267,32.46474470061001,71.61544974628572,6.75,6.286005072998803,5.008861266409012,7.5843749093038575,16.0,14.632095137170458,12.046250114834294,17.301926247962495,2.03125,2.1243492725844324,1.3670440922715974,2.921457889645664,2.71875,2.798980924044724,1.8694578529628363,3.758124869612396,0.42960389568751706,0.7589724011104008,0.2907119844678071,-0.6764653452175043,-0.41709305789040424,0.18968220666385152,-0.5747389768491676,0.48437651085441646,-0.3550356780117944,-1.295263789539298,-0.5851131270589739,-2.9389392725810675,28.917291217618423,2,0,,
Max Christie,chrisma02,DAL,SG,23.975359342915812,77.0,12.272727272727273,11.595588208474906,8.109469994476557,15.13454790119211,3.2337662337662336,2.992160708113061,1.7389608098158689,4.2250794720165965,1.9610389610389611,2.064375559823369,1.1664130881728114,3.0278167285411115,0.6103896103896104,0.6874897384819959,0.4132707872859882,0.971531516554135,0.35064935064935066,0.32313126612372967,0.10988976268806103,0.5534660274294864,2.3376623376623376,2.340731074715805,1.8126518027513883,2.922231342302457,1.2467532467532467,1.1515495104189817,0.6969998435990392,1.6259574702039097,29.145454545454545,27.87670742292574,21.39202727941153,33.34865918369656,68.77874204410222,44.96373564760957,82.0,4.1558441558441555,4.243094790259011,2.96595098366922,5.541464626564066,9.415584415584416,9.540434563719248,6.9545895413830845,12.210265674511286,1.6233766233766234,1.6635008172118606,0.9061956368990256,2.460609434273092,1.8051948051948052,1.9173262103708022,0.9878031392889144,2.876470155938474,0.4447485868615277,0.867614915090608,-1.113279384234241,-1.014823220415526,-0.9373899304874808,-1.0950470120173668,-0.5443605993269724,0.7336605032185769,1.2103356221513928,-0.6054145323810888,0.33179586118193005,-3.0345226923107758,20.163057901343826,2,0,,
GG Jackson II,jacksgg01,MEM,PF,22.12457221081451,55.0,12.472727272727273,13.663221046840645,10.177102832842296,17.20218073955785,4.2727272727272725,4.607374738623799,3.354174840326607,5.840293502527334,1.4727272727272727,1.9442314137110057,1.046268942060448,2.907672582428748,0.5636363636363636,0.6604833350992019,0.3862643839031942,0.944525113171341,0.8,0.7666287023245689,0.5533871988889003,0.9969634636303256,1.1636363636363636,1.2637742315739136,0.7356949596094969,1.8452744991605656,1.5454545454545454,1.5932925747223214,1.138742907902379,2.0677005345072494,21.41090909090909,22.639688261201165,16.155008117686954,28.11164002197199,60.39759122088057,36.58258482438792,75.73328987006362,4.636363636363637,4.8320964844971765,3.5549526779073854,6.130466320802231,9.345454545454546,9.826877920106478,7.241032897770314,12.496709030898515,2.036363636363636,2.1168604950305983,1.3595553147177633,2.91396911209183,2.7454545454545456,2.8181955268696393,1.8886724557877514,3.777339472437311,0.49172244977322555,0.7511403927966412,-0.6639605453384865,-0.23629171596744727,-1.0026514287019774,-1.1959789318448568,0.600339247349223,-0.6637284100648198,0.5059091336378927,0.29231023423206204,-0.6746984175389801,-3.03875083423739,24.796461391304703,2,0,,
Day'Ron Sharpe,sharpda01,BRK,C,25.23750855578371,62.0,8.709677419354838,9.216051167840444,5.729932953842095,12.755010860557649,6.661290322580645,6.795321309885329,5.542121411588138,8.028240073788865,2.338709677419355,2.641059402681431,1.7430969310308735,3.6045005713991736,1.0806451612903225,0.9871442540295572,0.7129253028335495,1.2711860321016963,0.41935483870967744,0.5313543471081797,0.31811284367251114,0.7616891084139364,0.14516129032258066,0.22631531170218722,0.0,0.8078155792888394,1.7096774193548387,1.6730978268822108,1.2185481600622683,2.1475057866671388,18.711290322580645,19.965538211446283,13.480858067932072,25.437489972217108,60.340230270304765,36.52522387381211,75.67592891948782,3.4516129032258065,3.509932965560326,2.232789158970535,4.808302801865381,5.741935483870968,6.134233679357412,3.5483886570212477,8.804064790149448,1.6612903225806452,1.7286146601885637,0.9713094798757287,2.5257232772497953,2.4516129032258065,2.459375139088719,1.529852068006831,3.418519084656391,0.5721876845630711,0.7028674205550738,-1.630378358659696,0.8182962851271427,-0.6241391163711393,0.024861667065052967,-0.006921350705462653,-2.009867395900404,0.378647523695961,1.1075552961543382,-1.0982437002771825,-3.040189149871389,24.214423820255984,2,0,,
Paul Reed,reedpa01,DET,C,27.63586584531143,65.0,7.753846153846154,7.96926906794249,4.4831508539441405,11.508228760659694,4.523076923076923,5.072008998328961,3.8188091000317694,6.304927762232497,1.2307692307692308,1.589915455412408,0.6919529837618503,2.55335662413015,0.8769230769230769,0.833445310084084,0.5592263588880763,1.117487088156223,0.9230769230769231,0.9017463185012499,0.6885048150655813,1.1320810798070065,0.2,0.25745740229730774,0.0,0.8389576698839599,0.8923076923076924,1.024390001021281,0.5698403342013385,1.498797960806209,13.856923076923078,16.248311038603514,9.763630895089303,21.72026279937434,61.7140819126423,37.89907551614965,77.04978056182534,3.2153846153846155,3.176636044762276,1.899492238172485,4.4750058810673305,5.2153846153846155,5.4491887621705,2.863343739834336,8.119019872962538,1.123076923076923,1.187217954977931,0.4299127746650959,1.9843265720391625,1.6923076923076923,1.6963403975668143,0.7668173264849265,2.6554843431344866,0.5829557725757641,0.6998701184507808,-1.901317509502814,-0.01233847980592255,-1.195113492215633,-0.5495624525775474,0.9490878575906975,-1.9694594515977044,1.413110796057942,1.08492358579389,-0.8706182571485752,-3.051287403405667,20.621737933790573,2,0,,
Ryan Kalkbrenner,kalkbry01,CHO,C,25.0403832991102,69.0,7.550724637681159,7.206015181114185,3.719896967115836,10.74497487383139,5.463768115942029,5.783412805953392,4.5302129076562005,7.016331569856928,0.782608695652174,0.8207468128362204,0.0,1.7841879815539627,0.463768115942029,0.4941967943555456,0.2199778431595379,0.7782385724276848,1.463768115942029,1.3046994060554589,1.0914579026197901,1.5350341673612156,0.0,0.011439846226771282,0.0,0.5929401138134235,0.8985507246376812,0.8919655882559409,0.43741592143599833,1.366373548040869,21.431884057971015,21.271228320340114,14.786548176825903,26.74318008111094,63.09746641983914,39.28246002334649,78.43316506902218,3.1739130434782608,2.524985868321306,1.2478420617315151,3.823355704626361,4.217391304347826,3.7126896953034025,1.1268446729672381,6.382520806095439,1.2028985507246377,1.3101766144789588,0.5528714341661238,2.1072852315401907,1.681159420289855,1.783003038319737,0.8534799672378492,2.742146983887409,0.6800961231733004,0.7348145720007525,-2.067180782637627,0.33055742510694525,-1.6129207647163382,-1.817447091111942,1.9891397268694173,-2.2886757762956385,1.6242816589776923,1.4092501917750033,-0.6524444485736983,-3.0854398606061855,19.881953780489656,1,0,,
Mitchell Robinson,robinmi01,BOS,C,28.83778234086242,60.0,5.666666666666667,5.985641780274327,2.4995235662759785,9.524601472991533,8.75,8.268760118007418,6.902772228863478,9.612641570662271,0.8666666666666667,1.068536292719189,0.1705738210686314,2.0319774614369313,0.9333333333333333,0.8135021094362864,0.5392831582402787,1.0975438875084256,1.1666666666666667,1.0683340073118777,0.855092503876209,1.2986687686176344,0.0,0.0,0.0,0.4865742557156187,0.6833333333333333,0.8095225444279838,0.35497287760804125,1.2839305042129119,19.578333333333333,19.338592298779837,12.010903736608778,25.521897788450868,59.409684603738,31.78427718380653,77.19909503679033,2.4833333333333334,1.8861115634537262,0.6089677568639353,3.184481399758781,3.433333333333333,2.9458822743713444,0.36003725203518,5.615713385163382,0.7,0.8237826714268172,0.06647749111398216,1.6208912884880489,1.7166666666666666,1.5564332474337323,0.6269101763518445,2.5155771930014046,0.640253543009021,0.5292759408635616,-2.3323810393321542,1.5284922779373025,-1.4783231732212887,-0.6240968324561167,1.3790630643770374,-2.303519374150795,1.7557496288431178,0.8588333511284578,-1.8776041446918552,-3.093786241566294,22.34694416677852,2,1,unknown,ROSTER_CHANGE
Miles McBride,mcbrimi01,NYK,SG,26.39835728952772,41.0,11.975609756097562,11.222921305432603,7.736803091434254,14.761880998149808,2.4390243902439024,2.273810276644397,1.020610378347205,3.5067290405479326,2.5853658536585367,2.5127811434871283,1.6148186718365707,3.4762223122048708,0.8536585365853658,0.8512704691306013,0.5770515179345936,1.1353122472027404,0.21951219512195122,0.2101858334461611,0.0,0.44052059475191774,2.731707317073171,2.56339897272201,2.035319700757593,3.144899240308662,0.8048780487804879,0.9223772331713419,0.4678275663513994,1.39678519295627,26.346341463414635,25.46618503156569,18.98150488805148,30.938136792336515,61.47350295529719,37.65849655880454,76.80920160448024,4.170731707317073,4.061552918544332,2.784409111954541,5.359922754849387,9.853658536585366,9.393563529211255,6.807718506875091,12.063394640003292,0.9024390243902439,0.9584418276217452,0.20113664730891023,1.7555504446829768,1.146341463414634,1.223609015221513,0.2940859441396253,2.182752960789185,0.43237615904912785,0.7832909170322155,-1.194263907725459,-1.3610673908895687,-0.6938190105171118,-0.4829438992554272,-0.8358811559649606,1.0225798355014153,1.5757856666943482,-0.8277388014309061,-0.30623670005620457,-3.103585363643875,19.98265702719552,2,0,,
Javon Small,smallja01,MEM,PG,24.12046543463381,41.0,9.658536585365853,10.998465329177284,7.512347115178935,14.537425021894489,3.1219512195121952,3.2693221513564836,2.016122253059292,4.502240915260019,3.682926829268293,4.066566683339265,3.1686042116887077,5.0300078520570075,0.8292682926829268,0.8813337187416523,0.6071147675456446,1.1653754968137915,0.21951219512195122,0.24528658813911802,0.032045084703449384,0.47562134944487466,1.4634146341463414,1.5387500001032755,1.0106707281388587,2.1202502676899275,1.3658536585365855,1.5578973405757195,1.103347673755777,2.0323053003606475,20.241463414634147,21.590257879508194,15.105577735993982,27.06220964027902,59.69673454930097,35.88172815280832,75.03243319848401,3.268292682926829,3.872978864903055,2.5958350583132646,5.17134870120811,7.024390243902439,8.306079293249331,5.720234270913167,10.975910404041368,1.6585365853658536,1.7335976750089162,0.9762924946960811,2.530706292070148,2.0,2.1390592990175463,1.2095362279356585,3.0982032445852186,0.46628243340402176,0.8104486284251887,-1.2430406038404072,-0.8812316893197538,0.1501869233211931,-0.3705875274540038,-0.7452834991680204,-0.3069377988054916,0.5623522167666014,-0.19096097932690995,-0.08064564231341244,-3.1061486001402043,22.843465515880553,1,0,,
Egor Dëmin,demineg01,BRK,PG,20.917180013689254,52.0,10.307692307692308,11.610640195693723,8.124521981695374,15.149599888410927,3.173076923076923,3.3531959171977657,2.0999960189005735,4.586114681101302,3.326923076923077,3.650217836698698,2.75225536504814,4.61365900541644,0.8076923076923077,0.8806754919100418,0.6064565407140341,1.164717269982181,0.3269230769230769,0.34798301899187745,0.1347415155562088,0.5783177802976341,2.3846153846153846,2.391333997553572,1.8632547255891554,2.972834265140224,1.6538461538461537,1.6885607936895504,1.234011126869608,2.1629687534744786,25.16346153846154,25.793660572554554,19.308980429040343,31.26561233332538,62.21733154207469,38.40232514558204,77.55303019125773,3.4423076923076925,4.007284442041227,2.730140635451436,5.305654278346282,8.634615384615385,9.738060748361839,7.152215726025675,12.407891859153876,1.0384615384615385,1.4371427880927379,0.6798376077799029,2.2342514051539695,1.25,1.7775092380133164,0.8479861669314286,2.736653183580988,0.4115074392727877,0.8085149474097818,-1.1100084256313694,-0.8408046202931856,-0.07597099107464657,-0.37304754024633086,-0.4802163780176056,0.7993195533499984,0.3539894717868194,-1.2546784204017054,-0.1312845842358612,-3.112701934763887,23.107216790395295,1,0,,
Jake LaRavia,laravja01,LAL,PF,25.245722108145106,82.0,8.21951219512195,8.075693885917858,4.589575671919508,11.614653578635062,3.975609756097561,4.0118610919664315,2.75866119366924,5.244779855869967,1.7682926829268293,1.8438370420964667,0.9458745704459091,2.807278210814209,1.2682926829268293,1.1422794467858002,0.8680604955897925,1.4263212248579393,0.4634146341463415,0.47361523145110945,0.2603737280154408,0.7039499927568661,0.9512195121951219,1.0370227216116554,0.5089434496472388,1.6185229891983077,1.0609756097560976,0.9967133607163459,0.5421636938964034,1.4711213205012739,25.137804878048783,24.39065902561248,17.905978882098267,29.862610786383303,66.15299501938682,42.33798862289417,81.48869366856987,2.926829268292683,3.101759393926368,1.824615587336577,4.400129230231423,6.378048780487805,6.735021515214634,4.149176492878469,9.40485262600667,1.4146341463414633,1.465437275999773,0.7081320956869379,2.2625458930610045,1.853658536585366,1.9100517588967718,0.980528687814884,2.8691957044644436,0.46054186863685465,0.7672238561986382,-1.8781902526924703,-0.5233286822727244,-1.057184981237614,0.6046535266382987,-0.15595029979263758,-0.9579463707094898,1.4572454075987107,-0.2563922118678516,-0.43184080602827757,-3.198934670364056,19.50665343341666,2,0,,
Davion Mitchell,mitchda01,MIA,PG,28.407939767282684,70.0,9.342857142857143,8.969961616526176,5.483843402527826,12.50892130924338,2.657142857142857,2.3237408842534593,1.0705409859562673,3.556659648156995,6.4714285714285715,6.078565860036229,5.180603388385672,7.0420070287539716,0.9714285714285714,1.0101993183126121,0.7359803671166044,1.2942410963847513,0.15714285714285714,0.11852006116557662,0.0,0.34885482247133326,1.2857142857142858,1.2914015582083713,0.7633222862439547,1.8729018257950236,1.542857142857143,1.4909813297743397,1.0364316629543973,1.9653892895592677,28.575714285714284,26.139012152929713,19.6543320094155,31.610963913700537,68.11431126233641,44.299304865843766,82.0,3.7285714285714286,3.5901934999516385,2.3130496933618474,4.888563336256693,7.614285714285714,7.380521939542404,4.794676917206239,10.05035305033444,0.6,0.7656053607409086,0.008300180428073567,1.5627139778021402,0.9285714285714286,1.0872495144372367,0.1577264433553489,2.046393460004909,0.4864416811386421,0.7041671213228253,-1.683856263154723,-1.337000889283216,1.2430914461497569,0.1110261172827178,-1.072477327464636,-0.6278809940903581,0.6690599713942523,0.10941560771673968,-0.6470094428602392,-3.235631774309706,22.7714762763449,2,0,,
Kevin Huerter,huertke01,DET,SF,28.432580424366872,69.0,10.043478260869565,9.726406505463085,6.240288291464736,13.26536619818029,3.4782608695652173,3.655894290343517,2.2899064011995782,4.999775742998371,2.579710144927536,2.4937736589981583,1.5958111873476006,3.4572148277159007,0.9130434782608695,0.9057896184029861,0.6315706672069784,1.1898313964751253,0.4782608695652174,0.4366894018816471,0.22344789844597848,0.6670241631874038,1.4492753623188406,1.4700668551940088,0.9419875832295922,2.051567122780661,1.0434782608695652,1.0757933420770716,0.6212436752571291,1.5502013018619996,22.447826086956525,22.83393289484158,15.506244332670523,29.017238384512613,63.270779359492174,35.64537193956069,81.06018979254452,3.898550724637681,3.7664373463667533,2.4892935397769627,5.064807182671808,8.63768115942029,8.297861608543109,5.7120165862069445,10.967692719335146,0.7971014492753623,0.9093399543407986,0.15203477402796362,1.70644857140203,1.0289855072463767,1.1707921783356001,0.2412691072537123,2.1299361239032724,0.4539045749436213,0.7766877599349166,-1.5194726584454814,-0.6949043152019581,-0.704143749217896,-0.2791876890919838,-0.2512586104982111,-0.3960565651115254,1.3311403522324166,-0.39380742999924967,-0.3366377040473184,-3.2443283693812073,20.805783861149372,2,1,unknown,ROSTER_CHANGE
Scoot Henderson,hendesc01,POR,PG,22.99520876112252,30.0,14.233333333333333,14.106856762638444,10.620738548640094,17.64581645535565,2.6666666666666665,2.8234456287864287,1.5702457304892368,4.056364392689964,3.7333333333333334,4.125265244112398,3.22730277246184,5.08870641283014,0.9,0.9245333752721,0.6503144240760923,1.2085751533442393,0.3,0.31605472842000815,0.10281322498433951,0.5463894897257648,1.9,1.951955434775786,1.4238761628113692,2.533455702362438,2.433333333333333,2.1326734325623775,1.678123765742435,2.6070813923473057,24.936666666666667,25.10406895995999,18.619388816445777,30.576020720730813,56.75882572396691,32.94381932747426,72.09452437314995,4.766666666666667,4.838791867073575,3.561648060483784,6.13716170337863,11.4,11.261442771071298,8.675597748735134,13.931273881863335,2.8,2.619602740457652,1.862297560144817,3.4167113575188837,3.3333333333333335,3.195177318711198,2.2656542476293104,4.15432126427887,0.42967779221891494,0.8198614596808327,-0.5675537360557961,-1.0961437154397715,0.1820715897243872,-0.20913602990715963,-0.5626256691182215,0.2292106058374399,-0.35421566370077034,-1.0258995580768815,0.1468143848851291,-3.2574777918516444,25.271980261864705,2,0,,
Zaccharie Risacher,risacza01,DAL,SF,21.817932922655714,67.0,9.567164179104477,11.331080689209685,7.844962475211336,14.87004038192689,3.8358208955223883,4.291564351406654,2.925576462262715,5.635445804061508,1.1343283582089552,1.5473287271286278,0.6493662554780701,2.5107698958463702,0.8805970149253731,0.917873292200689,0.6436543410046813,1.201915070272828,0.5373134328358209,0.5561957797726677,0.34295427633699904,0.7865305410784244,1.4179104477611941,1.4966445316932648,0.9685652597288482,2.078144799279917,0.8656716417910447,1.0383185679238047,0.5837689011038623,1.5127265277087327,22.432835820895523,23.72593451989937,16.39824595772831,29.9092400095704,64.72688902745027,37.1014816075188,82.5162994605026,3.6417910447761193,4.259848500511806,2.982704693922015,5.558218336816861,8.0,9.312821891262425,6.726976868926261,11.982653002054462,0.8656716417910447,1.2917387109303977,0.5344335306175627,2.0888473279916293,1.3432835820895523,1.864764652513148,0.9352415814312602,2.82390859808082,0.45741758515842834,0.6927087068008921,-1.170759711123121,-0.38851199837964817,-1.2182463187559616,-0.23402697747540743,0.05719623339118816,-0.3615711066482657,1.3908995781214617,-0.3610674756954707,-0.98033713643569,-3.2664249130009146,22.18583964958687,2,1,unknown,ROSTER_CHANGE
Christian Braun,braunch01,DEN,SG,25.793292265571527,44.0,11.954545454545455,12.029727416274971,8.543609202276622,15.568687108992176,4.795454545454546,4.0749926535307734,2.8217927552335818,5.307911417434309,2.727272727272727,2.606087269154007,1.7081247975034495,3.5695284378717496,0.6818181818181818,0.7152866063762994,0.4410676551802917,0.9993283844484385,0.2727272727272727,0.24344016259915682,0.030198659163488184,0.4737749239049135,0.9772727272727273,1.0233398078421407,0.4952605358777241,1.6048400754287928,0.9772727272727273,1.0446367268223704,0.5900870600024279,1.5190446866072984,31.797727272727272,28.823635269356885,22.338955125842674,34.295587030127706,65.54407052855387,41.729064132061225,80.87976917773692,4.590909090909091,4.269728590444957,2.9925847838551656,5.568098426750011,8.840909090909092,8.387905931865145,5.802060909528981,11.057737042657182,1.7954545454545454,1.8085323669441664,1.0512271866313314,2.6056409840053982,2.2954545454545454,2.314716013837881,1.385192942755993,3.273859959405553,0.5090339144391829,0.7813193308087742,-1.0189362682088496,-0.4928993344126751,-0.6431357458667004,-0.9911608631660676,-0.7500492607259642,-0.9757004266168289,1.3808243130037037,0.5168761099891441,-0.33034879846476134,-3.3045302744689997,22.660393084346907,2,0,,
Tristan Da Silva,dasiltr01,ORL,SF,25.71663244353183,77.0,9.896103896103897,9.943435409843426,6.457317195845077,13.48239510256063,3.688311688311688,3.5382708638457916,2.2850709655485995,4.771189627749328,1.6103896103896105,1.843894392761164,0.9459319211106063,2.807335561478906,0.8831168831168831,0.8566651513314361,0.5824462001354284,1.1407069294035752,0.3246753246753247,0.30818103964147336,0.09493953620580473,0.5385158009472301,1.5584415584415585,1.6275215688700166,1.0994422969056,2.2090218364566687,0.8961038961038961,0.9288606686317169,0.4743110018117744,1.403268628416645,24.672727272727272,23.454266554784443,16.96958641127023,28.926218315555268,65.99521549431913,42.18020909782648,81.33091414350217,3.6233766233766236,3.6341221350707875,2.356978328480997,4.932491971375843,8.051948051948052,8.02831164813842,5.442466625802256,10.698142758930457,1.0909090909090908,1.1574325434013824,0.40012736308854735,1.954541160462614,1.2337662337662338,1.364683563802229,0.4351604927203412,2.323827509369901,0.45266331133438953,0.8481325444974132,-1.4723099448758574,-0.751598686015872,-1.057153828739362,-0.46278217599033145,-0.5829482450834257,-0.191753604750396,1.5654468429664454,-0.40502439099495247,0.044280101146770987,-3.3138439323369804,19.520879939887134,2,0,,
Noah Clowney,clownno01,BRK,PF,22.55167693360712,66.0,12.257575757575758,12.093742573789552,8.607624359791203,15.632702266506756,4.136363636363637,4.222164706832702,2.9689648085355103,5.455083470736238,1.6363636363636365,1.8142167510835947,0.916254279433037,2.777657919801337,0.7575757575757576,0.7950526754662744,0.5208337242702668,1.0790944535384135,0.6818181818181818,0.6507978994941107,0.4375563960584421,0.8811326607998674,1.9545454545454546,1.9542557555046876,1.4261764835402708,2.5357560230913396,1.5454545454545454,1.433047551970589,0.9784978851506465,1.907455511755517,26.96969696969697,26.52408364645001,20.039403502935798,31.996035407220834,63.98399788748988,40.16899149099723,79.31969653667292,3.787878787878788,3.8869952861100723,2.609851479520281,5.185365122415127,9.56060606060606,9.569637184600168,6.983792162264004,12.239468295392205,2.727272727272727,2.5631037594287993,1.8057985791159643,3.360212376490031,3.393939393939394,3.2071099415010322,2.277586870419144,4.166253887068704,0.40618000569187473,0.7991942297522806,-1.0050250864397912,-0.42196255581520764,-1.0732745256024434,-0.693048508987402,0.301371335885668,0.2321953518874166,0.7614441896478606,-1.3359944415847271,-0.11465361878339701,-3.3489478597920237,22.78616952152475,2,0,,
Kris Dunn,dunnkr01,LAC,PG,32.876112251882276,82.0,7.2682926829268295,5.793148277022491,2.307030063024142,9.332107969739695,3.3048780487804876,2.6750860691591316,1.4218861708619397,3.9080048330626673,3.597560975609756,3.6257567613442916,2.727794289693734,4.589197930062034,1.5975609756097562,1.338851728140209,1.0646327769442014,1.6228935062123482,0.17073170731707318,0.13588269336675202,0.0,0.36621745467250866,0.975609756097561,1.0057326392979653,0.4776533673335487,1.5872329068846174,1.353658536585366,1.0718125464307802,0.6172628796108377,1.5462205062157082,27.195121951219512,24.14281673624386,17.658136592729647,29.614768497014683,65.0503849509705,41.23537855447785,80.38608360015354,2.768292682926829,2.5011441350559194,1.2240003284661285,3.799513971360974,5.817073170731708,5.2685926328858255,2.682747610549661,7.938423743677863,0.7560975609756098,0.6592801598121012,0.0,1.4563887768733328,0.9878048780487805,0.8552819266341518,0.0,1.8144258722018238,0.47472718225435084,0.7708337324589688,-2.3742119465276765,-1.1676528708669143,-0.0892580839311997,1.3393095806395694,-1.0276630832407299,-0.998546339407692,1.3374883362195094,-0.08190115736045955,-0.34651023939522635,-3.408945803870819,17.79427742011999,2,0,,
Al Horford,horfoal01,GSW,C,40.6652977412731,45.0,8.266666666666667,5.923614031785386,2.437495817787037,9.46257372450259,4.866666666666666,4.369314005476914,3.1161141071797225,5.60223276938045,2.577777777777778,1.9813420295190731,1.0833795578685155,2.9447831982368156,0.6666666666666666,0.6130488891165892,0.33882993792058147,0.8970906671887283,1.1333333333333333,0.9670591803289426,0.753817676893274,1.1973939416346993,1.6444444444444444,1.3830077499114033,0.8549284779469867,1.9645080174980554,0.9333333333333333,0.8099930479751136,0.3554433811551711,1.2844010077600416,21.544444444444444,18.91009107294631,12.4254109294321,24.382042833717136,53.88978972369092,30.074783327198265,69.22548837287397,3.066666666666667,2.1916511372145058,0.9145073306247149,3.4900209735195604,7.2,5.02526618220951,2.4394211598733455,7.695097293001547,0.4888888888888889,0.2628040787059126,0.0,1.059912695767144,0.5777777777777777,0.32753961636226187,0.0,1.286683561929934,0.43612637773764257,0.8023581441069065,-2.345860335759076,-0.3510367449393984,-0.9824931899057899,-1.3732572473286848,1.1176652084782153,-0.5090187783116105,1.7549993393913514,-0.4674722002993784,-0.27652030224672364,-3.4329942509210953,18.069135042997775,2,0,,
Dominick Barlow,barlodo01,PHI,PF,23.68788501026694,71.0,7.676056338028169,8.197425702740443,4.711307488742094,11.736385395457647,4.788732394366197,4.788940451899617,3.535740553602425,6.021859215803152,1.2253521126760563,1.4481556503169637,0.550193178666406,2.411596819034706,0.8873239436619719,0.8492865266662033,0.5750675754701956,1.1333283047383425,0.7464788732394366,0.6900017175788146,0.47676021414314596,0.9203364788845713,0.29577464788732394,0.48781222342064706,0.0,1.0693124910072993,0.7887323943661971,0.8114602361670725,0.35691056934713,1.2858681959520006,23.77887323943662,23.486581889961403,17.001901746447192,28.958533650732228,63.30325756209549,39.48825116560283,78.63895621127854,3.028169014084507,3.221358662977581,1.9442148563877903,4.519728499282636,5.619718309859155,6.137266338861706,3.5514213165255417,8.807097449653742,1.323943661971831,1.4764637419420252,0.7191585616291902,2.273572359003257,1.8450704225352113,2.009636839480296,1.0801137683984081,2.9687807850479677,0.5248849381979167,0.7346918174150547,-1.8517366205115138,-0.14877722857278658,-1.2721164721067335,-0.490358552695972,0.4025593042651728,-1.6705660695564672,1.7526596847152107,0.53466045966379,-0.6982840503745817,-3.441959545173882,19.92279221706341,2,0,,
Anfernee Simons,simonan01,PHI,SG,27.652292950034223,55.0,14.272727272727273,14.34044200100395,10.854323787005601,17.879401693721157,2.4545454545454546,2.5817340753126707,1.2157461861687315,3.9256155279675244,2.4363636363636365,2.4168093066921608,1.5188468350416031,3.380250475409903,0.4909090909090909,0.6132692840177623,0.33905033282175456,0.8973110620899014,0.14545454545454545,0.1761223124372088,0.0,0.40645707374296547,2.6545454545454548,2.5467862245442916,2.018706952579875,3.1282864921309437,1.2363636363636363,1.3454570686694656,0.8909074018495231,1.8198650284543936,24.94181818181818,25.660607044979393,18.332918482808335,31.843912534650425,63.3497847120616,35.724377292130114,81.13919514511394,5.181818181818182,5.038206047613164,3.7610622410233727,6.3365758839182185,11.781818181818181,11.353957438390426,8.768112416054262,14.023788549182463,1.2545454545454546,1.4296283934803204,0.6723232131674854,2.226737010541552,1.4,1.6814606341290612,0.7519375630471734,2.640604579696733,0.44374008577641777,0.8502300704891725,-0.5167931531621072,-1.212648436061164,-0.7459502716588665,-1.3724335582139113,-0.9238016355289985,1.0010242176783397,0.9011205344849158,-0.7178196549384348,0.1380848397595936,-3.449217117640633,22.086454572112846,2,1,unknown,ROSTER_CHANGE
Jaylin Williams,willija07,OKC,PF,24.594113620807665,65.0,7.2153846153846155,8.775848886397076,5.289730672398727,12.314808579114281,5.507692307692308,5.415763247576714,4.162563349279522,6.64868201148025,2.4307692307692306,2.4707133472559217,1.572750875605364,3.434154515973664,0.47692307692307695,0.6058405883893346,0.33162163719332693,0.8898823664614738,0.6461538461538462,0.6088823459963641,0.39564084256069554,0.8392171073021208,1.5076923076923077,1.5604828977907075,1.0324036258262907,2.1419831653773596,1.0307692307692307,1.1742116439744859,0.7196619771545434,1.6486196037594139,19.65692307692308,20.71353571461068,14.228855571096467,26.185487475381503,62.70188520569773,38.88687880920507,78.03758385488078,2.292307692307692,2.873303510181256,1.596159703591465,4.171673346486311,5.415384615384616,6.628977139368207,4.043132117032043,9.298808250160244,1.123076923076923,1.273896217001192,0.516591036688357,2.071004834062424,1.4153846153846155,1.6154181508580405,0.6858950797761527,2.5745620964257125,0.43344598265654966,0.7885860489586262,-1.7260390457542822,0.1533507154164896,-0.7166699566303173,-1.40019706677755,0.1931841768498937,-0.2787386091394126,1.174197404140197,-0.6092870841455148,-0.274431209853172,-3.4846306758936683,21.450791963555623,2,0,,
Precious Achiuwa,achiupr01,SAC,C,27.370294318959616,73.0,10.082191780821917,9.781683014290087,6.2955648002917375,13.320642707007291,6.739726027397261,6.442880628946424,5.189680730649233,7.67579939284996,1.3835616438356164,1.6037966791115847,0.7058342074610271,2.567237847829327,0.8904109589041096,0.852763845428093,0.5785448942320853,1.1368056235002322,0.684931506849315,0.6866241957200171,0.4733826922843485,0.9169589570257738,0.3698630136986301,0.3674224452671328,0.0,0.9489227128537849,0.8904109589041096,1.028986166374323,0.5744364995543805,1.503394126159251,23.915068493150685,22.93066237363882,16.44598223012461,28.402614134409646,63.48861494387849,39.67360854738584,78.82431359306153,4.328767123287672,3.7465665830615786,2.469422776471788,5.044936419366634,8.191780821917808,7.205777810475498,4.619932788139334,9.875608921267535,1.0547945205479452,1.1452861983224671,0.38798101800963214,1.9423948153836987,1.904109589041096,1.8663610036234035,0.9368379325415157,2.8255049491910755,0.5199392323220065,0.613646661122354,-1.5074604789600803,0.6484202387475129,-1.187573304158434,-0.4773626548892582,0.39384166930648923,-1.8267759885849528,1.405781511498881,0.5805136173490398,-1.5667153520605561,-3.5373307417513593,23.508012744763178,2,0,,
Malik Monk,monkma01,SAC,SG,28.99110198494182,62.0,12.451612903225806,13.095849195564893,9.609730981566544,16.634808888282098,1.8870967741935485,2.2481785433630197,0.9949786450658278,3.4810973072665554,2.9838709677419355,2.9368509307400785,2.038888459089521,3.900292099457821,0.5967741935483871,0.7072269741782945,0.4330080229822868,0.9912687522504336,0.3870967741935484,0.38406689108541286,0.17082538764974423,0.6144016523911695,2.0,2.038887112898779,1.5108078409343624,2.620387380485431,1.467741935483871,1.4786376126616925,1.02408794584175,1.9530455724466205,22.0,23.339742632837737,16.855062489323526,28.811694393608562,62.863941610223,39.048935213730346,78.19964025940605,4.467741935483871,4.640933769641469,3.363789963051678,5.939303605946524,10.193548387096774,10.487740355866391,7.901895333530227,13.157571466658428,1.5161290322580645,1.5620635372682983,0.8047583569554633,2.3591721543295296,1.7258064516129032,1.8442278220886181,0.9147047510067303,2.80337176765629,0.4425103608753558,0.8470013945995217,-0.7872565467885569,-1.3734218600163954,-0.4634671327173621,-1.0212823917279328,-0.3870812221375877,0.34200747787160235,0.688743905344815,-0.6986870266408435,0.15680630271368565,-3.5436384940985755,21.994183826840064,2,0,,
Aaron Nesmith,nesmiaa01,IND,SF,27.29637234770705,45.0,13.8,13.009880857491417,9.523762643493068,16.548840550208624,4.155555555555556,3.7978291370706945,2.5446292387735028,5.03074790097423,1.9111111111111112,1.9047281820023387,1.006765710351781,2.868169350720081,0.5777777777777777,0.6162914056612463,0.3420724544652386,0.9003331837333854,0.5111111111111111,0.43473082117967426,0.22148931774400563,0.6650655824854309,2.3333333333333335,2.23159107560945,1.7035118036450334,2.813091343196102,1.4,1.2465043800372186,0.7919547132172762,1.7209123398221466,29.666666666666668,27.201830117699824,20.717149974185613,32.67378187847065,60.73336929619427,36.91836289970162,76.06906794537731,4.711111111111111,4.388289150800201,3.11114534421041,5.686658987105256,11.377777777777778,10.372539852767314,7.78669483043115,13.042370963559351,2.0444444444444443,1.8199737357387238,1.0626685554258888,2.6170823527999554,2.466666666666667,2.2371164967859265,1.3075934257040387,3.1962604423535987,0.4230679479750988,0.8135355214417697,-0.8059383906479837,-0.6264918647967471,-1.0241093204848275,-1.36113888357303,-0.2563138528654657,0.592047563277504,1.0589156434859208,-1.0908689740985231,-0.0431971742482397,-3.5570952539513927,22.3309303954653,2,0,,
Ron Holland,hollaro01,DET,SF,21.571526351813826,78.0,8.205128205128204,10.114117809102158,6.627999595103809,13.653077501819363,4.038461538461538,4.419175028793125,3.1659751304959336,5.652093792696661,1.2179487179487178,1.84815406634072,0.9501915946901625,2.8115952350584625,1.1794871794871795,1.1068558787909226,0.8326369275949149,1.3908976568630618,0.34615384615384615,0.4046166412690154,0.19137513783334678,0.6349514025747721,0.6410256410256411,0.9423088203164627,0.41422954835204606,1.523809087903115,1.2307692307692308,1.278180801503253,0.8236311346833105,1.752588761288181,19.880769230769232,21.58589322243319,15.101213078918978,27.057844983204014,63.263546214319646,39.448539817827,78.59924486350269,3.0128205128205128,3.5876977665392356,2.310553959949445,4.886067602844291,6.9743589743589745,8.195577329911224,5.60973230757506,10.865408440703261,1.5384615384615385,1.8074823336729529,1.0501771533601179,2.6045909507341847,1.9102564102564104,2.262490574376482,1.3329675032945942,3.2216345199441543,0.4377602238521125,0.7988905474981152,-1.4352188250059044,-0.32700378289076143,-1.0548400024839693,0.4722638605955957,-0.33404078951206206,-1.0808409476338527,1.0084027726677167,-0.6519772493903961,-0.1718298861784597,-3.5750848498320926,21.44559570184155,2,0,,
Sam Merrill,merrisa01,CLE,SG,30.715947980835043,52.0,12.75,9.962971719411046,6.476853505412697,13.50193141212825,2.5576923076923075,1.9305561775501077,0.6773562792529157,3.1634749414536434,2.4038461538461537,2.168023105715555,1.2700606340649971,3.1314642744332972,0.6346153846153846,0.6279977596945934,0.3537788084985857,0.9120395377667325,0.1346153846153846,0.08330849833007659,0.0,0.3136432596358333,3.0384615384615383,2.7548161531899082,2.2267368812254915,3.3363164207765603,0.8076923076923077,0.7415413128389466,0.2869916460190041,1.2159492726238748,26.478846153846156,23.98989909548521,17.505218951971,29.461850856256035,62.55885459343659,38.743848196943944,77.89455324261964,4.288461538461538,3.7922086455030732,2.5150648389132826,5.090578481808128,9.307692307692308,8.204911346771574,5.61906632443541,10.874742457563611,1.1346153846153846,0.9100562414790686,0.1527510611662336,1.7071648585403003,1.3269230769230769,1.1053026743244976,0.17577960324260977,2.06444661989217,0.4621876441108912,0.8233547811102934,-1.4680644948286579,-1.5265155142514901,-0.8810892753989364,-1.3173883415249625,-1.1633609883135188,1.2709502762494915,1.864156039996649,-0.2566278464776651,-0.12978774590035688,-3.6077278904494476,16.92405125227957,2,0,,
Ja'Kobe Walter,walteja01,TOR,SG,22.409308692676248,72.0,7.513888888888889,9.59765965990594,6.111541445907591,13.136619352623145,2.5694444444444446,2.839759083596101,1.5865591852989092,4.072677847499637,1.1944444444444444,1.7195594229456632,0.8215969512951056,2.6830005916634057,1.0138888888888888,0.9980992489408742,0.7238802977448665,1.2821410270130134,0.19444444444444445,0.25605826084725314,0.0428167574115845,0.48639302215300984,1.5277777777777777,1.6239434008308948,1.095864128866478,2.205443668417547,0.5138888888888888,0.8509690387026372,0.39641937188269466,1.3253769984875652,20.46388888888889,22.236369346216986,15.751689202702774,27.70832110698781,66.13076788987118,42.31576149337853,81.46646653905422,2.5,3.283005412320846,2.005861605731055,4.581375248625901,5.611111111111111,7.291787165500033,4.705942143163869,9.96161827629207,0.9861111111111112,1.3290344075837017,0.5717292272708667,2.126143024644933,1.25,1.6918179528326545,0.7622948817507667,2.6509618984003263,0.4502333019062707,0.7855658496580351,-1.5474507317686694,-1.0882806469697037,-1.124691754415949,0.06580412994791379,-0.7174810112820147,-0.1963964020728464,1.6896568912714864,-0.41508043038908676,-0.2935297756772894,-3.6274497313561587,18.496213185301503,2,0,,
Coby White,whiteco01,CHO,SG,26.9596167008898,50.0,17.36,16.47387167835603,12.98775346435768,20.012831371073236,3.4,3.4446360811069345,2.0786481919629956,4.788517533761788,4.0,3.8862140965997334,2.988251624949176,4.849655265317476,0.5,0.6397050030589062,0.3654860518628985,0.9237467811310454,0.1,0.14620177213871385,0.0,0.3765365334444705,2.3,2.2236079669261195,1.6955286949617028,2.8051082345127716,2.56,2.3390372512841933,1.8844875844642508,2.8134452110691215,24.996,25.91908419600821,18.591395633837152,32.10238968567924,61.45013568319483,33.82472826326336,79.23954611624715,5.56,5.438572443145404,4.161428636555613,6.736942279450458,12.46,12.101800789115298,9.515955766779134,14.771631899907335,3.94,3.5856927690330376,2.8283875887202026,4.382801386094269,4.82,4.421730864361852,3.492207793279964,5.380874809929524,0.4494019144685483,0.8109251510382299,-0.053175953963794896,-0.7967305551659318,0.052220602045132083,-1.2736344757510192,-1.0010287739439447,0.5816892024586268,-0.6832941528168384,-0.6209757795437351,0.16128196916692353,-3.633647917514582,26.455439194892616,2,1,unknown,ROSTER_CHANGE
Luke Kornet,kornelu01,SAS,C,31.550992470910334,68.0,6.529411764705882,5.450052690001016,1.9639344760026671,8.98901238271822,6.088235294117647,5.759646128095644,4.506446229798453,6.99256489199918,1.8529411764705883,1.619670770128979,0.7217082984784213,2.5831119388467214,0.47058823529411764,0.49597660358270146,0.22175765238669376,0.7800183816548406,0.9558823529411765,0.8486784099408624,0.6354369065051938,1.079013171246619,0.0,0.06620269062929784,0.0,0.64770295821595,0.4117647058823529,0.49090417549459936,0.03635450867465684,0.9653121352795274,21.033823529411762,20.032024503148605,13.547344359634394,25.50397626391943,61.41828640442818,37.603280007935524,76.75398505361123,2.573529411764706,2.1423090183178393,0.8651652117280484,3.4406788546228944,4.0,3.5911482987167056,1.0053032763805412,6.260979409508742,1.3823529411764706,1.2329323110065429,0.4756271306937079,2.0300409280677743,1.6764705882352942,1.5205450941764762,0.5910220230945884,2.479689039744148,0.596552645593442,0.8108488960495421,-2.4487703052121876,0.3191019107795502,-1.1789506038762283,-1.8107953515345805,0.812115641216954,-2.2176190834343887,2.2638350679605512,0.7660738840901538,-0.14151576868062646,-3.6365246086908027,18.334195063985348,2,0,,
Goga Bitadze,bitadgo01,ORL,C,27.537303216974674,64.0,5.859375,6.561118444022077,3.0750002300237287,10.100078136739283,5.0,5.502060730247927,4.2488608319507355,6.734979494151463,1.3125,1.5246850176067084,0.6267225459561507,2.488126186324451,0.578125,0.60786010189576,0.3336411506997523,0.8919018799678992,0.953125,0.9290293269740745,0.7157878235384059,1.159364088279831,0.03125,0.12179907279078198,0.0,0.7032993403774341,0.671875,0.8415606174831007,0.3870109506631582,1.3159685772680287,15.1875,17.406626147629424,10.921946004115213,22.87857790840025,60.874890712687844,37.059884316195195,76.21058936187089,2.375,2.378530199889909,1.1013863933001182,3.676900036194964,3.515625,3.886143692251371,1.3002986699152066,6.555974803043408,1.078125,1.1518073637026702,0.3945021833898352,1.9489159807639018,1.515625,1.5680395182276932,0.6385164471458054,2.527183463795365,0.6120541051100321,0.7345525098784007,-2.2073237750206056,0.19494601346677795,-1.2305462306230972,-1.3926494725114094,1.0195073303237139,-2.1454808463770205,1.7046600495725366,0.9589414785433056,-0.6115255661436438,-3.7094710187694413,19.219726515856056,2,0,,
T.J. McConnell,mccontj01,IND,PG,34.85557837097878,56.0,9.375,7.903741905125188,4.41762369112684,11.442701597842394,2.2142857142857144,2.16733717145354,0.9141372731563482,3.400255935357076,5.125,4.962395373877715,4.064432902227158,5.925836542595458,1.0,0.9564353356175617,0.682216384421554,1.2404771136897008,0.17857142857142858,0.15838061786577476,0.0,0.3887153791715314,0.2857142857142857,0.4996784075465921,0.0,1.0811786751332444,1.1428571428571428,1.142206500937248,0.6876568341173055,1.616614460722176,17.185714285714287,17.57255191784511,11.0878717743309,23.044503678615936,58.68570919665296,34.8707028001603,74.02140784583601,4.321428571428571,3.9266698302852716,2.649526023695481,5.225039666590327,8.035714285714286,7.475032760398585,4.88918773806242,10.144863871190621,0.44642857142857145,0.3996769266250536,0.0,1.196785543686285,0.5178571428571429,0.49351145138245817,0.0,1.4526553969501301,0.5253046984741099,0.8098635310395558,-1.9155572662753342,-1.4123873182810396,0.6367950884280726,-0.08990778398755138,-0.9695942679051178,-1.6551692834678065,1.2252344714898549,0.686409920043698,-0.25016428478067554,-3.7443407247359,20.15038093119877,2,0,,
Jarace Walker,walkeja02,IND,PF,23.411362080766597,76.0,11.631578947368421,11.994758066666813,8.508639852668464,15.533717759384018,5.144736842105263,4.948029646212521,3.694829747915329,6.180948410116057,2.526315789473684,2.7452465009328146,1.847284029282257,3.708687669650557,0.8289473684210527,0.8464885530583253,0.5722696018623176,1.1305303311304644,0.34210526315789475,0.37236626319216876,0.15912475975650012,0.6027010244979254,1.75,1.7748009999804333,1.2467217280160168,2.3563012675670856,1.8289473684210527,1.7127276060837862,1.2581779392638437,2.187135565868714,25.70394736842105,24.97581287630666,18.491132732792448,30.447764637077483,64.6109164522263,40.79591005573366,79.94661510140935,4.0394736842105265,4.00900061407052,2.731856807480729,5.307370450375575,9.644736842105264,9.435805568801122,6.849960546464958,12.10563667959316,1.8026315789473684,1.815175030267682,1.057869849954847,2.6122836473289137,2.4078947368421053,2.4033279870814144,1.4738049159995266,3.362471932649086,0.4248710494126776,0.7552756178202786,-1.0265354837326737,-0.07209640024275142,-0.5675453800425528,-0.5008155115092918,-0.4172814124028283,-0.0006534269680013251,0.3154518145622884,-0.9707615154446355,-0.5800130819695756,-3.820250397750022,23.994100236188757,2,0,,
Olivier-Maxence Prosper,prospol01,MEM,PF,24.583162217659137,53.0,10.0,10.7265343066592,7.240416092660851,14.265493999376405,3.5283018867924527,3.743643869813676,2.490443971516484,4.9765626337172115,0.9622641509433962,1.52136368897586,0.6234012173253023,2.4848048576936024,0.7547169811320755,0.74380701332786,0.46958806213185234,1.0278487913999992,0.24528301886792453,0.3092031899167268,0.09596168648105816,0.5395379512224835,1.1320754716981132,1.1568524556744315,0.6287731837100149,1.7383527232610838,0.8867924528301887,1.0566679103468066,0.6021182435268642,1.5310758701317346,18.558490566037737,19.709456215599467,13.224776072085255,25.18140797637029,60.41133592000836,36.596329523515706,75.74703456919141,3.6226415094339623,3.863625389094477,2.5864815825046863,5.161995225399532,6.60377358490566,7.277117886486923,4.691272864150758,9.946948997278959,1.6226415094339623,1.598378639184522,0.841073458871687,2.3954872562457536,2.150943396226415,2.097421467537542,1.1678983964556544,3.056565413105214,0.5309279648016899,0.762068408244664,-1.3021341377746694,-0.652609107985372,-1.2323503541657388,-0.8845706079928702,-0.5803099992496149,-0.802463128342498,1.3616387613841308,0.7455523938732472,-0.4877490018165535,-3.834995182069939,19.603315183286355,2,0,,
Gui Santos,santogu01,GSW,PF,24.61327857631759,68.0,9.191176470588236,10.160544279396646,6.674426065398297,13.69950397211385,3.911764705882353,4.018257924527991,2.7650580262307995,5.251176688431527,2.338235294117647,2.62075685369835,1.7227943820477922,3.5841980224160923,0.8970588235294118,0.8803869135861359,0.6061679623901282,1.1644286916582751,0.3235294117647059,0.36459270146294187,0.15135119802727323,0.5949274627686986,1.1470588235294117,1.1898319119713792,0.6617526400069625,1.7713321795580312,1.5,1.4918332075997252,1.0372835407797827,1.9662411673846532,20.526470588235295,20.92724800843234,14.442567864918129,26.399199769203165,62.484654254097755,38.6696478576051,77.8203529032808,3.3823529411764706,3.554247436576098,2.277103629986307,4.852617272881153,6.764705882352941,7.18762071579799,4.601775693461825,9.857451826590026,1.2794117647058822,1.3318747391949999,0.5745695588821649,2.1289833562562315,1.7647058823529411,1.7972702763714898,0.867747205289602,2.7564142219391616,0.4944956860013579,0.7410542291301465,-1.425129854014693,-0.5202454155453553,-0.6351673254606601,-0.3741260535100031,-0.4373455530116238,-0.7596711382187145,0.667701522663144,0.21743785444553104,-0.6107484038918247,-3.8772943665441995,21.15669470692527,2,0,,
Marvin Bagley III,baglema01,DEN,PF,27.887748117727583,60.0,10.45,9.490527027052929,6.00440881305458,13.029486719770134,6.1,5.811800465904409,4.445812576760471,7.155681918559263,1.4166666666666667,1.5382110401291325,0.6402485684785748,2.501652208846875,0.4666666666666667,0.5248423574542148,0.2506234062582071,0.808884135526354,0.7166666666666667,0.6340079620455115,0.42076645860984285,0.8643427233512682,0.4,0.45718840436327285,0.0,1.038688671949925,1.0166666666666666,1.0301043716906502,0.5755547048707077,1.5045123314755782,20.015,20.46233475611951,13.134646193948452,26.645640245790542,59.55413633455747,31.928728914626,77.3435467676098,4.233333333333333,4.018106527673987,2.7409627210841956,5.316476363979041,6.85,6.823304930377515,4.23745990804135,9.493136041169551,1.5833333333333333,1.5954658292127852,0.8381606488999502,2.3925744462740166,2.4,2.310211787231585,1.3806887161496972,3.269355732799257,0.588879812447672,0.6906145306810563,-1.5707318043595881,0.3442402480591687,-1.223198985474167,-1.7029144199561148,0.25803525938485394,-1.7103015385361962,1.4039983630850859,1.4719199262530676,-1.1621757569989608,-3.8911287085428503,21.218450733140443,2,1,unknown,ROSTER_CHANGE
Jaxson Hayes,hayesja02,UTA,C,26.694045174537987,66.0,7.53030303030303,7.994352427701594,4.508234213703245,11.533312120418799,4.106060606060606,4.693159933255505,3.3271720441115664,6.037041385910359,0.8939393939393939,1.2081199804017129,0.3101575087511552,2.171561149119455,0.4393939393939394,0.5468688012958485,0.2726498500998408,0.8309105793679876,0.7878787878787878,0.7961810506825707,0.5829395472469021,1.0265158119883273,0.045454545454545456,0.06984061875307415,0.0,0.6513408863397263,0.4696969696969697,0.7061086512190738,0.2515589843991313,1.180516611004002,18.283333333333335,19.937920303097904,12.610231740926846,26.121225792768936,62.889504615569436,35.264097195637966,80.67891504862176,3.0,3.5644746051410334,2.2873307985512428,4.8628444414460885,3.9696969696969697,5.268465355325787,2.682620332989623,7.938296466117825,1.4848484848484849,1.5658566374200553,0.8085514571072203,2.3629652544812867,2.272727272727273,2.2862688945063003,1.3567458234244125,3.245412840073972,0.6765679120462995,0.6848960947606245,-1.89586662582877,-0.194943340226261,-1.4025022457834557,-1.6205942667540456,0.6766160549991477,-2.2128987453262656,1.920658806922797,2.0188324112229123,-1.2051375093037482,-3.91583546007769,18.76136522292695,2,1,unknown,ROSTER_CHANGE
Obi Toppin,toppiob01,IND,PF,28.914442162902123,24.0,11.625,11.220682827887758,7.734564613889409,14.759642520604963,4.416666666666667,4.324271649116221,3.071071750819029,5.5571904130197565,2.2916666666666665,2.3683872905920116,1.470424818941454,3.331828459309754,0.5,0.5467304176967576,0.27251146650074987,0.8307721957688967,0.041666666666666664,0.1282960494091461,0.0,0.35863081071490277,1.5416666666666667,1.51104418288389,0.9829649109194735,2.0925444504705424,1.1666666666666667,1.21803411394068,0.7634844471207376,1.692442073725608,17.666666666666668,18.51571863315223,12.031038489638018,23.987670393923054,54.8499017736939,31.03489537720125,70.18560042287695,4.166666666666667,4.024064664850385,2.7469208582605935,5.322434501155439,8.291666666666666,8.189593789356774,5.60374876702061,10.859424900148811,1.75,1.4323599063125643,0.6750547259997293,2.2294685233737956,1.9166666666666667,1.6980473853088203,0.7685243142269325,2.6571913308764925,0.49136315772829586,0.8435335307513011,-1.1947503529553283,-0.37274711446255615,-0.7722527875909101,-1.6211114523315144,-1.0472447751879312,-0.3428870590403555,1.104315812031992,0.21562145491128482,0.09725935138224003,-3.9337969232430785,20.76943503009227,2,0,,
Josh Minott,minotjo01,BRK,PF,24.186173853524984,49.0,7.428571428571429,8.101183240091801,4.615065026093452,11.640142932809006,3.2244897959183674,3.5769379840017352,2.2109500948577963,4.920819436656589,0.9387755102040817,1.2367354864169429,0.3387730147663852,2.200176655134685,0.8979591836734694,0.8501706365659457,0.575951685369938,1.134212414638085,0.4897959183673469,0.4890339079192046,0.2757924044835359,0.7193686692249612,1.3061224489795917,1.2827714861400774,0.7546922141756608,1.8642717537267295,0.8775510204081632,0.9830749061715529,0.5285252393516104,1.457482865956481,17.012244897959185,18.7787799177361,11.45109135556504,24.96208540740713,58.88770307513526,31.262295655203793,76.67711350818759,2.5714285714285716,2.8851137440721373,1.6079699374823464,4.183483580377192,5.142857142857143,5.873087129006105,3.287242106669941,8.542918239798142,0.9795918367346939,1.1472442800384877,0.38993909972565266,1.9443528970997193,1.2448979591836735,1.4640751735695035,0.5345521024876156,2.4232191191371752,0.49124313682034226,0.7835965671362605,-1.8726511420684142,-0.7329611737982729,-1.3869584939224762,-0.487054339681945,-0.11615354980424392,-0.6390788123742257,1.4789939972656267,0.1155945350217959,-0.305781336536384,-3.9460503158985394,17.2831507778032,2,1,unknown,ROSTER_CHANGE
Jaylen Wells,wellsja01,MEM,SG,23.43600273785079,69.0,12.53623188405797,12.492042878782549,9.0059246647842,16.031002571499755,3.1884057971014492,3.026922254919411,1.7737223566222189,4.2598410188229465,1.608695652173913,1.9896622012385574,1.0916997295879998,2.9531033699563,0.8840579710144928,0.8870462819658892,0.6128273307698815,1.1710880600380285,0.13043478260869565,0.171786432465896,0.0,0.4021211937716527,1.8695652173913044,1.9017683267382572,1.3736890547738407,2.4832685943249095,1.0724637681159421,1.1752939969374427,0.7207443301175003,1.6497019567223707,26.38550724637681,25.922094043425012,19.4374138999108,31.394045804195837,65.9252413598497,42.110234963357044,81.26094000903274,4.36231884057971,4.313323097177811,3.03617929058802,5.611692933482866,10.115942028985508,9.893239055021295,7.307394032685131,12.563070165813333,1.9420289855072463,1.938468837483575,1.18116365717074,2.7355774545448064,2.4782608695652173,2.476607396420479,1.5470843253385913,3.4357513419881514,0.4359869475698752,0.7827113979734159,-0.9184701491943896,-0.9980681905427775,-0.977973728164328,-0.3492377769823995,-0.9349928640079846,0.16409108985312232,1.1724714277556434,-0.7941201191073606,-0.31881865842598817,-3.9551189688164627,21.11004703290159,2,0,,
Duncan Robinson,robindu01,DET,SG,32.780287474332646,77.0,12.194805194805195,10.386456853874757,6.9003386398764075,13.925416546591961,2.6623376623376624,2.059112191411769,0.805912293114577,3.2920309553153047,2.064935064935065,1.944767808977593,1.0468053373270354,2.9082089776953355,0.5714285714285714,0.5941254469050549,0.31990649570904717,0.878167224977194,0.2857142857142857,0.20490870468248962,0.0,0.43524346598824626,2.857142857142857,2.5766281011629366,2.04854882919852,3.1581283687495887,0.7012987012987013,0.733653095712235,0.2791034288922925,1.2080610554971631,27.442857142857143,24.735476671862195,18.250796528347983,30.20742843263302,66.99840304547257,43.18339664897992,82.0,4.12987012987013,3.656892718684246,2.3797489120944553,4.955262554989301,9.064935064935066,7.996875229296835,5.411030206960671,10.666706340088872,1.077922077922078,0.9390827726660922,0.1817775923532572,1.7361913897273238,1.4285714285714286,1.2317937835423178,0.30227071246043,2.19093772910999,0.45729020571523865,0.7623701184507807,-1.376036623450273,-1.4645516475520906,-1.002360062373568,-1.4439804504550806,-0.8495018175372402,1.0397450891821678,1.876735001705906,-0.3308644613785031,-0.4085870587938458,-3.9594020306525275,17.437992556085664,2,0,,
Brandon Williams,willibr03,GSW,PG,27.195071868583163,66.0,13.015151515151516,12.600745373926756,9.114627159928407,16.139705066643963,2.893939393939394,2.8227871109943483,1.456799221850409,4.166668563649202,3.878787878787879,4.313020758605098,3.4150582869545403,5.27646192732284,0.9393939393939394,0.9276263838934404,0.6534074326974327,1.2116681619655796,0.30303030303030304,0.27056787960499745,0.05732637616932881,0.5009026409107541,0.5454545454545454,0.77009321518848,0.24201394322406333,1.3515934827751321,1.893939393939394,1.766099983456602,1.3115503166366596,2.2405079432415302,22.15909090909091,22.34290184100538,15.01521327883432,28.52620733067641,61.43771283854991,33.81230541861844,79.22712327160224,4.409090909090909,4.321199011620513,3.0440552050307215,5.619568847925567,9.348484848484848,9.168802798548437,6.5829577762122735,11.838633909340475,3.6515151515151514,3.179623818984349,2.422318638671514,3.9767324360455807,4.606060606060606,4.020251346271987,3.0907282751900995,4.979395291839659,0.47129370175838275,0.7909017484523302,-0.8948479286545613,-1.0964611203394874,0.2840591319419464,-0.19757642703187403,-0.6800306068115851,-1.3042966773900804,0.2303414429130061,-0.10620337055325575,-0.20013228010430822,-3.9651478360302,24.286103852066333,2,1,unknown,ROSTER_CHANGE
Marcus Smart,smartma01,HOU,SG,32.90896646132786,62.0,9.338709677419354,7.943905802796506,4.457787588798157,11.48286549551371,2.774193548387097,2.2539161758515363,0.887928286707597,3.59779762850639,2.9838709677419355,2.7055293392953335,1.8075668676447758,3.668970508013076,1.403225806451613,1.1818639360854941,0.9076449848894864,1.4659057141576333,0.3709677419354839,0.29407959418313917,0.08083809074747053,0.5244143554888958,1.564516129032258,1.5190021236256366,0.99092285166122,2.100502391212289,1.4838709677419355,1.1768679094668566,0.7223182426469141,1.6512758692517846,28.53548387096774,25.63696287800978,18.30927431583872,31.82026836768081,60.223954854111255,32.598547434179785,78.01336528716358,3.032258064516129,2.7140193354866984,1.4368755288969075,4.012389171791753,7.67741935483871,6.654568421623759,4.068723399287595,9.324399532415796,1.7096774193548387,1.401104171929547,0.643798991616712,2.1982127889907783,2.0806451612903225,1.729886866463306,0.8003637953814182,2.6890308120309783,0.4078430280568758,0.8099397706822621,-1.9068292196258774,-1.370656327047466,-0.5891194771347675,0.7525939407607624,-0.6193451239297736,-0.33256135449992047,1.1699615848946787,-0.9477054555008235,-0.12600672218464165,-3.9696681542678287,17.957861904100394,2,1,unknown,ROSTER_CHANGE
Brook Lopez,lopezbr01,LAC,C,38.836413415468854,75.0,8.453333333333333,7.237367851897329,3.75124963789898,10.776327544614533,3.64,3.6557557643832035,2.4025558660860113,4.888674528286739,1.2933333333333332,1.0109137714139809,0.11295129976342322,1.974354940131723,0.6,0.6019612543583127,0.327742303162305,0.8860030324304519,1.16,1.0260979653195255,0.8128564618838569,1.2564327266252822,1.52,1.3144227272838083,0.7863434553193916,1.8959229948704603,0.8133333333333334,0.73606048837064,0.28151082155069745,1.210468448155568,21.808,20.35432901375708,13.86964887024287,25.826280774527905,60.2421811853254,36.427174788832744,75.57787983450845,3.0933333333333333,2.5317115627008318,1.2545677561110409,3.830081399005887,7.226666666666667,5.827380256947593,3.2415352346114283,8.497211367739629,0.7466666666666667,0.640247999485754,0.0,1.4373566165469855,0.9866666666666667,0.835874971516149,0.0,1.795018917083821,0.4344510656709664,0.7659614431622976,-2.0603675102948946,-0.6949710845726117,-1.5096233421679943,-1.4146954294752137,1.270048700715732,-0.5980102275487876,1.8728960480383299,-0.5401324136080647,-0.3616118741483147,-4.03646713306182,17.288762596941016,2,0,,
Rui Hachimura,hachiru01,LAC,PF,28.980150581793293,68.0,11.470588235294118,10.359325204524994,6.873206990526645,13.898284897242199,3.323529411764706,3.2125154348200815,1.8465275456761423,4.556396887474936,0.8382352941176471,0.8627926573477149,0.0,1.8262338260654571,0.5735294117647058,0.6163592668245977,0.34214031562859004,0.9004010448967369,0.3088235294117647,0.32597620023436336,0.11273469679869472,0.55631096154012,1.7058823529411764,1.5707143952199436,1.0426351232555269,2.1522146628065957,0.6176470588235294,0.633836074907575,0.17928640808763247,1.108244034692503,28.33823529411765,26.11328003223618,18.78559147006512,32.29658552190721,66.90011818171911,39.27471076178764,84.41598109092494,4.514705882352941,4.214899084982898,2.937755278393107,5.513268921287953,8.779411764705882,8.300759255009625,5.714914232673461,10.970590365801662,0.7352941176470589,0.8262871767463379,0.06898199643350289,1.6233957938075694,1.0588235294117647,1.132927853831716,0.2034047827498282,2.0920717993993883,0.507772717590761,0.7293378602633189,-1.381932622467583,-0.908612468369733,-1.5900817426307539,-1.3608852638147193,-0.5370176129319587,-0.265462885822412,2.035908419788192,0.4894419662482131,-0.5483998068354985,-4.067042016836254,17.701703038599973,2,1,unknown,ROSTER_CHANGE
John Konchar,konchjo01,FA,SG,30.863791923340177,56.0,4.428571428571429,3.683172534139288,0.39090550614827,7.415983412863824,4.285714285714286,3.4440700483981517,2.3142526098566822,4.934621679816249,2.107142857142857,1.9010898623204837,1.1031847518446882,2.9645883922129883,1.4821428571428572,1.1710559480061802,0.958471520389445,1.516732249657592,0.6785714285714286,0.4963915262259874,0.30927589259168653,0.7528521573331118,0.5,0.5049128694503834,0.003407959035986896,1.1129874985870556,0.625,0.5823152274343918,0.15841373047941726,1.0873713570842878,19.90357142857143,17.83331582238058,11.854636651699959,24.743885844519227,58.106042369382884,32.00479535882694,74.9139680888875,1.6785714285714286,1.2367474684057114,0.02469563383727369,2.6002092767321194,3.5535714285714284,2.624140168564413,0.17640778667900658,5.432083919807208,0.5714285714285714,0.540300343025114,0.0,1.3658458202455621,0.7857142857142857,0.7155366457134038,0.0,1.7123404147396761,0.4712962680961888,0.7550980739587756,-2.8327323536807327,-0.7970033823504482,-1.0260856314504827,0.7122008913474227,-0.09716299008461067,-1.6483773873227177,2.1180662454645502,-0.12537649871410095,-0.3835306116516299,-4.080001718442751,15.087718580959907,2,1,smaller,ROSTER_CHANGE
Dru Smith,smithdr01,MIA,SG,29.089664613278575,70.0,5.642857142857143,5.731368715825364,2.2452505018270155,9.27032840854257,2.4714285714285715,2.4963732928695257,1.2431733945723338,3.7292920567730614,2.5714285714285716,2.6628096903835656,1.764847218733008,3.626250859101308,1.4285714285714286,1.2672206223791307,0.993001671183123,1.5512624004512698,0.3,0.28822076356280485,0.07497926012713621,0.5185555248685615,0.5428571428571428,0.746559893098683,0.21848062113426636,1.328060160685335,0.7857142857142857,0.838996752153126,0.38444708533318345,1.313404711938054,16.305714285714288,17.32742468731683,10.84274454380262,22.799376448087656,62.77862945864287,38.96362306215022,78.11432810782591,1.9285714285714286,2.1681422561911483,0.8909984496013574,3.4665120924962034,4.642857142857143,5.065263279150321,2.479418256814157,7.735094389942358,1.2428571428571429,1.1692917375080412,0.41198655719520616,1.9664003545692728,1.5,1.4386517143166442,0.5091286432347564,2.3977956598843164,0.42804137449590696,0.8127691545298381,-2.3876373091885457,-1.253792245563186,-0.612324505272983,1.0716002925365182,-0.6344672012302642,-1.3348319802579935,1.7087485227085302,-0.5510359070002012,-0.13905797703107034,-4.132798310299196,16.548558608516824,2,0,,
Yves Missi,missiyv01,NOP,C,22.718685831622178,66.0,5.712121212121212,7.0624714236014805,3.576353209603132,10.601431116318686,5.833333333333333,6.207717374488019,4.954517476190827,7.440636138391555,1.2727272727272727,1.3327245504779197,0.43476207882736206,2.296165719195662,0.30303030303030304,0.4845289980605688,0.21031004686456112,0.768570776132708,1.5303030303030303,1.3832144663527783,1.1699729629171096,1.613549227658535,0.0,0.14510880897655648,0.0,0.7266090765632087,0.8181818181818182,0.9200521817926763,0.4655025149727338,1.3944601415776043,19.64848484848485,20.615639284951996,14.130959141437785,26.08759104572282,62.681292558324266,38.86628616183161,78.01699120750732,2.4242424242424243,2.4715108622030204,1.1943670556132295,3.769880698508075,4.454545454545454,4.706102111415698,2.120257089079533,7.375933222207735,0.8636363636363636,1.1824080348277612,0.42510285451492624,1.9795166518889928,1.5454545454545454,1.8725514049397325,0.9430283338578447,2.8316953505074043,0.5251715334029453,0.6314422299481902,-2.0983743839674074,0.5350717915287145,-1.3348178750448163,-1.853578864259298,2.1917929332870822,-2.115235653986084,1.579493314670372,0.38161222979585213,-1.4386281816912245,-4.1526646896668105,21.193997310151346,2,0,,
Sam Hauser,hausesa01,BOS,PF,29.149897330595483,78.0,9.217948717948717,8.531224574806677,5.045106360808328,12.070184267523882,3.8461538461538463,3.493759107605574,2.2405592093083824,4.72667787150911,1.4615384615384615,1.3743225895648823,0.47636011791432464,2.3377637582826245,0.48717948717948717,0.5492818756757778,0.2750629244797701,0.833323653747917,0.2948717948717949,0.28121559335505647,0.06797408991938783,0.5115503546608131,2.5384615384615383,2.3686787447515307,1.840599472787114,2.950179012338183,0.44871794871794873,0.5436652211784478,0.08911555435850532,1.0180731809633758,24.8,23.091189590071924,16.606509446557713,28.56314135084275,67.04909861846087,43.234092221968226,82.0,3.230769230769231,3.0263641308854736,1.7492203242956827,4.324733967190529,7.705128205128205,7.097211298916982,4.511366276580818,9.767042409709019,0.21794871794871795,0.35106575472725404,0.0,1.1481743717884856,0.2564102564102564,0.4389951001625213,0.0,1.3981390457301934,0.4264159545802574,0.7997031278874986,-1.7791985379087731,-0.7730533068257006,-1.3122220978767682,-1.6115758044878719,-0.6525480662098735,0.7699235758836719,2.1796995576498515,-0.7414885966304315,-0.2733230842554484,-4.193786360661344,16.73304657419475,2,0,,
Bub Carrington,carrica01,WAS,PG,21.533196440793976,82.0,10.707317073170731,11.937956189892416,8.451837975894067,15.476915882609621,3.3658536585365852,3.3088483633151045,2.0556484650179128,4.54176712721864,4.646341463414634,4.854011094830337,3.95604862317978,5.81745226354808,0.6341463414634146,0.7972094416328441,0.5229904904368364,1.0812512197049833,0.2073170731707317,0.23379233052935539,0.020550827093686747,0.464127091835112,2.0609756097560976,2.124048635312521,1.5959693633481042,2.705548902899173,2.3292682926829267,2.1606373275176374,1.706087660697695,2.6350452873025656,27.68780487804878,27.033417910375018,20.548737766860807,32.50536967114584,69.81825771853863,46.00325132204598,82.0,3.8292682926829267,4.213175248924353,2.9360314423345617,5.5115450852294074,9.036585365853659,9.817422425079537,7.231577402743373,12.487253535871574,0.9878048780487805,1.30765085565364,0.5503456753408049,2.1047594727148713,1.353658536585366,1.754735441678814,0.8252123705969261,2.713879387246486,0.4291528943647568,0.74521254007531,-1.0388791420678474,-0.8621800957352501,0.577921471506989,-0.6849879558391238,-0.7749510323927076,0.4525075113846624,-0.39880834646209457,-0.921596459067004,-0.574415130920443,-4.225389179592819,24.121958857085012,2,0,,
Keon Ellis,elliske01,BRK,SG,27.066392881587955,72.0,6.666666666666667,6.984316615478334,3.498198401479985,10.52327630819554,1.875,1.9904178617582362,0.624429972614297,3.33429931441309,1.0,1.1722597118171216,0.274297240166564,2.135700880534864,1.1527777777777777,1.065679349458195,0.7914603982621874,1.3497211275303342,0.6388888888888888,0.5454384418867776,0.332196938451109,0.7757732031925343,1.2638888888888888,1.2532805179605155,0.7252012459960989,1.8347807855471676,0.5694444444444444,0.6781279749743695,0.22357830815442697,1.1525359347592976,20.538888888888888,20.87180479671011,13.54411623453905,27.05511028638114,64.37765766265439,36.752250242722916,82.16706809570671,2.3472222222222223,2.386954158045815,1.109810351456024,3.6853239943508695,5.333333333333333,5.350586970415581,2.764741948079416,8.020418081207618,0.7083333333333334,0.8631532904786892,0.10584811016585416,1.6602619075399208,0.9722222222222222,1.1511368520830736,0.22161378100118578,2.110280797650746,0.44611071107595135,0.7498268246010409,-2.115358263788047,-1.4976622439201188,-1.421981304313831,0.3183734628822525,0.029430744746861515,-0.6773443679891443,1.9652782500019423,-0.3835840234987171,-0.45876696757960733,-4.241614713458409,15.286433016374447,2,1,unknown,ROSTER_CHANGE
Tim Hardaway Jr.,hardati02,MIA,SG,34.88021902806297,80.0,13.4875,11.180014673959572,7.693896459961223,14.718974366676777,2.575,2.028561982478287,0.6625740933343478,3.3724434351331407,1.35,1.3859466924407886,0.48798422079023096,2.349387861158531,0.525,0.5442222812981536,0.27000333010214594,0.8282640593702928,0.125,0.09667598605200912,0.0,0.3270107473577658,2.8,2.5770653141933884,2.0489860422289716,3.1585655817800404,0.5375,0.6109123472123908,0.15636268039244833,1.085320306997319,26.589999999999996,24.832593555923836,17.504904993752778,31.015899045594868,66.4957504304954,38.870343010563936,84.28516086354773,4.35,3.9530612843459494,2.6759174777561583,5.251431120651004,9.7375,8.798648144078626,6.212803121742462,11.468479254870664,1.9875,1.5645411253152113,0.8072359450023763,2.361649742376443,2.45,1.9440278573914997,1.014504786309612,2.9031718029591715,0.44928052805547264,0.8047935729761175,-1.2035879799091975,-1.4792768168936832,-1.3059079627846464,-1.6304851930074602,-1.1288585089377132,1.0403123882762653,2.0724637894337232,-0.48991666086674324,-0.1442449471363882,-4.269501891825843,17.004991546432798,2,1,unknown,ROSTER_CHANGE
Tre Johnson,johnstr03,WAS,SG,20.906228610540726,60.0,12.216666666666667,12.960761505815872,9.474643291817523,16.499721198533077,2.8333333333333335,3.109748642369227,1.856548744072035,4.342667406272763,2.033333333333333,2.271278151316198,1.3733156796656403,3.2347193200339404,0.55,0.6856479093803216,0.4114289581843139,0.9696896874524608,0.3,0.34362813632696365,0.130386632891295,0.5739628976327203,1.9166666666666667,2.0373081098684795,1.5092288379040628,2.6188083774551316,1.55,1.5650104607821496,1.110460793962207,2.0394184205670776,24.05,25.063543074684333,18.57886293117012,30.535494835455157,61.92615521120172,38.11114881470907,77.26185386038476,4.516666666666667,4.7267211971819245,3.4495773905921334,6.025091033486979,10.783333333333333,11.106214032217412,8.520369009881248,13.77604514300945,1.2666666666666666,1.6507636181643313,0.8934584378514963,2.447872235225563,1.45,1.9669173068802959,1.037394235798408,2.926061252447968,0.4255924821429189,0.8392643719133205,-0.8166125537066495,-0.9581459568256057,-0.8250018238488462,-1.101930540512115,-0.49145665386118936,0.3399586665913431,0.551009264959781,-1.1032261855950116,0.1267489187708304,-4.278656864027463,21.622194779972947,1,0,,
Micah Potter,pottemi01,POR,C,28.824093086926762,47.0,9.74468085106383,8.26136015518379,4.77524194118544,11.800319847900994,4.957446808510638,4.758258684477658,3.3922707953337192,6.102140137132512,1.4680851063829787,1.593579847499593,0.6956173758490354,2.5570210162173352,0.46808510638297873,0.5053527114270498,0.23113376023104215,0.789394489499189,0.3191489361702128,0.3673846274798303,0.15414312404416167,0.597719388785587,1.5106382978723405,1.3497973845857802,0.8217181126213636,1.9312976521724323,1.0,0.9914122388103349,0.5368625719903923,1.465820198595263,19.32340425531915,18.86305693261161,11.535368370440551,25.04636242228264,58.829271811128024,31.203864391196554,76.61868224418035,3.2127659574468086,2.8926931512258394,1.6155493446360485,4.191062987530894,6.23404255319149,5.743948488722231,3.1581034663860668,8.413779599514267,1.8085106382978724,1.4465186225421165,0.6892134422292815,2.243627239603348,2.148936170212766,1.7617816425203086,0.8322585714384207,2.7209255880879804,0.5036070843785253,0.8210544301465226,-1.8378429768218603,-0.16356580897076037,-1.1931230188934343,-1.7757537152298144,-0.4301393844465,-0.5521103809209852,1.4656988525788202,0.2504227925615321,-0.045070196746442054,-4.281483836889444,17.988440125716675,2,1,unknown,ROSTER_CHANGE
Kyle Kuzma,kuzmaky01,MIL,PF,31.526351813826146,69.0,12.985507246376812,11.803975638768577,8.317857424770228,15.342935331485782,4.536231884057971,4.254310935265917,3.0011110369687257,5.487229699169453,2.6666666666666665,2.468109887263868,1.5701474156133102,3.4315510559816103,0.6666666666666666,0.6910110560829833,0.4167921048869756,0.9750528341551224,0.4057971014492754,0.39914566159479903,0.1859041581591304,0.6294804229005557,1.2028985507246377,1.1611917643714191,0.6331124924070025,1.7426920319580712,1.7246376811594204,1.4974250774981848,1.0428754106782423,1.9718330372831128,26.172463768115943,24.311184531245356,17.826504387731145,29.78313629201618,63.218414145473076,39.40340774898043,78.55411279465612,4.913043478260869,4.426585245558383,3.1494414389685916,5.724955081863437,9.985507246376812,9.050056027741594,6.46421100540543,11.71988713853363,1.9565217391304348,1.8063297716229567,1.0490245913101217,2.6034383886841885,2.6956521739130435,2.4502571552544103,1.5207340841725225,3.409401100822082,0.48912241338499424,0.737200080305614,-1.0679945558630541,-0.4064681067132956,-0.7180841387200884,-1.081886675901806,-0.34816179469281816,-0.7968327245773902,0.6587844357972564,0.2121980174873924,-0.7613171418124455,-4.309762684996249,22.384358667518644,2,0,,
Jamir Watkins,watkija01,WAS,SG,25.574264202600958,50.0,7.36,8.35959001773606,4.873471803737711,11.898549710453265,3.88,3.723299073761909,2.470099175464717,4.956217837665445,1.34,1.6244235466682309,0.7264610750176732,2.5878647153859733,1.08,1.003668254699642,0.7294493035036343,1.2877100327717812,0.5,0.4562387186274016,0.24299721519173298,0.6865734799331583,0.94,0.9932428887758015,0.46516361681138485,1.5747431563624537,0.8,0.9622100122304849,0.5076603454105424,1.4366179720154129,20.642,20.835300190474392,14.35062004696018,26.307251951245217,59.405938493351584,35.590932096858936,74.74163714253463,2.64,2.7083142307620554,1.4311704241722645,4.00668406706711,5.92,5.994337786374991,3.4084927640388263,8.664168897167027,1.14,1.2675876038264628,0.5102824235136278,2.0646962208876944,1.64,1.7433103283384113,0.8137872572565235,2.702454273906083,0.45181208121404154,0.7271152950918551,-1.8164965719051336,-0.6624152787953562,-1.1763689273845563,0.08661735838102305,-0.20080037093500525,-1.0147522245557266,1.5122662434191518,-0.34620808255339425,-0.6978728468378481,-4.316030701166845,18.68169513400334,1,0,,
Karlo Matković,matkoka01,NOP,PF,25.842573579739906,62.0,5.67741935483871,6.913055804723529,3.42693759072518,10.452015497440733,3.693548387096774,4.0582233153261535,2.805023417028962,5.291142079229689,0.8064516129032258,1.0515714419411688,0.15360897029061116,2.015012610658911,0.4032258064516129,0.5097285899850222,0.23550963878901454,0.7937703680571614,0.8709677419354839,0.7971319262487269,0.5838904228130583,1.0274666875544836,0.6129032258064516,0.6937551388564666,0.16567586689204994,1.2752554064431187,0.5483870967741935,0.6861243281162946,0.23157466129635212,1.1605322879012228,14.706451612903225,16.398842002644574,9.914161859130363,21.8707937634154,61.371514900204865,37.55650850371221,76.70721354938792,2.2903225806451615,2.6063474851339627,1.3292036785441719,3.9047173214390174,3.7903225806451615,4.621731806483857,2.0358867841476926,7.291562917275893,0.4838709677419355,0.8065411495818875,0.04923596926905249,1.603649766643119,0.6612903225806451,1.0640196529753665,0.13449658189347868,2.0231635985430385,0.5639330870470461,0.7580133950782957,-2.1308440038831926,-0.5009821382110752,-1.4875383669247217,-1.759399600336104,0.6790703355111418,-1.4033479831197777,1.9525268489730128,0.7262878267089591,-0.4121341097300644,-4.3363611910118225,16.594738166611616,2,0,,
Jordan Poole,poolejo01,NOP,PG,27.62217659137577,39.0,13.435897435897436,13.627163382046387,10.141045168048038,17.166123074763593,1.9743589743589745,2.209127220023053,0.9559273217258613,3.442045983926589,3.051282051282051,3.175562967051613,2.277600495401055,4.139004135769355,0.5641025641025641,0.669519950736303,0.3953009995402953,0.9535617288084421,0.38461538461538464,0.3656272025518992,0.15238569911623054,0.5959619638576559,2.4615384615384617,2.422556301252051,1.8944770292876343,3.004056568838703,1.7692307692307692,1.6221888915373723,1.1676392247174299,2.0965968513223006,23.925641025641028,24.625836628902846,18.141156485388635,30.09778838967367,58.281542255647594,34.466535859154945,73.61724090483064,4.230769230769231,4.368596792072824,3.0914529854830333,5.666966628377879,11.384615384615385,11.214343841730441,8.628498819394277,13.884174952522478,2.5128205128205128,2.3611596682858793,1.6038544879730443,3.158268285347111,2.923076923076923,2.826926511635488,1.8974034405536002,3.7860704572031603,0.3895543826484567,0.8352391399519812,-0.6717962634495677,-1.3922445577742517,-0.33380034797901736,-1.1622060909349552,-0.43467542880964416,0.8398315769405976,0.45982956243488643,-1.9110595529777468,0.26795297267214196,-4.338168129877557,22.524713064978698,2,0,,
Luguentz Dort,dortlu01,ATL,SF,27.789185489390828,69.0,8.347826086956522,8.558425036998834,5.072306823000485,12.097384729716039,3.550724637681159,3.455319928758271,2.0893320396143316,4.799201381413125,1.2318840579710144,1.3734569128861642,0.4754944412356066,2.3368980816039064,0.8985507246376812,0.8656173288001935,0.5913983776041858,1.1496591068723325,0.391304347826087,0.36904582490573906,0.15580432147007042,0.5993805862114957,1.855072463768116,1.8346305142320993,1.3065512422676826,2.4161307818187514,0.782608695652174,0.7575256124280747,0.3029759456081322,1.2319335722130027,26.78695652173913,25.212701096734044,17.885012534562986,31.396006586405075,65.06193526184003,37.436527841908564,82.85134569489236,2.927536231884058,2.9443962597283195,1.6672524531385287,4.242766096033375,7.594202898550725,7.381171050108983,4.795326027772818,10.05100216090102,0.6376811594202898,0.6970169208294187,0.0,1.4941255378906502,0.8405797101449275,0.9071889130820692,0.0,1.8663328586497412,0.39890638487301355,0.7683261014085638,-1.7732875851212038,-0.7915809515665507,-1.3126923276703164,-0.4293249086248535,-0.42585171041837894,0.07697744601898053,1.8386666436918653,-1.1669629905120245,-0.3583935982927177,-4.3424499824952,17.711458169527727,2,1,unknown,ROSTER_CHANGE
Andre Drummond,drumman01,NYK,C,33.478439425051334,63.0,6.396825396825397,5.836875170220297,2.350756956221948,9.375834862937502,8.444444444444445,7.747021404159401,6.381033515015462,9.090902856814255,1.2698412698412698,1.2202127724451788,0.32225030079462114,2.183653941162921,0.6031746031746031,0.5979169438569315,0.3236979926609238,0.8819587219290707,0.7777777777777778,0.7383895929624816,0.525148089526813,0.9687243542682383,0.5079365079365079,0.5007218227318742,0.0,1.0822220903185262,0.9682539682539683,0.9010831270906327,0.44653346027069013,1.3754910868755608,19.538095238095238,18.969172235981517,11.641483673810459,25.15247772565255,56.610432310080505,28.985024890149024,74.39984274313284,2.5238095238095237,2.23724326843569,0.9600994618458991,3.5356131047407446,5.349206349206349,4.7478961657938,2.1620511434576355,7.417727276585836,0.8412698412698413,0.8803980083523208,0.12309282803948585,1.6775066254135524,1.3333333333333333,1.2826085550978206,0.35308548401593276,2.2417525006654926,0.47120728640906273,0.6864120817322754,-2.364709622654892,1.277014753505161,-1.395933521863983,-1.4298103641629978,0.5274520071568918,-1.6538154160207033,1.6097423568715314,-0.11997429981168474,-0.799854237766138,-4.349888344746815,20.07145649724695,2,1,unknown,ROSTER_CHANGE
Will Richard,richawi02,GSW,SG,24.10677618069815,69.0,6.391304347826087,7.060817891148638,3.574699677150289,10.599777583865842,2.4927536231884058,2.735350714634832,1.4821508163376402,3.968269478538368,1.3478260869565217,1.6008799434834837,0.7029174718329261,2.564321112201226,1.1594202898550725,1.0739617200216225,0.7997427688256148,1.3580034980937616,0.13043478260869565,0.1936271705062733,0.0,0.42396193181202996,1.0289855072463767,1.1674267463707804,0.6393474744063637,1.7489270139574327,0.7681159420289855,0.8713058916208355,0.41675622480089297,1.3457138514057636,19.95507246376812,21.158227395013874,14.673547251499663,26.6301791557847,63.58007083750986,39.7650644410172,78.91576948669291,2.347826086956522,2.7622899716756937,1.4851461650859028,4.060659807980748,5.0144927536231885,5.8969728772057755,3.311127854869611,8.566803987997812,0.6666666666666666,1.0151606711682866,0.25785549085545156,1.8122692882295182,0.782608695652174,1.242382680181857,0.3128596090999691,2.201526625749529,0.4684250765936333,0.8171078745396626,-2.0987337143417375,-1.138605373618273,-1.1891576554826129,0.34932743886492673,-0.8786202957688459,-0.7887426188541091,1.6572266868240784,-0.14921317625586775,-0.13954901496877897,-4.376067723601221,15.676019443898515,1,0,,
Kasparas Jakučionis,jakucka01,MIL,PG,20.67898699520876,53.0,6.188679245283019,8.834204068483395,5.348085854485046,12.3731637612006,2.6037735849056602,3.145743186679625,1.7797552975356858,4.489624639334479,2.5849056603773586,3.201944187207597,2.3039817155570397,4.1653853559253395,0.6226415094339622,0.7641461420422732,0.48992719084626546,1.0481879201144122,0.1320754716981132,0.21614905701478046,0.0029075535791118212,0.44648381832053713,1.2452830188679245,1.4612368027400258,0.9331575307756091,2.042737070326678,0.9433962264150944,1.243976056197769,0.7894263893778266,1.718384015982697,17.824528301886794,20.974850134209046,13.647161572037987,27.158155623880077,61.88106609469989,34.25565867476842,79.67047652775221,1.9245283018867925,3.1533007924002034,1.8761569858104126,4.4516706287052585,4.490566037735849,7.157084059869604,4.57123903753344,9.82691517066164,1.0943396226415094,1.4935527452329922,0.7362475649201572,2.290661362294224,1.2452830188679245,1.7864870465966047,0.8569639755147169,2.7456309921642768,0.4405845685229599,0.8360277495872837,-1.7133578374797516,-0.9407966234217617,-0.31947024528307877,-0.808556513125575,-0.8204896327057297,-0.40751386489236824,1.0629474403107497,-0.546293109598436,0.06469191707920643,-4.428838469116745,19.108921714283728,1,1,unknown,ROSTER_CHANGE
Jordan Walsh,walshjo01,BOS,PF,22.915811088295687,68.0,5.352941176470588,6.673704727357966,3.187586513359617,10.212664420075171,4.0,4.239926453953903,2.9867265556567117,5.472845217857439,0.7941176470588235,1.1563582220793283,0.2583957504287706,2.1197993907970707,0.7205882352941176,0.7417641449852646,0.46754519378925685,1.0258059230574037,0.45588235294117646,0.4788410084620725,0.26559950502640384,0.7091757697678291,0.7058823529411765,0.8772698663468167,0.3491905943824001,1.4587701339334689,0.5147058823529411,0.671720133621546,0.2171704668016035,1.1461280934064741,17.822058823529414,19.358490325110573,12.873810181596362,24.830442085881398,61.461845651389154,37.646839254896506,76.7975443005722,2.0,2.60442134478708,1.3272775381972892,3.9027911810921347,3.926470588235294,5.225427822711765,2.639582800375601,7.895258933503802,0.6470588235294118,1.0128141784526419,0.2555089981398069,1.8099227955138735,0.8382352941176471,1.3060030988838025,0.3764800278019147,2.2651470444514743,0.4984130358603826,0.7755067191787375,-2.1828575655633924,-0.41340141193787094,-1.430618887398073,-0.8922054870565641,-0.1424621809109211,-1.1652312496106594,1.975496527430338,0.16218533210856192,-0.34704837862810967,-4.436143301566689,16.48624913194211,2,0,,
Danny Wolf,wolfda01,BRK,PF,22.743326488706366,57.0,8.912280701754385,10.345614288125425,6.859496074127076,13.88457398084263,4.9298245614035086,5.1187202619798455,3.865520363682654,6.351639025883381,2.2280701754385963,2.3337489069069375,1.4357864352563798,3.29719007562468,0.5263157894736842,0.664726239482883,0.3905072882868753,0.9487680175550222,0.5614035087719298,0.5736520135854984,0.36041051014982983,0.8039867748912551,1.1929824561403508,1.314857878596394,0.7867786066319774,1.8963581461830463,1.280701754385965,1.4165431960158579,0.9619935291959154,1.8909511558007859,20.835087719298244,22.02149340896483,15.536813265450618,27.493445169735654,60.485139252587395,36.67013285609474,75.82083790177045,3.1228070175438596,3.43369907680031,2.156555270210519,4.732068913105365,7.719298245614035,8.243897463111976,5.658052440775812,10.913728573904013,1.4736842105263157,1.6901098895429234,0.9328047092300884,2.487218506604155,1.912280701754386,2.185145382505144,1.255622311423256,3.1442893280728157,0.416514044742149,0.7734542072460686,-1.3849121519674725,0.010176301317725032,-0.7910681263998635,-1.1801217857073505,0.10225207033190555,-0.5974456036052376,0.7877628949085834,-1.0010490295596721,-0.39685162609277724,-4.45125705677416,22.28729352605093,1,0,,
Bones Hyland,hylanbo01,MIN,PG,26.38193018480493,71.0,8.507042253521126,10.091312987876938,6.605194773878589,13.630272680594143,1.7887323943661972,2.1451018570398452,0.8919019587426533,3.378020620943381,2.647887323943662,3.2509211639858,2.3529586923352426,4.214362332703542,0.6197183098591549,0.7140599729210926,0.4398410217250849,0.9981017509932317,0.23943661971830985,0.24571591694780195,0.032474413512133316,0.4760506782535586,1.6338028169014085,1.73258452581736,1.2045052538529433,2.314084793404012,0.9859154929577465,1.1834047955490223,0.7288551287290799,1.6578127553339503,16.577464788732396,18.928691427758558,12.444011284244347,24.400643188529383,63.93004745836634,40.11504106187368,79.26574610754939,2.9859154929577465,3.544396136867954,2.267252330278163,4.842765973173009,6.591549295774648,7.775512861617784,5.18966783928162,10.445343972409821,0.9014084507042254,0.9802693657461756,0.22296418543334062,1.7773779828074072,1.1549295774647887,1.2565210495396284,0.3269979784577406,2.2156649951073004,0.4558408171844374,0.7801455981221584,-1.4401745577665814,-1.4231047170005742,-0.2928662784150399,-0.9957452007323769,-0.7441753696020772,-0.05543076863128386,1.1595375260225043,-0.3476530793822157,-0.32210729828116647,-4.461719743788812,19.237739836361108,2,0,,
Will Riley,rileywi01,WAS,SF,20.974674880219027,74.0,10.324324324324325,13.18996365817215,9.703845444173801,16.728923350889357,2.864864864864865,3.5135608573753143,2.260360959078122,4.74647962127885,1.972972972972973,2.537668121399421,1.6397056497488636,3.5011092901171637,0.7297297297297297,0.8267729782161879,0.5525540270201802,1.110814756288327,0.12162162162162163,0.2358681217652539,0.022626618329585263,0.46620288307101054,1.054054054054054,1.2833994795659716,0.7553202076015549,1.8648997471526236,1.2702702702702702,1.5556916460954104,1.101141979275468,2.0300996058803387,22.06081081081081,23.997014799778704,17.512334656264493,29.46896656054953,64.5684593831489,40.75345298665626,79.90415803233195,3.6621621621621623,4.362049506330411,3.08490569974062,5.660419342635466,8.35135135135135,9.851457426656559,7.265612404320395,12.521288537448596,1.945945945945946,2.206255359002588,1.4489501786897532,3.0033639760638198,2.4324324324324325,2.7732041675364387,1.843681096454551,3.732348113104111,0.44278215064172766,0.7955618215309779,-0.7668044625126008,-0.7635088837661351,-0.6803005702339844,-0.5744991779758637,-0.7695932609254814,-0.6382639690900703,0.5658695320185071,-0.6590827963269572,-0.17965497187081658,-4.4658385606834035,22.844970522970574,1,0,,
Tristan Vukcevic,vukcetr01,WAS,C,23.89596167008898,49.0,9.0,10.313884487831016,6.827766273832667,13.852844180548221,3.0,3.9788920261991723,2.72569212790198,5.211810790102708,1.1224489795918366,1.5774529743701546,0.679490502719597,2.540894143087897,0.46938775510204084,0.5935474205281722,0.3193284693321645,0.8775891986003114,0.673469387755102,0.7364320282690975,0.5231905248334289,0.9667667895748542,1.0204081632653061,1.06243412577332,0.5343548538089035,1.6439343933599724,1.2653061224489797,1.3728225644035525,0.9182728975836101,1.8472305241884805,13.691836734693878,17.04842230986884,10.56374216635463,22.520374070639665,59.89075280129768,36.07574640480503,75.22645145048072,3.1020408163265305,3.518184132695634,2.2410403261058427,4.816553969000688,6.469387755102041,7.375329785567967,4.789484763231803,10.045160896360004,1.7755102040816326,1.8105810093711754,1.0532758290583404,2.607689626432407,2.2653061224489797,2.313901808039765,1.384378736957877,3.2730457536074367,0.4770205855174111,0.7824796208206516,-1.3918073786064278,-0.5392197381248803,-1.2018830287315994,-1.4461407274494937,0.5223993871833216,-0.9249741911160357,0.8574820902757346,-0.028020410852918752,-0.3196795101791851,-4.471843507601483,20.071850162813515,2,0,,
Taylor Hendricks,hendrta01,UTA,PF,23.195071868583163,59.0,7.423728813559322,8.196798447458553,4.710680233460204,11.735758140175758,3.7457627118644066,4.023708061656773,2.7705081633595814,5.256626825560309,0.9322033898305084,1.282262412276984,0.38429994062642625,2.2457035809947263,0.847457627118644,0.8662329918677194,0.5920140406717117,1.1502747699398586,0.5084745762711864,0.5247276305689158,0.3114861271332472,0.7550623918746725,1.0677966101694916,1.1006385208740495,0.5725592489096328,1.6821387884607018,0.847457627118644,1.0027565971583712,0.5482069303384287,1.4771645569432992,18.955932203389832,20.304877048968844,13.820196905454633,25.77682880973967,61.83878647594633,38.02378007945367,77.17448512512938,2.76271186440678,2.8834264744028393,1.6062826678130484,4.181796310707894,6.016949152542373,6.24987683189303,3.664031809556865,8.919707942685067,0.8305084745762712,1.021950857636378,0.26464567732354305,1.8190594746976096,1.2203389830508475,1.4171301600152117,0.48760708893332394,2.3762741055828838,0.46135732782584715,0.7211411389518435,-1.8518729298260692,-0.5176184550446611,-1.3622285716843352,-0.4270239707883157,-0.02402539863738098,-0.8754026614002216,1.447608548143257,-0.23744164339669271,-0.6569483570928458,-4.504953439727266,18.11876701001369,2,0,,
Luke Kennard,kennalu01,PHO,SG,30.60643394934976,78.0,8.35897435897436,7.838678146025636,4.352559932027287,11.37763783874284,2.3333333333333335,2.19667695080502,0.8306890616610809,3.5405584034598743,2.230769230769231,2.180378158652915,1.2824156870023573,3.1438193273706574,0.7051282051282052,0.7121511983393629,0.4379322471433552,0.9961929764115021,0.10256410256410256,0.09916208114466696,0.0,0.32949684245042365,1.5,1.4919199793419555,0.9638407073775389,2.073420246928608,0.7692307692307693,0.8258070875626926,0.3712574207427501,1.3002150473476206,21.547435897435896,21.570750115615464,14.243061553444406,27.754055605286496,65.66841309901501,38.04300567908354,83.45782353206734,3.0256410256410255,3.0791744205092746,1.8020306139194837,4.377544256814329,5.67948717948718,5.909818985964729,3.3239739636285646,8.579650096756765,0.8076923076923077,0.8774548995735469,0.12014971926071194,1.6745635166347785,0.8846153846153846,1.023905989104228,0.09438291802234011,1.9830499346719,0.5210268584912715,0.8569682264884446,-1.9296963204392787,-1.3982455747552855,-0.8743780931124733,-1.0028789267721292,-1.1224417127195292,-0.3677013774367274,1.7297814485491714,0.4648712443669062,-0.005653800807993658,-4.50634311312734,15.353390475860431,2,1,unknown,ROSTER_CHANGE
Pelle Larsson,larsspe01,MIA,SG,25.93839835728953,70.0,11.428571428571429,10.611430637890924,7.125312423892575,14.15039033060813,3.4857142857142858,2.9084825341265095,1.6552826358293176,4.141401298030045,3.3714285714285714,3.336781594970177,2.438819123319619,4.300222763687919,0.7,0.7327366675069661,0.4585177163109584,1.0167784455791051,0.22857142857142856,0.17543223904791316,0.0,0.40576700035366986,0.8857142857142857,1.0059159017840797,0.47783662981966313,1.5874161693707318,1.4428571428571428,1.337417232589375,0.8828675657694325,1.811825192374303,26.415714285714284,24.422905559896208,17.938225416381997,29.894857320667032,64.95277499931927,41.137768602826625,80.28847364850232,3.9571428571428573,3.701919214280147,2.4247754076903565,5.000289050585202,7.985714285714286,7.5314366416114655,4.9455916192753016,10.201267752403503,2.6285714285714286,2.3299862510841107,1.5726810707712757,3.1270948681453423,3.3,2.9362652700618215,2.006742198979934,3.8954092156294937,0.4915289592727776,0.7935203521427934,-1.3271474021434444,-1.0551560143689183,-0.24622746541667434,-0.9259441756249427,-0.9255827662378676,-0.99830854996613,0.9139412756708677,0.19006468196629236,-0.19640430454031438,-4.57076472066113,20.493871558373264,2,0,,
Isaac Okoro,okorois01,CHI,SG,26.015058179329227,63.0,9.26984126984127,9.114877406352907,5.628759192354558,12.653837099070111,2.746031746031746,2.5131017233560704,1.2599018250588785,3.746020487259606,1.5873015873015872,1.7185470213829173,0.8205845497323596,2.6819881901006597,0.7301587301587301,0.7438017929955657,0.469582841799558,1.027843571067705,0.4603174603174603,0.3892715468734709,0.17603004343780224,0.6196063081792276,1.1587301587301588,1.2648860199372813,0.7368067479728647,1.8463862875239334,0.7301587301587301,0.7432832364377007,0.28873356961775815,1.2176911962226287,26.90793650793651,25.55982850486897,19.07514836135476,31.031780265639796,64.05518512805308,40.240178731560434,79.39088377723613,3.3492063492063493,3.279256145613432,2.0021123390236415,4.577625981918487,7.285714285714286,7.107325354968165,4.5214803326320006,9.777156465760202,1.4126984126984128,1.3733161983007456,0.6160110179879106,2.170424815361977,1.7777777777777777,1.7383855437338318,0.808862472651944,2.6975294893015036,0.46139102712121727,0.7899951787168205,-1.6523645044563682,-1.2457291592429003,-1.1252416841871233,-0.884590118112494,-0.37364761870206664,-0.6622858260441312,1.8613782779374657,-0.25128594617239836,-0.26279710968771347,-4.59656368866773,17.364356789623976,2,0,,
Draymond Green,greendr01,GSW,PF,36.91444216290212,68.0,8.382352941176471,6.0134117678787185,2.52729355388037,9.552371460595923,5.514705882352941,4.570476319719537,3.3172764214223456,5.803395083623073,5.529411764705882,4.488547614070251,3.5905851424196937,5.451988782787994,0.8970588235294118,0.8419451217690843,0.5677261705730766,1.1259868998412235,0.6176470588235294,0.49983164760444077,0.28659014416877215,0.7301664089101975,1.4852941176470589,1.3185432001154622,0.7904639281510456,1.9000434677021145,2.661764705882353,1.9806260153437978,1.5260763485238553,2.455033975128726,27.488235294117647,22.966143592439796,16.481463448925584,28.43809535321062,60.534046912883106,36.71904051639045,75.86974556206616,3.014705882352941,2.3130468720747928,1.0359030654850019,3.6114167083798474,7.220588235294118,5.426420334849864,2.840575312513699,8.0962514456419,0.8676470588235294,0.6479872114846893,0.0,1.445095828545921,1.2352941176470589,0.8862112524225756,0.0,1.8453551979902476,0.426256487581659,0.7311882011352605,-2.326346322551192,-0.2540767159975712,0.3794041482011825,-0.5177958267377736,-0.0882837811128597,-0.5926637709204601,-0.11175293626045307,-0.5999701307097041,-0.4876903339498969,-4.599175670038728,20.275509065424316,2,0,,
Vít Krejčí,krejcvi01,ATL,PG,26.62012320328542,65.0,8.461538461538462,7.9096010525637,4.423482838565352,11.448560745280906,2.276923076923077,2.2396487021200135,0.9864488038228216,3.4725674660235493,1.5384615384615385,1.9064877674170715,1.0085252957665138,2.869928936134814,0.7230769230769231,0.7547624096263164,0.48054345843030866,1.0388041876984555,0.27692307692307694,0.24375918536552485,0.03051768192985621,0.4740939466712815,1.9692307692307693,1.892461431437671,1.3643821594732546,2.4739616990243234,0.6307692307692307,0.7143642185988438,0.2598145517789013,1.188772178383772,21.41846153846154,21.799222689332876,15.314542545818664,27.2711744501037,64.01996054103928,40.20495414454663,79.35565919022233,2.953846153846154,3.056319849218293,1.779176042628502,4.354689685523348,6.6,6.7671586665156696,4.181313644179506,9.436989777307707,0.5846153846153846,0.7305206881569205,0.0,1.5276293052181522,0.7846153846153846,0.9584741246820911,0.028951053600203336,1.9176180702497632,0.45164004567251503,0.7621704846745041,-1.9142840105622585,-1.3775332347383702,-1.0231535254326538,-0.8436266449926487,-0.7492258392539574,0.15201506991513958,1.9074940493749015,-0.37598516217110306,-0.38514473186315784,-4.609444029724108,15.738111712610005,2,0,,
Justin Edwards,edwarju01,PHI,SF,23.129363449691994,64.0,6.03125,9.054732657291765,5.568614443293416,12.59369235000897,1.46875,2.4124810963749166,1.1592811980777247,3.6453998602784523,1.25,1.761572290252579,0.8636098186020214,2.7250134589703214,0.84375,0.8951683387898342,0.6209493875938265,1.1792101168619733,0.171875,0.28008905570561576,0.06684755226994712,0.5104238170113724,1.046875,1.2598686192220765,0.7317893472576599,1.8413688868087288,0.5625,0.8978004204303416,0.44325075361039906,1.3722083802152696,15.2640625,18.454189624329413,11.969509480815201,23.926141385100237,64.01157200962633,40.196565613133686,79.34727065880938,2.234375,3.152528650728019,1.875384844138228,4.450898487033074,5.0,6.971771672205891,4.385926649869727,9.641602782997929,0.515625,0.9613553733831555,0.20405019307032046,1.758463990444387,0.609375,1.1886851438053148,0.25916207272342695,2.147829089372987,0.4521847241922868,0.808755269124999,-1.6654346048689677,-1.2942281981457362,-1.1018706453277716,-0.31888294681234375,-0.6554557436152638,-0.6687960777571645,1.6149771318174053,-0.37582786713516236,-0.18587879231465831,-4.651397744159661,17.22004017137654,2,0,,
Aaron Wiggins,wiggiaa01,ATL,SG,28.082135523613964,65.0,9.4,9.166875772158496,5.680757558160147,12.705835464875701,3.0615384615384613,2.916768627854808,1.5507807387108687,4.260650080509661,1.676923076923077,1.7056376540845979,0.8076751824340402,2.6690788228023403,0.9230769230769231,0.8927730765018398,0.6185541253058321,1.176814854573979,0.4307692307692308,0.39303954654767415,0.1797980431120055,0.6233743078534308,1.476923076923077,1.4984087488297066,0.97032947686529,2.0799090164163587,1.2461538461538462,1.0966163463495306,0.6420666795295882,1.5710243061344586,21.752307692307692,21.47254416369443,14.144855601523371,27.65584965336546,61.48992303196118,33.86451561202971,79.27933346501351,3.5538461538461537,3.4431333570664187,2.1659895504766276,4.741503193371473,8.246153846153845,7.879432392545343,5.293587370209179,10.54926350333738,0.8153846153846154,0.9594693909306959,0.20216421061786094,1.7565780079919275,1.1076923076923078,1.2726273067666736,0.34310423568478576,2.2317712523343456,0.4369773335861013,0.7539280241977452,-1.6410647006833197,-1.0511621256987895,-1.1322539663344502,-0.32783483936134133,-0.3639221314787692,-0.35928197363166664,1.2979349055253293,-0.6441472239123283,-0.4548542300052361,-4.676586285580572,17.986276129510173,2,1,unknown,ROSTER_CHANGE
Craig Porter Jr.,portecr01,CLE,PG,26.93223819301848,64.0,4.515625,5.231663188170493,1.745544974172144,8.770622880887698,3.4375,3.2392836057047996,1.9860837074076076,4.472202369608335,3.203125,3.3782217419340035,2.4802592702834456,4.3416629106517455,0.890625,0.9073409874837661,0.6331220362877584,1.1913827655559053,0.59375,0.48556975675577285,0.27232825332010424,0.7159045180615295,0.515625,0.6875190122138182,0.15943974024940155,1.2690192798004705,0.921875,0.9043198940046079,0.44977022718466536,1.378727853789536,17.9359375,18.200001918124677,11.715321774610466,23.671953678895502,60.432768236140184,36.61776183964753,75.76846688532324,1.8125,2.104537872667428,0.8273940660776373,3.4029077089724833,4.03125,4.6245748259530455,2.038729803616881,7.294405936745083,0.375,0.603191844472704,0.0,1.4003004615339356,0.625,0.8619869681745509,0.0,1.821130913742223,0.45507705072838106,0.6997690994680544,-2.49622869123157,-0.8957102374848185,-0.2237174541959949,-0.273389706388967,-0.12509478143708638,-1.411439574057484,1.6045808398368633,-0.26767857999259564,-0.5900634930533462,-4.678741678004999,17.460548466631266,2,0,,
Oso Ighodaro,ighodos01,PHO,PF,24.553045859000683,82.0,6.475609756097561,6.953198564842859,3.4670803508445105,10.492158257560064,5.097560975609756,5.009180568184418,3.7559806698872267,6.242099332087954,2.2560975609756095,2.3225910376819856,1.424628566031428,3.286032206399728,0.8902439024390244,0.8494661802299914,0.5752472290339837,1.1335079583021306,0.6951219512195121,0.6490164914662364,0.4357749880305678,0.8793512527719931,0.0,0.09849744235752635,0.0,0.6799977099441785,1.2317073170731707,1.1656917348396765,0.711142068019734,1.6400996946246045,22.057317073170733,21.37692061565099,14.89224047213678,26.848872376421816,65.65813143060348,41.84312503411083,80.99383007978652,2.9146341463414633,2.6037257121521784,1.3265819055623875,3.9020955484572335,4.463414634146342,4.243657085395291,1.6578120630591262,6.913488196187327,0.6463414634146342,0.8018045652097154,0.044499384896880434,1.598913182270947,1.4268292682926829,1.4557784238167755,0.5262553527348877,2.4149223693844473,0.6135570475552798,0.5507737661803886,-2.1221205506509713,-0.042621718632838326,-0.7971290064848637,-0.4896871275217284,0.29677338935897823,-2.1757155212725015,1.1877836948129274,1.0720041072120605,-1.6513057292233722,-4.722018462402309,19.777858083436147,2,0,,
Javonte Green,greenja02,DET,SG,33.52772073921971,82.0,6.939024390243903,5.96410358824817,2.4779853742498212,9.503063280965375,2.8048780487804876,2.332364527832611,1.0791646295354191,3.5652832917361468,0.6829268292682927,0.9842741125699617,0.08631164091940402,1.9477152812877039,1.2439024390243902,1.0457119288470096,0.7714929776510019,1.3297537069191487,0.3048780487804878,0.2524181785352352,0.039176675099566544,0.4827529398409919,1.146341463414634,1.1541002244315586,0.626020952467142,1.7356004920182109,0.5487804878048781,0.5596678629474898,0.1051181961275473,1.0340758227324178,17.632926829268293,16.938417316349778,10.453737172835567,22.410369077120603,63.1585338714471,39.34352747495444,78.49423252063015,2.2560975609756095,2.0884932502901643,0.8113494437003734,3.386863086595219,5.048780487804878,4.628737120273842,2.0428920979376772,7.298568231065879,1.2804878048780488,1.0188154318428861,0.26151025153005114,1.8159240489041177,1.524390243902439,1.2383224597974092,0.3087993887155214,2.1974664053650814,0.45120152560459226,0.8227383940121423,-2.3370615199540214,-1.332844301931521,-1.524093827034213,0.2437485649377175,-0.7268763342857958,-0.8060342439819723,2.1541809119500406,-0.3032378979522756,-0.11239189849891063,-4.744610546750953,13.57407464970149,2,0,,
De'Andre Hunter,huntede01,CLE,SF,29.166324435318277,45.0,13.666666666666666,12.445924105513626,8.959805891515277,15.98488379823083,4.111111111111111,3.81908128512747,2.565881386830278,5.0520000490310055,2.0,1.9411616602372348,1.0431991885866772,2.9046028289549772,0.6666666666666666,0.6730393502084752,0.39882039901246746,0.9570811282806143,0.13333333333333333,0.14228008059355707,0.0,0.3726148418993137,1.6666666666666667,1.626914387692355,1.0988351157279386,2.2084146552790074,1.6666666666666667,1.4233267145700506,0.9687770477501081,1.8977346743549786,26.124444444444443,24.724387454700075,18.239707311185864,30.1963392154709,58.44045587235124,34.62544947585859,73.77615452153428,4.622222222222222,4.165152737215917,2.8880089306261256,5.463522573520971,11.133333333333333,9.819867088839663,7.234022066503499,12.4896981996317,2.7555555555555555,2.4224811569368625,1.6651759766240275,3.219589773998094,3.1777777777777776,2.8687023185830447,1.9391792475011569,3.8278462641507165,0.42415571407780434,0.844451911669041,-0.9284922543147879,-0.6162483512518809,-1.004318898298541,-1.1490529235053186,-1.0111509513096317,-0.19254144341953275,0.7769455430562524,-1.0187341275783506,0.38125883954916945,-4.762334567072621,20.96319571585849,2,0,,
Cameron Payne,payneca01,PHI,PG,26.765229295003422,22.0,7.409090909090909,6.538110775562758,3.051992561564409,10.077070468279963,2.0,1.751747463272235,0.49854756497504304,2.9846662271757705,2.6363636363636362,2.618043585118274,1.7200811134677163,3.5814847538360164,1.0909090909090908,0.9089309455867438,0.6347119943907361,1.192972723658883,0.3181818181818182,0.271071525467462,0.057830022031793354,0.5014062867732186,1.4545454545454546,1.3956549054880538,0.8675756335236372,1.977155173074706,0.5,0.5673995980837729,0.11284993126383042,1.041807557868701,17.018181818181816,15.90653613566346,9.421855992149247,21.378487896434283,46.92262778508808,23.10762138859543,62.25832643427113,2.5454545454545454,2.423036029663316,1.1458922230735251,3.7214058659683706,6.7727272727272725,5.862321548898159,3.276476526561994,8.532152659690196,0.8636363636363636,0.5596851870365784,0.0,1.35679380409781,1.0,0.6950306367512178,0.0,1.6541745823188898,0.4133236311677126,0.8052669298906237,-2.212323588665475,-1.612701130959612,-0.6366411548424802,-0.26744750366377723,-0.6787306594060691,-0.492608654637738,2.1418514845695387,-0.7872509774624825,-0.2426959759026242,-4.788548160970719,15.539880924245699,2,0,,
Alex Caruso,carusal01,OKC,SG,32.92539356605065,56.0,6.214285714285714,5.833625654131345,2.3475074401329965,9.37258534684855,2.767857142857143,2.464251545247598,1.2110516469504062,3.697170309151134,1.9642857142857142,1.9810611735492518,1.0830987018986942,2.9445023422669943,1.2857142857142858,1.1001369008644266,0.8259179496684189,1.3841786789365658,0.30357142857142855,0.26729348766991595,0.05405198423424731,0.4976282489756726,0.9464285714285714,0.9993303157937209,0.4712510438293043,1.580830583380373,0.8571428571428571,0.7961702427457644,0.3416205759258219,1.2705782025306924,18.219642857142855,17.80502873389294,11.320348590378728,23.276980494663764,57.91257973449036,34.0975733379977,73.24827838367341,2.267857142857143,2.0545161634524733,0.7773723568626825,3.352885999757528,5.357142857142857,4.72526380438538,2.139418782049215,7.395094915177417,0.7321428571428571,0.650558992961146,0.0,1.4476676100223775,0.9107142857142857,0.8215441354635791,0.0,1.780688081031251,0.4347939604019011,0.7918734549715337,-2.3654157774271356,-1.2692748949391905,-0.982645748993903,0.44715280334789753,-0.6884820557718181,-1.0068535765463544,1.777041904257588,-0.45994738188774315,-0.2760360211989182,-4.824460749159577,15.068440191609602,2,0,,
Dean Wade,wadede01,PHI,PF,30.198494182067076,59.0,5.796610169491525,5.546969700269647,2.0608514862712988,9.085929392986852,4.186440677966102,3.8221217346828515,2.4561338455389126,5.166003187337705,1.4915254237288136,1.4340121664681216,0.5360496948175639,2.397453335185864,0.7457627118644068,0.7274437364410864,0.4532247852450787,1.0114855145132255,0.3898305084745763,0.35986314823253546,0.14662164479686682,0.5901979095382921,1.2033898305084745,1.151809466538746,0.6237301945743293,1.733309734125398,0.2711864406779661,0.39330629361113917,0.0,0.8677142533960672,22.335593220338982,20.850589983809257,13.522901421638199,27.03389547348029,61.55961361637117,33.93420619643969,79.34902404942352,2.0677966101694913,1.9397379348832486,0.6625941282934578,3.2381077711883037,4.711864406779661,4.340702260387851,1.7548572380516867,7.010533371179887,0.4576271186440678,0.48016927164137135,0.0,1.2772778887026028,0.6440677966101694,0.6404273432685099,0.0,1.599571288836182,0.44687191576920754,0.7497638517286922,-2.42770919720736,-0.6147828576876618,-1.279799118126663,-0.9457256210259308,-0.44955288143288985,-0.8090065819199476,2.419469731585538,-0.32977632564717607,-0.38827344084899906,-4.82515629231109,15.153148392000979,2,1,unknown,ROSTER_CHANGE
Isaiah Jackson,jacksis01,IND,C,25.059548254620122,55.0,6.7272727272727275,6.822898617853706,3.3367804038553577,10.361858310570911,5.2727272727272725,5.6707130248740025,4.417513126576811,6.903631788777538,0.9454545454545454,1.1324583454535162,0.23449587380295855,2.0958995141712586,0.6545454545454545,0.6539966748142044,0.3797777236181967,0.9380384528863436,0.8909090909090909,0.8731404156717516,0.659898912236083,1.1034751769775082,0.0,0.04857617808433313,0.0,0.6300764456709853,1.0545454545454545,1.0855003084940613,0.6309506416741189,1.5599082682789893,16.51090909090909,18.31116801151877,11.826487868004559,23.783119772289595,58.57340549456865,34.758399098076,73.90910414375169,2.7454545454545456,2.3782185158791553,1.1010747092893645,3.6765883521842104,4.3090909090909095,4.049461513234125,1.463616490897961,6.719292624026162,1.2363636363636363,1.378664563632719,0.621359383319884,2.175773180693951,1.9090909090909092,1.9975188588608304,1.0679957877789426,2.956662804428502,0.5872925346016631,0.6901885093685478,-2.1504361296082193,0.27623624632981286,-1.4436011408512157,-1.2202217407281253,0.8752538961963141,-2.2404900957382115,1.3156611182165474,0.8067485489928949,-1.0487906862681422,-4.829639983458344,18.82235272884659,2,0,,
A.J. Green,greenaj01,MIL,SG,27.34839151266256,78.0,10.371794871794872,9.202539177924521,5.716420963926172,12.741498870641726,2.730769230769231,2.1236758462191494,0.8704759479219575,3.356594610122685,1.9487179487179487,1.8801100166663562,0.9821475450157986,2.8435511853840985,0.5,0.56138844528465,0.28716949408864234,0.8454302233567892,0.10256410256410256,0.07330938084367432,0.0,0.303644142149431,2.9743589743589745,2.772428199234424,2.2443489272700075,3.3539284668210763,0.9615384615384616,0.8965186794044662,0.44196901258452365,1.3709266391893942,29.102564102564102,26.241939561488653,19.757259417974442,31.713891322259478,69.37563475762792,45.56062836113527,82.0,3.358974358974359,3.1878347343457203,1.9106909277559294,4.486204570650775,7.923076923076923,7.409307390119637,4.823462367783472,10.079138500911673,0.6794871794871795,0.6858353258155213,0.0,1.4829439428767528,0.7948717948717948,0.8351185992492475,0.0,1.7942625448169194,0.43024733170022345,0.8212430263582581,-1.6333146592966081,-1.4334320322191538,-1.0374817435708081,-1.5663295236029788,-1.1891694537505062,1.2938025177664718,1.6170210627876969,-0.7121625570658642,-0.1782774538530096,-4.839343842804761,15.578690017367542,2,0,,
Jaden Ivey,iveyja01,DET,SG,24.966461327857633,37.0,8.54054054054054,9.948368138549196,6.4622499245508465,13.4873278312664,2.4594594594594597,2.8654962037456833,1.6122963054484913,4.098414967649219,1.837837837837838,1.9502285155785195,1.0522660439279619,2.913669684296262,0.6216216216216216,0.721297353969178,0.44707840277317035,1.0053391320413172,0.3783783783783784,0.39015169468572175,0.1769101912500531,0.6204864559914784,1.3513513513513513,1.4083600666783227,0.8802807947139061,1.989860334264975,1.1081081081081081,1.19092670122462,0.7363770344046776,1.665334661009548,18.116216216216216,20.29669161674903,13.812011473234818,25.768643377519854,58.632297270550666,34.81729087405802,73.96799591973371,3.081081081081081,3.4401587398047004,2.1630149332149093,4.738528576109755,6.918918918918919,7.610706547439668,5.024861525103503,10.280537658231705,1.027027027027027,1.3488717866734767,0.5915666063606417,2.1459804037347086,1.2702702702702702,1.6996868127318867,0.7701637416499989,2.6588307582995587,0.4520156858448327,0.7936001953827311,-1.4712380099106457,-1.0758753814805975,-0.9993938429977778,-0.9686966984437769,-0.37137589177988506,-0.4761232666653055,1.147542703624223,-0.4006159708853122,-0.23928916308284487,-4.855065521621922,18.455726801151876,2,0,,
Jose Alvarado,alvarjo01,NYK,PG,28.80766598220397,69.0,7.391304347826087,7.373292438117446,3.887174224119097,10.91225213083465,2.4782608695652173,2.3852582334227357,1.0192703442787965,3.7291396860775894,3.391304347826087,3.4773824595847915,2.5794199879342337,4.4408236283025335,0.9565217391304348,0.9539916288471051,0.6797726776510974,1.2380334069192442,0.11594202898550725,0.11500593531806001,0.0,0.34534069662381667,1.463768115942029,1.4750590369059353,0.9469797649415187,2.0565593044925876,1.1159420289855073,1.1271711559075732,0.6726214890876308,1.6015791156925012,19.860869565217392,20.178616122599756,12.850927560428698,26.361921612270788,63.568395669466796,35.942988249535325,81.35780610251912,2.710144927536232,2.710966615025904,1.433822808436113,4.009336451330959,6.507246376811594,6.362585681572229,3.7767406592360646,9.032416792364266,0.5072463768115942,0.6466528783767509,0.0,1.4437614954379825,0.6666666666666666,0.8391366819422874,0.0,1.7982806275099594,0.4260793882709662,0.7706168640846345,-2.0308296367785883,-1.3073495901403585,-0.16985401425891433,-0.09904072969459653,-1.0815475474715708,-0.3895790359312562,1.2492106154493439,-0.6827434972753665,-0.34634554239036575,-4.858078978491673,17.531497544189836,2,1,unknown,ROSTER_CHANGE
Ryan Dunn,dunnry01,PHO,SF,24.0684462696783,70.0,5.814285714285714,7.416071989522242,3.929953775523893,10.955031682239447,4.242857142857143,4.362607802219565,3.1094079039223734,5.595526566123101,1.457142857142857,1.7402575912487699,0.8422951195982122,2.703698759966512,0.8571428571428571,0.8867424236607826,0.6125234724647749,1.1707842017329217,0.4142857142857143,0.4199947436490832,0.20675324021341454,0.6503295049548399,0.8,0.8956234040122224,0.3675441320478058,1.4771236715988745,0.8,0.8932831069317051,0.4387334401117626,1.367691066716633,19.364285714285714,20.05587144351383,13.571191299999619,25.527823204284655,62.821741770300854,39.0067353738082,78.1574404194839,2.342857142857143,2.7750029176490294,1.4978591110592385,4.073372753954084,5.171428571428572,6.078446958583964,3.4926019362477994,8.748278069376001,0.32857142857142857,0.678731398888652,0.0,1.4758400159498835,0.6714285714285714,1.0622422612820306,0.13271919020014278,2.0213862068497024,0.4565315674475334,0.638961020124999,-2.021533180459546,-0.3542691280245228,-1.1134486475525214,-0.35037339662249845,-0.29434876426061807,-1.1414168969590293,1.6221806751042198,-0.2925269140170696,-0.9139924213967823,-4.859728674188368,18.288516134056767,2,0,,
Bruce Brown,brownbr01,DEN,SG,30.46406570841889,82.0,7.914634146341464,7.883058475563451,4.396940261565103,11.422018168280657,3.8780487804878048,3.3332771684222378,2.080077270125046,4.5661959323257735,2.1219512195121952,2.214378469391596,1.3164159977410386,3.1778196381093387,1.0365853658536586,0.9490926691856495,0.6748737179896418,1.2331344472577888,0.24390243902439024,0.21661966017976095,0.003378156744092309,0.4469544214855176,0.6951219512195121,0.8287029657038179,0.30062369373940123,1.4102032332904701,1.1097560975609757,1.0338471013447124,0.5792974345247699,1.5082550611296404,24.359756097560975,22.735910946069676,16.251230802555465,28.2078627068405,64.6749984319564,40.85999203546375,80.01069708113944,3.024390243902439,2.8804412667344566,1.6032974601446657,4.178811103039512,6.365853658536586,6.075034396498403,3.489189374162238,8.74486550729044,1.170731707317073,1.1293667370693674,0.3720615567565324,1.926475354130599,1.5365853658536586,1.47258627859381,0.5430632075119222,2.431730224161482,0.4741440259819299,0.7669273804098006,-1.9200519978266122,-0.8504054367534237,-0.8559093512689083,-0.1173497728048379,-0.8192749709583853,-1.228248490220849,1.3980300115234732,-0.08106561169341203,-0.40326677595350824,-4.877542395956464,17.66784866850905,2,0,,
Jamal Shead,sheadja01,TOR,PG,24.607802874743328,82.0,6.646341463414634,7.7108364451525455,4.224718231154197,11.249796137869751,1.7439024390243902,1.934312939179934,0.6811130408827422,3.16723170308347,5.414634146341464,5.3396869756365755,4.441724503986018,6.303128144354318,0.926829268292683,1.0162432061099165,0.7420242549139088,1.3002849841820556,0.18292682926829268,0.18108380719399123,0.0,0.4114185684997479,1.024390243902439,1.265233581446771,0.7371543094823544,1.846733849033423,1.3658536585365855,1.3827601783110026,0.9282105114910602,1.8571681380959306,22.589024390243903,22.9582074090543,16.47352726554009,28.430159169825124,67.4201422773038,43.60513588081115,82.0,2.2560975609756095,2.7122141990165165,1.4350703924267256,4.010584035321571,6.146341463414634,7.063618664941015,4.47777364260485,9.733449775733051,1.1097560975609757,1.3073406774102467,0.5500354970974117,2.104449294471478,1.4146341463414633,1.669640379436617,0.7401173083547292,2.628784325004289,0.38396951019993447,0.7830073430850898,-1.9574776960940383,-1.5247047590027898,0.8417373681085362,0.13361413798126512,-0.910995648788634,-0.6618348529126286,0.8416350537635304,-1.3309158685491769,-0.3105668889285691,-4.879509154422504,20.250763297224047,2,0,,
Harrison Barnes,barneha02,SAS,PF,34.67488021902806,77.0,9.935064935064934,8.74501667134628,5.2588984573479305,12.283976364063484,2.7662337662337664,2.6409397650185906,1.3877398667213987,3.8738585289221263,1.922077922077922,1.7272320767988059,0.8292696051482482,2.6906732455165483,0.6493506493506493,0.6441858801704337,0.36996692897442596,0.9282276582425728,0.15584415584415584,0.18558923772658129,0.0,0.41592399903233795,1.8051948051948052,1.695769166019961,1.1676898940555445,2.2772694336066133,0.7922077922077922,0.7641254751870885,0.309575808367146,1.2385334349720165,25.796103896103894,24.10430945256609,17.619629309051877,29.576261213336913,64.87849661945324,41.063490222960596,80.21419526863629,3.4025974025974026,3.2284600820138083,1.9513162754240174,4.526829918318863,7.467532467532467,7.054342863905285,4.468497841569121,9.724173974697322,1.3246753246753247,1.150175631570887,0.3928704512580521,1.9472842486321187,1.5974025974025974,1.4114164182547724,0.48189334717288457,2.3705603638224444,0.45765568023816355,0.8149087800700862,-1.732739217472467,-1.184111354406381,-1.1205240200573476,-1.2568879463088327,-0.8993667977088037,-0.10319997679132396,1.828142158932076,-0.30246018618964593,-0.13010680485015885,-4.901254144852885,16.230192383070754,2,0,,
Jordan Miller,millejo02,LAC,SF,27.025325119780973,60.0,9.966666666666667,9.367052491352581,5.880934277354232,12.906012184069786,3.033333333333333,2.961394483970079,1.708194585672887,4.194313247873614,2.2666666666666666,2.418107671419176,1.5201451997686182,3.3815488401369183,0.75,0.7386530011987626,0.46443405000275495,1.0226947792709018,0.18333333333333332,0.17815598828234233,0.0,0.408490749588099,0.6333333333333333,0.7532995072762294,0.2252202353118128,1.3347997748628817,1.05,0.9998536300000269,0.5453039631800845,1.474261589784955,22.081666666666663,21.223207276933564,14.738527133419353,26.69515903770439,61.29719979107192,37.48219339457927,76.63289844025496,3.533333333333333,3.524097208132887,2.246953401543096,4.822467044437942,6.65,6.791831124789319,4.205986102453155,9.461662235581356,2.2666666666666666,1.9963160379252896,1.2390108576124546,2.793424654986521,2.9166666666666665,2.5669968766753115,1.6374738055934237,3.5261408222429838,0.5188729141498205,0.7776854175649996,-1.5975641480835945,-1.0296525088663258,-0.7452450086056452,-0.9038328670812239,-0.918552567015648,-1.3260870967545513,1.4522377707092013,0.5252128930577764,-0.3707419060093531,-4.914225438649364,18.298460717688734,2,0,,
Gary Payton II,paytoga02,GSW,SG,34.168377823408626,73.0,7.493150684931507,7.338292347560117,3.852174133561768,10.877252040277321,3.6301369863013697,3.2188146814056644,1.9656147831084725,4.4517334453092,1.6849315068493151,1.8974631765115348,0.9995007048609772,2.8609043452292773,0.9178082191780822,0.8197368333342645,0.5455178821382568,1.1037786114064037,0.2876712328767123,0.25520124393454824,0.0419597404988796,0.48553600524030494,0.5068493150684932,0.5559549046448733,0.027875632680456675,1.1374551722315256,0.8493150684931506,0.905325608978394,0.45077594215845146,1.379733568763322,15.649315068493152,15.840814737339434,9.356134593825221,21.312766498110257,60.132838736805475,36.31783234031282,75.46853738598853,3.315068493150685,2.823520354261053,1.5463765476712623,4.121890190566108,5.684931506849315,5.032968092503986,2.4471230701678217,7.702799203296022,0.3561643835616438,0.3689226430447685,0.0,1.1660312601060001,0.547945205479452,0.5109793316920652,0.0,1.4701232772597372,0.5610050177878844,0.7219913216902768,-2.0384355326410737,-0.9055762379825981,-1.0280556229740307,-0.6007955937203368,-0.7196930356332173,-1.5821485736553869,1.602977074379794,0.773640827318479,-0.426670663081631,-4.924757357990003,16.36655335284226,2,0,,
Grant Williams,willigr01,CHO,PF,28.17248459958932,36.0,7.0,7.390685554798814,3.9045673408004657,10.929645247516019,3.9444444444444446,4.004899173821164,2.751699275523972,5.237817937724699,1.5555555555555556,1.5335490700428314,0.6355865983922737,2.496990238760574,0.4722222222222222,0.5605457494035235,0.28632679820751583,0.8445875274756627,0.5,0.49485489771167046,0.28161339427600185,0.7251896590174272,1.4444444444444444,1.415085696933148,0.8870064249687314,1.9965859645198,0.8611111111111112,0.87876654332726,0.4242168765073175,1.353174503112188,19.766666666666666,20.100543797171678,13.615863653657467,25.572495557942503,57.70638036921106,33.89137397271841,73.0420790183941,2.1666666666666665,2.5216493064552465,1.2445054998654557,3.8200191427603016,5.083333333333333,5.712780618687323,3.1269355963511587,8.38261172947936,1.2222222222222223,1.168016463568837,0.41071128325600204,1.9651250806300686,1.5,1.4639052252497537,0.5343821541678659,2.4230491708174258,0.44140489102742203,0.7978771053088933,-2.0270499255808168,-0.5266843196712963,-1.2257313365067228,-1.5694789586427815,-0.10112914249307767,-0.46739652778734103,1.645329543194065,-0.4536491825374504,-0.2227879295854367,-4.948577779610858,16.78432356646678,2,0,,
Adem Bona,bonaad01,PHI,C,23.849418206707735,71.0,4.845070422535211,6.093404419584211,2.6072862055858628,9.632364112301417,4.323943661971831,4.811913552596666,3.558713654299474,6.044832316500202,0.4507042253521127,0.7411828976482172,0.0,1.7046240663659595,0.4225352112676056,0.5240696217083026,0.24985067051229493,0.8081113997804418,1.1549295774647887,1.073597388997778,0.8603558855621093,1.3039321503035346,0.028169014084507043,0.16016407059056123,0.0,0.7416643381772134,0.7887323943661971,0.8214343459739624,0.36688467915401984,1.2958423057588904,17.388732394366198,18.47421340069146,11.98953325717725,23.946165161462286,61.27428362900308,37.45927723251043,76.60998227818612,1.8450704225352113,2.136956931135567,0.8598131245457761,3.435326767440622,3.0985915492957745,3.843499905807504,1.2576548834713397,6.51333101659954,1.1267605633802817,1.361587912966525,0.6042827326536899,2.1586965300277567,1.591549295774648,1.8653579319834646,0.9358348609015767,2.8245018775511364,0.5559924505023763,0.7299338586019933,-2.308963059566787,-0.13770421762212293,-1.6561393523629142,-1.705802390681011,1.39264824371981,-2.0957009290804742,1.736754449941698,0.5212903021257659,-0.7048892007152968,-4.958506154241332,16.951041715316816,2,0,,
Jonathan Kuminga,kuminjo01,MIN,PF,24.32306639288159,36.0,12.166666666666666,12.444542929409268,8.958424715410919,15.983502622126473,5.611111111111111,5.537954465959397,4.171966576815459,6.881835918614251,2.3055555555555554,2.3074048083098346,1.409442336659277,3.270845977027577,0.6111111111111112,0.6839987616135443,0.40977981041753664,0.9680405396856835,0.3055555555555556,0.36305043432765766,0.14980893089198902,0.5933851956334143,0.9722222222222222,1.0112217204858787,0.48314244852146204,1.592721988072531,1.8611111111111112,1.7617288544805683,1.3071791876606258,2.2361368142654965,23.063888888888886,23.59180640780771,16.26411784563665,29.77511189747874,57.25594038672979,29.63053296679832,75.04535081978212,4.361111111111111,4.3328854100001815,3.0557416034103904,5.631255246305236,9.416666666666666,9.327967976957355,6.742122954621191,11.997799087749392,2.4722222222222223,2.5144518830100484,1.7571467026972134,3.31156050007128,3.4166666666666665,3.3989907058540916,2.4694676347722035,4.358134651421763,0.4645047475188165,0.7397642713995659,-0.92879239872728,0.21224675722943362,-0.8053780649128014,-1.1080939547150628,-0.4413262591199092,-0.9914240658969679,0.23731187274937054,-0.23083990299100418,-0.9055256605389224,-4.961821676923144,23.930614234368335,2,1,unknown,ROSTER_CHANGE
Svi Mykhailiuk,mykhasv01,UTA,SF,29.645448323066393,50.0,9.38,9.371466522032476,5.885348308034127,12.91042621474968,2.48,2.5068358442512984,1.2536359459541064,3.739754608154834,1.86,1.9015890589567757,1.003626587306218,2.865030227674518,0.52,0.5574342277001016,0.28321527650409395,0.8414760057722408,0.06,0.0900033854434808,0.0,0.32033814674923744,1.96,1.9085740639434576,1.3804947919790411,2.49007433153011,0.84,0.8423299819307217,0.3877803151107792,1.3167379417156497,23.108,22.168729379907575,15.684049236393363,27.6406811406784,60.59811811625843,36.783111719765785,75.93381676544148,3.46,3.4616802491386167,2.1845364425488256,4.760050085443671,7.24,7.272252836012196,4.686407813676032,9.942083946804233,0.5,0.5775575010907718,0.0,1.3746661181520032,0.56,0.704126837165523,0.0,1.663270782733195,0.4760120869280529,0.8202463968221141,-1.5966049317744224,-1.2487493065385409,-1.0258144711697514,-1.5811077510687792,-1.146080987062829,0.17292177028180347,1.7034331809694505,-0.04397722412944849,-0.20007981160355418,-4.966059532096072,16.332035981069225,2,0,,
Mouhamed Gueye,gueyemo02,ATL,PF,24.229979466119097,77.0,4.441558441558442,6.603632096505795,3.117513882507446,10.142591789223,3.5714285714285716,4.056573289716916,2.8033733914197247,5.289492053620452,0.8961038961038961,1.268075405093969,0.37011293344341145,2.2315165738117115,0.7922077922077922,0.838894327648857,0.5646753764528493,1.1229361057209961,0.5064935064935064,0.5396862987490797,0.3264447953134111,0.7700210600548364,0.5194805194805194,0.7142169918899086,0.186137719925492,1.295717259476561,0.42857142857142855,0.6720834919454814,0.21753382512553893,1.1464914517304094,15.307792207792208,17.797113084736882,11.31243294122267,23.269064845507707,63.145542084313206,39.33053568782056,78.48124073349625,1.7012987012987013,2.349162787383011,1.07201898079322,3.6475326236880656,3.7662337662337664,5.149426299828522,2.5635812774923576,7.819257410620558,0.5194805194805194,0.9273964192869775,0.17009123897414247,1.724505036348209,0.8051948051948052,1.3151358083586993,0.38561273727681145,2.274279753926371,0.4561989337455396,0.7051715977868295,-2.1980851013950216,-0.5017774488607302,-1.369934859288872,-0.5291976599692636,0.014584035768817933,-1.3767980180434156,1.9749170973297077,-0.271541501861437,-0.7145997391118862,-4.9724331954320995,16.837291539055375,2,0,,
Daniss Jenkins,jenkida01,DET,PG,25.45927446954141,72.0,9.319444444444445,9.357212979733191,5.871094765734842,12.896172672450396,2.3055555555555554,2.1610921855935423,0.9078922872963504,3.394010949497078,3.861111111111111,4.180257660040946,3.282295188390388,5.143698828758688,0.8888888888888888,0.905409664079104,0.6311907128830962,1.1894514421512432,0.20833333333333334,0.1733244099539683,0.0,0.40365917125972495,1.0138888888888888,1.2345777108746978,0.7064984389102812,1.81607797846135,1.5972222222222223,1.5060792186372367,1.0515295518172942,1.9804871784221647,20.218055555555555,20.356407665069604,13.871727521555393,25.82835942584043,61.49066465332404,37.67565825683138,76.82636330250709,3.2222222222222223,3.3245603466667744,2.0474165400769833,4.622930182971829,7.888888888888889,7.962231274358785,5.37638625202262,10.632062385150821,1.8611111111111112,1.7136336220954265,0.9563284417825915,2.510742239156658,2.236111111111111,2.0902897842440127,1.1607667131621249,3.0494337298116845,0.417541293653833,0.8198067248915872,-1.599702379714516,-1.4153973950541492,0.21194310298625954,-0.28060770488648296,-0.9310232297979898,-0.701611909846025,0.6449840917821291,-0.9552355046832373,-0.007979511477602286,-5.034630440691614,19.95103309596884,2,0,,
Luka Garza,garzalu01,BOS,C,28.098562628336754,69.0,8.072463768115941,7.643109878176908,4.156991664178559,11.182069570894113,4.072463768115942,4.283539188646318,3.0303392903491266,5.516457952549854,0.9565217391304348,1.2300020610042457,0.33203958935368805,2.193443229721988,0.391304347826087,0.4615315460712983,0.18731259487529062,0.7455733241434375,0.4057971014492754,0.44978724515457424,0.2365457417189056,0.6801220064603309,0.7971014492753623,0.7783595853279679,0.2502803133635513,1.35985985291462,0.6666666666666666,0.7823487011234198,0.3277990343034773,1.2567566609083478,16.2,17.227764209416204,10.743084065901993,22.69971597018703,60.71965634257024,36.90464994607758,76.05535499175329,2.9855072463768115,2.932417568025515,1.6552737614357242,4.23078740433057,5.173913043478261,5.2986226048080995,2.712777582471935,7.968453715600136,1.3043478260869565,1.2789292771119223,0.5216240967990873,2.0760378941731537,1.6956521739130435,1.6559348941085543,0.7264118230266665,2.6150788396762263,0.5534301622773752,0.7723306524079336,-1.9721954070295742,-0.3923801185911036,-1.3906160456615115,-1.9395279981560554,-0.21745210348715627,-1.2935707749924337,1.7990824541103088,0.7422108112413935,-0.38066404691819333,-5.045113229484326,16.579967668613058,2,0,,
Quinten Post,postqu01,MEM,PF,26.86652977412731,67.0,7.656716417910448,8.046100560660326,4.559982346661977,11.58506025337753,4.014925373134329,4.012780664203254,2.6467927750593154,5.356662116858108,1.4029850746268657,1.4502899476547289,0.5523274760041712,2.413731116372471,0.3880597014925373,0.5091848267219845,0.2349658755259768,0.7932266047941237,0.5223880597014925,0.49512843500732867,0.28188693157166,0.7254631963130853,1.3880597014925373,1.4225384428172512,0.8944591708528346,2.0040387104039032,0.835820895522388,0.8649952681937967,0.41044560137385416,1.3394032279787247,17.3044776119403,17.848157592858996,10.520469030687938,24.031463082530028,61.327417716467096,33.702010296535626,79.11682814951942,2.8805970149253732,2.8713625612718534,1.5942187546820625,4.169732397576908,6.552238805970149,6.450816958412239,3.8649719360760746,9.120648069204275,0.5074626865671642,0.7148957591975724,0.0,1.512004376258804,0.6417910447761194,0.9110169519488727,0.0,1.8701608975165447,0.445116111615511,0.7847227844314506,-1.8846212003428706,-0.5228854493986539,-1.2709571360391443,-1.7614318246679461,-0.10042312240177238,-0.4577263311232096,1.667289935486625,-0.44776887448756264,-0.29934068305805067,-5.077864686032585,17.184816796180467,2,1,unknown,ROSTER_CHANGE
Taurean Prince,princta02,DET,SF,32.865160848733744,26.0,9.192307692307692,8.046980199426029,4.56086198542768,11.585939892143234,3.1153846153846154,2.721778867309462,1.3557909781655229,4.065660319964316,1.7692307692307692,1.6363332667196806,0.738370795069123,2.599774435437423,0.6153846153846154,0.5705962775410088,0.29637732634500114,0.854638055613148,0.23076923076923078,0.20030130465901638,0.0,0.43063606596477305,2.3461538461538463,2.1821529577162146,1.654073685751798,2.7636532253028667,1.1923076923076923,0.9380989087749397,0.4835492419549972,1.4125068685598678,23.515384615384615,20.94168554197069,13.61399697979963,27.12499103164172,55.03024606955236,27.40483864962089,72.81965650260469,3.3076923076923075,2.911805882207273,1.6346620756174823,4.210175718512328,7.346153846153846,6.3748940147564355,3.789048992420271,9.044725125548473,0.23076923076923078,0.13978482903223247,0.0,0.936893446093464,0.23076923076923078,0.1740348233733661,0.0,1.1331787689410382,0.4567614575971149,0.8032003384308019,-1.8844300453846403,-1.145146990095576,-1.1698996469491538,-1.5319167891891883,-0.8613938594521281,0.5278998880224216,1.5507150642697092,-0.2974078825543379,-0.2867146625176648,-5.098294923850559,15.14220857810204,2,1,unknown,ROSTER_CHANGE
Dennis Schröder,schrode01,CHO,PG,33.379876796714576,70.0,10.8,9.488659837930069,6.0025416239317195,13.027619530647273,2.7142857142857144,2.436372280847332,1.0703843917033928,3.780253733502186,4.871428571428571,4.579808116923709,3.6818456452731514,5.543249285641451,0.7857142857142857,0.8270138561141878,0.5527949049181801,1.111055634186327,0.15714285714285714,0.12357186495377047,0.0,0.3539066262595271,1.0714285714285714,1.175057166913702,0.6469778949492854,1.7565574345003543,1.7714285714285714,1.5496797034621563,1.0951300366422139,2.0240876632470846,24.232857142857142,23.671307944209428,16.34361938203837,29.85461343388046,62.13088178819121,34.505474368259726,79.92029222124356,3.642857142857143,3.4254864710565887,2.1483426644667976,4.723856307361643,8.985714285714286,8.271063920777113,5.685218898440949,10.94089503156915,2.442857142857143,2.1103721222174037,1.3530669419045687,2.9074807392786353,2.9285714285714284,2.5628483325682554,1.6333252614863676,3.5219922781359276,0.41415306469240115,0.8234479174593133,-1.5711375646247159,-1.2827126717578958,0.42897624419373226,-0.5735989370831934,-1.0594382464017975,-0.7788418831484317,0.5754564887372655,-1.0424865890867951,0.09497527049024822,-5.208807888681583,20.58409621007415,2,1,unknown,ROSTER_CHANGE
Jock Landale,landajo01,ATL,C,31.27173169062286,68.0,10.558823529411764,7.113510915861657,3.6273927018633088,10.652470608578863,5.6911764705882355,5.056968373733817,3.6909804845898777,6.40084982638867,1.6911764705882353,1.4101868862141993,0.5122244145636417,2.3736280549319417,0.5147058823529411,0.5375330234010027,0.26331407220499503,0.8215748014731419,0.5294117647058824,0.47298646129712857,0.2597449578614599,0.7033212226028852,1.088235294117647,0.8690879631216955,0.34100869115727883,1.4505882307083477,0.8823529411764706,0.7504495236270043,0.2958998568070618,1.2248574834119323,22.14558823529412,19.84932671027496,12.5216381481039,26.03263219994599,61.19375925301758,33.5683518330861,78.98316968606991,4.147058823529412,2.9545958414761917,1.6774520348864008,4.252965677781247,8.058823529411764,5.820844483464315,3.2349994611281505,8.490675594256352,1.1764705882352942,1.0558133639222047,0.2985081836093697,1.8529219809834363,1.8529411764705883,1.5618118330822117,0.6322887620003239,2.520955778649884,0.507588864445618,0.6760182895007097,-2.087282953721843,-0.019588045419337848,-1.2927408513285208,-1.6554851766117484,-0.15757320229467267,-1.1758475532528618,1.8499505432917578,0.3013438323863428,-0.9732146387940369,-5.21043804574492,17.578262224130928,2,1,unknown,ROSTER_CHANGE
Kyle Anderson,anderky01,TOR,SF,33.36618754277892,43.0,6.186046511627907,4.716569729754006,1.2304515157556577,8.255529422471211,3.488372093023256,3.316374323306464,1.950386434162525,4.660255775961318,2.9302325581395348,2.4792678397844505,1.5813053681338929,3.442709008502193,1.0465116279069768,0.9351398005744005,0.6609208493783928,1.2191815786465396,0.6046511627906976,0.47194700411034174,0.25870550067467313,0.7022817654160984,0.09302325581395349,0.14164130926927107,0.0,0.7231415768559233,0.9069767441860465,0.80284353585338,0.34829386903343745,1.277251495638308,19.83953488372093,19.14604323393317,11.818354671762112,25.329348723604202,55.127990910054706,27.502583490123232,72.91740134310703,2.488372093023256,1.986982788963694,0.7098389823739031,3.285352625268749,4.6976744186046515,3.8986370890559785,1.312792066719814,6.568468199848015,1.1162790697674418,1.005728667561514,0.24842348724867902,1.8028372846227456,1.5813953488372092,1.3644176643800432,0.4348945932981554,2.323561609947715,0.5096608747045047,0.7371120250180077,-2.6081640360200704,-0.8585525907459353,-0.7120232133894574,-0.16949628769142658,-0.1602561185535223,-2.119734855303788,1.7664003236409629,0.17384205419501064,-0.5571445336040699,-5.245129257472296,15.833537555599285,2,1,unknown,ROSTER_CHANGE
Daeqwon Plowden,plowdda01,SAC,SG,28.427104722792606,32.0,10.75,9.320958491557171,5.834840277558822,12.859918184274376,3.03125,2.1584375473231003,0.9052376490259084,3.391356311226636,1.28125,1.2761609199538226,0.378198448303265,2.239602088671565,0.71875,0.6534059385335447,0.379186987337537,0.9374477166056838,0.21875,0.13731349260897363,0.0,0.3676482539147303,1.9375,1.803923173703057,1.2758439017386403,2.385423441289709,0.8125,0.6921764657955297,0.2376267989755872,1.1665844255804578,26.390625,22.87823590262527,16.39355575911106,28.350187663396095,56.82308629558722,33.00807989909457,72.15878494477026,3.75,3.0321288258108945,1.7549850192211036,4.330498662115949,8.71875,6.88469600587762,4.298850983541456,9.554527116669657,1.3125,1.0812179591271887,0.32391277881435365,1.8783265761884202,1.53125,1.3218277397423936,0.39230466866050584,2.2809716853100657,0.44041578934237585,0.8179719086073223,-1.607580869661931,-1.4166769279751201,-1.3655428615872436,-1.222429518864059,-1.0239700840495152,0.037133605028549885,1.9428757951412852,-0.5328624586469989,-0.12478587009776101,-5.313839190712795,15.50530675590765,2,0,,
Lonzo Ball,balllo01,CLE,PG,26.765229295003422,35.0,4.571428571428571,3.7929917958891197,0.3068735818907711,7.331951488606325,4.0,3.2457071305476513,1.9925072322504593,4.478625894451187,3.8857142857142857,3.591621887261102,2.6936594156105444,4.555063055978844,1.2857142857142858,1.0782307680736491,0.8040118168776414,1.3622725461457883,0.2571428571428571,0.21641521925032656,0.003173715814657918,0.4467499805560832,1.1428571428571428,1.071422837694763,0.5433435657303464,1.652923105281415,1.4857142857142858,1.1724981601277171,0.7179484933077747,1.6469061199126451,20.78857142857143,17.597782393622055,11.113102250107843,23.06973415439288,47.53363408827305,23.718627691780394,62.8693327374561,1.5142857142857142,1.4145175582937095,0.13737375170391863,2.7128873945987646,5.0285714285714285,3.907288685652431,1.3214436633162667,6.577119796444467,0.4,0.2997043852763933,0.0,1.0968130023376248,0.6,0.40164826464982195,0.0,1.360792210217494,0.3620202324665233,0.7461861824242944,-2.8088674477543862,-0.8926141051052702,-0.10779991968530071,0.3652822925942233,-0.8198026481927401,-0.9133110251649488,1.1769298146902245,-0.9650959403504307,-0.3608847183986527,-5.3261636973672815,15.786712985282165,2,0,,
Cam Whitmore,whitmca01,FA,SF,22.56810403832991,21.0,9.19047619047619,10.103985459770486,7.149655954181112,14.174733860896666,2.761904761904762,3.2141214840018417,2.0715479514143884,4.691917021373956,0.7142857142857143,1.1217786022680367,0.28285710968421807,2.144260750052518,0.7142857142857143,0.7167120665233978,0.480214803039148,1.0384755323072947,0.38095238095238093,0.40765008802228436,0.21586385237726233,0.6594401171186877,0.7619047619047619,0.905509342005392,0.42508845646231197,1.5346679960133809,0.8571428571428571,0.9077912061197997,0.5010200238324785,1.429977650437349,16.861904761904764,18.210347907863387,12.253060347085425,25.14230953990469,53.199635499959726,27.09838848940378,70.00756121946434,3.6666666666666665,3.8259776967446077,2.750201137351902,5.325714780246748,8.047619047619047,8.305423377921214,6.156705901791431,11.412382034919633,1.0952380952380953,1.3360767130951912,0.6490913597873664,2.203505157161433,1.4761904761904763,1.7461048330458218,0.9084820163347669,2.7971490329843265,0.46066016416639577,0.765175542618826,-1.4374206934191527,-0.9078383543129736,-1.4494023060630323,-0.9858334440630897,-0.32621123797482415,-1.1285895490137205,1.599045304813364,-0.28320329377552156,-0.434681413437835,-5.354134987246786,18.108894401491998,2,1,smaller,ROSTER_CHANGE
Walter Clayton,claytwa01,UTA,PG,23.90965092402464,69.0,7.797101449275362,8.588597656113407,5.102479442115058,12.127557348830612,2.0144927536231885,2.319622070748288,1.066422172451096,3.5525408346518237,4.043478260869565,4.184674244021881,3.2867117723713237,5.148115412739624,0.6376811594202898,0.7796012408277406,0.5053822896317329,1.0636430188998798,0.2753623188405797,0.2591488884764309,0.04590738504076228,0.4894836497821876,1.0869565217391304,1.294369708270913,0.7662904363064963,1.8758699758575652,1.681159420289855,1.653461735780126,1.1989120689601835,2.127869695565054,20.446376811594202,21.72024366233173,15.235563518817518,27.192195423102554,62.97354323273446,39.15853683624181,78.3092418819175,2.5652173913043477,2.87214539279052,1.595001586200729,4.1705152290955745,6.681159420289855,7.1958331070536925,4.6099880847175285,9.86566421784573,1.5797101449275361,1.7028269344883962,0.9455217541755612,2.499935551549628,1.7536231884057971,1.9677317386823152,1.0382086676004274,2.9268756842499872,0.3991400787179331,0.8653755494276311,-1.7667307506893617,-1.3389861531641323,0.2143421619243158,-0.7507956639880489,-0.709503871653972,-0.6240297162821808,0.4099602568680983,-1.137680661408866,0.33089931888747054,-5.372525079506676,19.111944159176563,1,0,,
Leonard Miller,millele01,CHI,SF,23.184120465434635,46.0,7.8478260869565215,9.327543752920588,5.841425538922239,12.866503445637793,3.9347826086956523,4.076848378485457,2.8236484801882655,5.309767142388993,0.8695652173913043,1.3944170214006073,0.49645454975004966,2.3578581901183497,0.3695652173913043,0.47053766527710694,0.19631871408109924,0.7545794433492461,0.32608695652173914,0.3215917251064204,0.10835022167075178,0.5519264864121771,0.6956521739130435,0.8313282827722794,0.3032490108078628,1.4128285503589315,0.782608695652174,0.9517763063771895,0.49722663955724694,1.4261842661621176,15.626086956521737,17.57790349683451,11.093223353320298,23.049855257605333,56.26935163005962,32.45434523356697,71.60505027924266,3.152173913043478,3.3458835740230417,2.068739767433251,4.644253410328097,5.695652173913044,6.311093686870124,3.7252486645339595,8.98092479766216,0.8478260869565217,1.0932463169263953,0.3359411366135603,1.8903549339876269,1.1521739130434783,1.4440305014154067,0.5145074303335189,2.403174446983079,0.5301590722672941,0.7570797956516981,-1.6061498215886305,-0.49200487688969596,-1.3013069366325236,-1.9058691325621042,-0.5483342691221402,-1.2248420501311799,1.528904373975906,0.6193289234654531,-0.4577080171664777,-5.387981806651393,17.735999203977435,2,0,,
Spencer Jones,jonessp01,DEN,SF,25.634496919917865,64.0,5.5,5.614567758734903,2.128449544736555,9.153527451452108,3.265625,3.0899967282098775,1.8367968299126856,4.322915492113413,0.796875,0.9669419183267605,0.06897944667620282,1.9303830870445027,0.8125,0.7705582744778585,0.4963393232818508,1.0546000525499977,0.453125,0.38427519132364807,0.17103368788797943,0.6146099526294048,0.890625,0.9013200051354091,0.3732407331709925,1.4828202727220612,0.484375,0.4439342150690394,0.0,0.9183421748539675,22.1328125,20.711294643950115,14.226614500435904,26.18324640472094,61.57690491551555,37.76189851902289,76.9126035646986,2.0625,2.1848808811070453,0.9077370745172544,3.4832507174121004,4.09375,4.420621274709865,1.8347762523737008,7.0904523855019015,0.484375,0.6433676128008613,0.0,1.4404762298620928,0.796875,0.9285632201374245,0.0,1.8877071657050966,0.49424747005734926,0.6928635539814347,-2.4130194125523516,-0.9676663591721264,-1.5335085592559405,-0.7845922396257546,-0.3865435837403671,-1.1340253591238498,2.338735812220963,0.08033119042196188,-0.637960405627584,-5.4382489164550485,13.793542892412377,2,0,,
Klay Thompson,thompkl01,MIA,SF,36.98015058179329,69.0,11.73913043478261,10.488169500913001,7.002051286914652,14.027129193630206,2.072463768115942,1.9488312984955853,0.5828434093516461,3.2927127511504395,1.391304347826087,1.332509599372117,0.43454712772155935,2.295950768089859,0.4782608695652174,0.5126169974037686,0.23839804620776095,0.7966587754759078,0.3188405797101449,0.2748638805407086,0.061622377105039955,0.5051986418464652,2.927536231884058,2.654624494787376,2.1265452228229593,3.236124762374028,0.9130434782608695,0.8442540995410022,0.38970443272105965,1.3186620593259302,21.692753623188405,20.260292926744746,12.932604364573688,26.443598416415778,60.80265821073051,33.17725079079904,78.59206864378284,4.144927536231884,3.62007743270314,2.342933626113349,4.918447269008195,10.55072463768116,9.003501938277893,6.417656915941729,11.67333304906993,0.5217391304347826,0.3613099992429246,0.0,1.1584186163041563,0.6811594202898551,0.46742377976678634,0.0,1.4265677253344584,0.40207437700574933,0.7729816386817001,-1.353933372031438,-1.5177069247179071,-1.3349346350507048,-1.7486046602663063,-0.6689423090875767,1.1409481192023037,1.7003648828540416,-1.3378553917750682,-0.32121238576499783,-5.441876676637653,16.34371999245831,2,1,unknown,ROSTER_CHANGE
Nique Clifford,cliffni01,SAC,SG,24.97741273100616,75.0,8.6,9.394554695157309,5.90843648115896,12.933514387874514,3.76,3.443690048707734,2.1904901504105423,4.67660881261127,2.3866666666666667,2.4521195135143468,1.5541570418637891,3.415560682232089,0.9066666666666666,0.9110763493596289,0.6368573981636212,1.1951181274317682,0.32,0.30090985909070617,0.08766835565503753,0.5312446203964628,1.0266666666666666,1.1429252177499074,0.6148459457854908,1.7244254853365595,1.5466666666666666,1.474973001667733,1.0204233348477905,1.949380961452661,25.089333333333332,23.884933600204853,17.400253456690642,29.356885360975678,63.93393294199811,40.11892654550546,79.26963159118115,3.32,3.2173013758773874,1.9401575692875965,4.5156712121824425,7.946666666666666,7.567112863405134,4.98126784106897,10.236943974197171,0.9333333333333333,1.1374949936736851,0.3801898133608501,1.9346036107349167,1.2933333333333332,1.5343454071137053,0.6048223360318175,2.4934893526813773,0.4251689427597133,0.7413552309668361,-1.5915876236004654,-0.7971865418111032,-0.7267700030062062,-0.2594294155632199,-0.601715702530122,-0.820534203327836,0.694587684823988,-0.800412158842247,-0.5633840703406812,-5.466432034197893,19.366147647561384,1,0,,
Nae'Qwan Tomlin,tomlina01,CLE,PF,26.143737166324435,64.0,5.84375,6.707309122033606,3.221190908035257,10.246268814750811,2.90625,3.2510243219478197,1.9978244236506277,4.483943085851355,0.828125,1.0276223500936021,0.1296598784430445,1.9910635188113446,0.640625,0.6816785728971279,0.40745962170112016,0.965720350969267,0.53125,0.5209838287793217,0.3077423253436531,0.7513185900850784,0.421875,0.6087976902554559,0.08071841829103932,1.190297957842108,0.453125,0.5579416877707649,0.1033920209508224,1.032349647555693,15.6796875,17.008170560501842,10.52349041698763,22.480122321272667,59.86512667261187,36.050120276119216,75.20082532179492,2.34375,2.4640147171176965,1.1868709105279056,3.762384553422751,4.90625,5.180350435611332,2.5945054132751673,7.850181546403368,0.734375,1.017481309827103,0.26017612951426794,1.8145899268883345,0.953125,1.3135781735083694,0.38405510242648155,2.2727221190760414,0.47564633855256144,0.7745875581272516,-2.1755549694170724,-0.8900512243092791,-1.5005473537578133,-1.1167652723352088,-0.03368842932194557,-1.5135832237720854,2.156933560755556,-0.07335191128334642,-0.35211733406741874,-5.498726157508614,15.200017350769977,2,0,,
Jared McCain,mccaija01,PHI,SG,22.94866529774127,67.0,8.328358208955224,10.711817276672017,7.225699062673668,14.250776969389221,2.044776119402985,2.5123573326986772,1.2591574344014853,3.745276096602213,1.3432835820895523,1.6925798369675311,0.7946173653169735,2.6560210056852736,0.5223880597014925,0.6713235297715952,0.39710457857558745,0.9553653078437343,0.07462686567164178,0.16109310293855136,0.0,0.39142786424430803,1.4776119402985075,1.6185375148918786,1.090458242927462,2.200037782478531,0.835820895522388,1.11812874450523,0.6635790776852875,1.592536704290158,17.3044776119403,20.212958819686737,13.728278676172526,25.68491058045756,63.88021648327478,40.06521008678213,79.21591513245782,3.044776119402985,3.5649891104309606,2.28784530384117,4.863358946736016,7.164179104477612,8.24052921984617,5.654684197510006,10.910360330638207,0.7611940298507462,1.2655232122467381,0.5082180319339031,2.0626318293079695,0.8805970149253731,1.5330432042123976,0.6035201331305098,2.4921871497800696,0.43261652441510423,0.8254974215791275,-1.3053323065709543,-1.2460879547755357,-1.1393468854324285,-1.1554655156716593,-0.962593142321355,-0.20341072685824602,1.263630115440572,-0.7385587090030029,-0.05106521263597722,-5.538230337828588,17.64463698498693,2,0,,
Cody Williams,willico04,UTA,SG,22.198494182067076,67.0,8.776119402985074,9.86340610263491,6.377287888636561,13.402365795352114,2.955223880597015,2.845684486699953,1.5924845884027612,4.078603250603489,2.044776119402985,2.3155960266077256,1.417633554957168,3.279037195325468,0.7611940298507462,0.8168292305384908,0.5426102793424831,1.10087100861063,0.3880597014925373,0.3684723605166833,0.15523085708101467,0.59880712182244,0.417910447761194,0.6744984439840251,0.14641917201960852,1.2559987115706774,1.0895522388059702,1.1795770504264422,0.7250273836064998,1.6539850102113702,24.34328358208955,23.96822663292522,17.483546489411008,29.440178393696044,64.06758597861827,40.25257958212562,79.40328462780131,3.5522388059701493,3.5205062515019057,2.2433624449121146,4.81887608780696,7.597014925373134,7.52494204062515,4.939097018288985,10.194773151417186,1.2537313432835822,1.390565237228492,0.633260056915657,2.1876738542897236,1.7761194029850746,1.9109368809953284,0.9814138099134406,2.8700808265630005,0.4678449657812158,0.727687686107248,-1.4897011734950467,-1.085424608756957,-0.8009286498091941,-0.611662273304194,-0.42733186463042966,-1.4283342136197175,1.1656414476763193,-0.1622899504424038,-0.7318343932044046,-5.571865679586028,19.127949249325525,2,0,,
Vince Williams Jr.,willivi01,MEM,SG,26.42299794661191,40.0,7.5,7.347021500508111,3.8609032865097626,10.885981193225316,3.875,3.4639862748800283,2.2107863765828366,4.696905038783564,4.15,3.7137416743429146,2.815779202692357,4.677182843060657,0.725,0.7926903421375228,0.5184713909415151,1.076732120209662,0.4,0.32349144521905615,0.11024994178338751,0.5538262065248128,1.375,1.4285700265050334,0.9004907545406168,2.0100702940916855,1.75,1.5694535350199228,1.1149038681999803,2.043861494804851,20.48,20.244389092722674,13.759708949208463,25.7163408534935,56.490854619388585,32.67584822289594,71.82655326857163,2.575,2.450022775183635,1.1728789685938443,3.74839261148869,7.3,6.406246026764372,3.820401004428208,9.076077137556409,0.975,0.9820492381535593,0.22474405784072427,1.7791578552147909,1.25,1.2593730116179866,0.32984994053609884,2.218516957185659,0.3824428167366338,0.7797921895212491,-2.0365385938836895,-0.7874037816331605,-0.04146526648346389,-0.7018773350537149,-0.5434309503108968,-0.4499001417744713,0.5439241074634085,-1.2387612304828035,-0.3239254861475175,-5.57937867830631,18.853509368928336,2,0,,
Nolan Traoré,traorno01,BRK,PG,20.681724845995895,56.0,8.910714285714286,11.005597867603967,7.519479653605618,14.544557560321172,1.7678571428571428,2.35194023603475,1.098740337737558,3.5848589999382856,3.8035714285714284,4.150016537241243,3.252054065590686,5.113457705958986,0.8035714285714286,0.9160742450991277,0.64185529390312,1.2001160231712669,0.4107142857142857,0.42887371316877043,0.2156322097331018,0.6592084744745271,1.0892857142857142,1.33896276890483,0.8108834969404134,1.920463036491482,2.3035714285714284,2.1329435465686957,1.6783938797487532,2.607351506353624,22.198214285714283,23.531813864649845,17.047133721135634,29.00376562542067,59.66863534355974,35.853628947067094,75.00433399274279,3.25,3.686960665632813,2.409816859043022,4.9853305019378675,8.553571428571429,9.325409549588125,6.739564527251961,11.995240660380162,1.3214285714285714,1.6575472620815448,0.9002420817687098,2.454655879142776,1.6785714285714286,2.112661142053799,1.1831380709719113,3.0718050876214713,0.3953671574451821,0.7845779093897564,-1.241490626579072,-1.323408830675474,0.19551632693883259,-0.24075061539367804,-0.27143148398297984,-0.5661686711195754,-0.35464640155801114,-1.5044934325960728,-0.3003271440501234,-5.607200879016154,21.95485128494253,1,0,,
Kris Murray,murrakr01,MEM,SF,26.45311430527036,57.0,5.807017543859649,6.055303930548942,2.5691857165505936,9.594263623266148,3.6140350877192984,3.368234103022771,2.002246213878832,4.712115555677625,1.4210526315789473,1.5186729805309804,0.6207105088804228,2.482114149248723,0.8947368421052632,0.8354310445912322,0.5612120933952245,1.1194728226633712,0.38596491228070173,0.3382654383676242,0.12502393493195554,0.5686001996733808,0.5964912280701754,0.6983492539011484,0.17026998193673182,1.2798495214878005,0.8245614035087719,0.7168410526935869,0.26229138587364437,1.191249012478515,23.394736842105264,21.48737535687704,14.15968679470598,27.67068084654807,60.509243149643424,32.883835729711954,78.29865358269575,2.263157894736842,2.1709950550347292,0.8938512484449384,3.469364891339784,4.842105263157895,4.64020776881006,2.054362746473896,7.3100388796020965,0.6842105263157895,0.7604257741354473,0.0031205938226123164,1.557534391196679,1.0,1.0434261707910537,0.1139030997091659,2.0025701163587257,0.4678659153211714,0.7287777472161207,-2.317242705341913,-0.8335562301644736,-1.2338119290327072,-0.5421411016766771,-0.5052981758875912,-1.3973869592675514,1.9035443607776577,-0.1509011538185438,-0.5310579141132084,-5.607851808525009,15.17944272115572,2,1,unknown,ROSTER_CHANGE
Bryce McGowens,mcgowbr01,NOP,SG,24.23271731690623,42.0,8.095238095238095,8.23392594697928,4.747807732980931,11.772885639696485,2.0952380952380953,2.061921964347516,0.808722066050324,3.2948407282510517,1.4761904761904763,1.7370524901705016,0.8390900185199439,2.7004936588882438,0.6428571428571429,0.6737618644732809,0.3995429132772732,0.95780364254542,0.19047619047619047,0.1800498859305926,0.0,0.41038464723634926,0.9047619047619048,1.0487435891338484,0.5206643171694317,1.6302438567205004,0.40476190476190477,0.5569593605225125,0.10240969370256997,1.0313673203074405,20.95,21.43525024925334,14.950570105739128,26.907202010024164,58.09710604719264,34.28209965069999,73.43280469637568,2.7142857142857144,3.0521053300022887,1.7749615234124978,4.350475166307343,5.642857142857143,6.391840280072912,3.8059952577367473,9.061671390864948,1.7619047619047619,1.713042620108951,0.955737439796116,2.5101512371701826,2.261904761904762,2.1985563559352803,1.2690332848533925,3.1577003015029526,0.47750024973519417,0.7791670272560338,-1.8438047251302387,-1.4631973398817115,-1.1151896370644123,-1.1463526471739633,-0.91366427641775,-0.9427381379619331,2.1585000309278697,-0.03597354768244079,-0.3475869394609791,-5.650007219845559,15.318286930141161,2,0,,
Caris LeVert,leverca01,MIL,SG,32.43805612594114,60.0,7.383333333333334,7.32275189509458,3.8366336810962314,10.861711587811785,1.95,2.0519698462509597,0.6859819571070205,3.3958512989058134,2.65,2.4472254787908936,1.549263007140336,3.410666647508636,0.85,0.8509350095723002,0.5767160583762925,1.1349767876444394,0.6833333333333333,0.5797012001884735,0.3664596967528049,0.8100359614942302,1.0,1.054387009322497,0.5263077373580803,1.6358872769091493,1.3666666666666667,1.17088119348163,0.7163315266616874,1.645289153266558,19.238333333333333,19.3139186909708,11.986230128799743,25.497224180641833,59.00285986383285,31.377452443901383,76.79227029688518,2.716666666666667,2.652521529793894,1.3753777232041033,3.950891366098949,6.516666666666667,6.204282868134567,3.6184378457984026,8.874113978926603,0.95,0.9498696180447831,0.1925644377319481,1.7469782351060146,1.4,1.3261467451771025,0.3966236740952147,2.2852906907447745,0.4275307213050111,0.7162628280009322,-2.0418126399921297,-1.4679942505869181,-0.7294284100006478,-0.48419762329871796,0.11786547057218437,-0.9354156042366163,1.1795083138871343,-0.6512793899297069,-0.6596830050903089,-5.672437138675728,16.576981364582764,2,1,unknown,ROSTER_CHANGE
Thomas Bryant,bryanth01,CLE,C,29.505817932922657,60.0,6.166666666666667,7.030009129418816,3.543890915420467,10.568968822136021,3.4166666666666665,4.0595547216939325,2.806354823396741,5.292473485597468,0.55,0.9494484573675558,0.05148598571699814,1.9128896260852981,0.3,0.41898605913273673,0.14476710793672903,0.7030278372048759,0.43333333333333335,0.5122456982073029,0.2990041947716343,0.7425804595130596,0.7833333333333333,0.8353708193299783,0.30729154736556163,1.4168710869166303,0.4666666666666667,0.675175602887408,0.22062593606746544,1.149583562672336,12.196666666666665,15.16155772272091,8.6768775792067,20.633509483491736,58.39560272129559,34.58059632480294,73.73130137047863,2.25,2.4617154570524504,1.1845716504626596,3.7600852933575055,4.45,4.966257533080868,2.3804125107447036,7.636088643872904,0.8833333333333333,0.9578852385743598,0.2005800582615248,1.7549938556355915,1.1,1.2080412177935629,0.2785181467116751,2.1671851633612347,0.4956882402200557,0.7929243013114217,-2.105428789401196,-0.500340401708693,-1.543010890481357,-2.098534646166071,-0.05624219380751249,-1.2195967185255132,1.969986256239196,0.12080803535410506,-0.259951071200006,-5.692310419697048,15.444167150635577,2,0,,
Kobe Sanders,sandeko01,LAC,SG,24.67624914442163,68.0,7.279411764705882,8.254539930233161,4.768421716234812,11.793499622950366,2.25,2.4503852384013416,1.1971853401041497,3.6833040023048773,1.6029411764705883,1.8556184938106324,0.9576560221600747,2.8190596625283746,0.7205882352941176,0.7685134898892635,0.4942945386932558,1.0525552679614028,0.14705882352941177,0.19076628064892312,0.0,0.4211010419546798,1.1764705882352942,1.2934481137758724,0.7653688418114558,1.8749483813625245,1.1911764705882353,1.2069819631962284,0.752432296376286,1.6813899229811564,19.873529411764707,20.658927510684403,14.174247367170192,26.13087927145523,62.67097697359419,38.855970577101544,78.00667562277724,2.6323529411764706,2.9796939230532566,1.7025501164634658,4.278063759358312,5.647058823529412,6.38361933673805,3.797774314401886,9.053450447530087,0.8382352941176471,1.1038159681721613,0.3465107878593263,1.900924585233393,1.0147058823529411,1.3685681301283306,0.43904505904644275,2.3277120756960024,0.4667718681007447,0.8065480584212176,-1.8393250850080731,-1.275958440603254,-1.0507853753068421,-0.7922342803386638,-0.8860044651320781,-0.6252255171521168,1.121940147009869,-0.17139274284075964,-0.18067446854775335,-5.699660227919673,15.64928730544905,1,0,,
Hugo González,gonzahu01,BOS,SF,20.98836413415469,74.0,3.9054054054054053,7.2080053238494735,3.721887109851125,10.746965016566678,3.324324324324324,4.1640504466828805,2.910850548385689,5.396969210586416,0.5405405405405406,1.1673084390519892,0.2693459674014316,2.1307496077697317,0.5675675675675675,0.7217479297449232,0.4475289785489155,1.0057897078170623,0.28378378378378377,0.3769912748441241,0.16374977140845545,0.6073260361498808,0.5675675675675675,0.7760732222213331,0.2479939502569165,1.3575734898079852,0.5135135135135135,0.8267104293666303,0.3721607625466878,1.3011183891515583,14.645945945945945,18.405311999553494,11.920631856039282,23.87726376032432,62.46545407488257,38.650447678389924,77.80115272406562,1.5810810810810811,2.6541612058501527,1.3770173992603618,3.952531042155208,3.324324324324324,5.602448217657361,3.016603195321197,8.272279328449399,0.17567567567567569,0.7984841239264042,0.04117894361356922,1.5955927409876358,0.35135135135135137,1.1674818252713652,0.23795875418947743,2.1266257708390373,0.473750243239192,0.6839370914753277,-2.0667483032310012,-0.4499735695444663,-1.4246708026304529,-0.967012746773904,-0.40534391356580823,-1.2965374105426855,1.7283409326785286,-0.08947036268619608,-0.7664149037875972,-5.7378310800835814,16.425335702847423,1,0,,
Jarred Vanderbilt,vandeja01,LAL,PF,27.83299110198494,65.0,4.430769230769231,5.556323133123509,2.07020491912516,9.095282825840714,4.492307692307692,4.552149507950466,3.298949609653274,5.785068271854001,1.2923076923076924,1.526069898804692,0.6281074271541343,2.489511067522434,0.8461538461538461,0.8251188830878877,0.55089993189188,1.1091606611600269,0.2923076923076923,0.34594766645090586,0.13270616301523722,0.5762824277566625,0.4461538461538462,0.5740416432312121,0.045962371266795476,1.1555419108178642,0.8615384615384616,0.8678159823203325,0.41326631550039,1.3422239421052606,17.346153846153847,18.356244173140897,11.871564029626686,23.828195933911722,58.87262056525097,35.05761416875832,74.20831921443401,1.7384615384615385,1.9963008395508453,0.7191570329610544,3.2946706758559,3.6923076923076925,4.24432553186251,1.658480509526346,6.914156642654547,0.5076923076923077,0.6961732539552657,0.0,1.4932818710164972,0.8615384615384616,1.0252176391124854,0.09569456803059762,1.9843615846801574,0.4703458357669425,0.6790492353974048,-2.4256765957166095,-0.26291022045505813,-1.2297939724003373,-0.5806810821157907,-0.4854697742075378,-1.5586804020764122,1.6627918778874875,-0.12858760463018,-0.7294141735432319,-5.73842194725767,15.953391057167154,2,0,,
Devin Carter,cartede02,ATL,PG,24.876112251882272,38.0,8.921052631578947,9.406892851266056,5.920774637267707,12.94585254398326,3.289473684210526,3.0684959991683085,1.7025081100243693,4.412377451823162,2.6578947368421053,3.1772658753359857,2.279303403685428,4.140707044053728,0.8947368421052632,0.8819260344996084,0.6077070833036007,1.1659678125717474,0.23684210526315788,0.22774772805774005,0.014506224622071406,0.4580824893634967,0.7894736842105263,0.9553842893991142,0.4273050174346976,1.5368845569857665,1.4210526315789473,1.3786558574990797,0.9241061906791372,1.8530638172840077,18.407894736842106,18.950489595219267,11.622801033048209,25.1337950848903,55.45503384919173,27.829626429260255,73.24444428224407,3.1842105263157894,3.1964439357634413,1.9193001291736504,4.494813772068496,7.684210526315789,7.4620298349437295,4.8761848126075655,10.131860945735767,1.763157894736842,1.6544817152966877,0.8971765349838527,2.4515903323579193,2.473684210526316,2.248038524518171,1.318515453436283,3.2071824700858427,0.42836118408357254,0.7359667982786452,-1.5889064096663326,-0.9780296884964577,-0.3328753395657392,-0.3683738462856085,-0.7905526006492223,-1.0638750723079928,0.8481800174107478,-0.7440873532064973,-0.7342112140741064,-5.752731506841209,19.80535229344497,2,1,unknown,ROSTER_CHANGE
Patrick Williams,willipa01,CHI,PF,25.43463381245722,72.0,7.013888888888889,8.293162078868214,4.807043864869865,11.832121771585419,2.986111111111111,3.423020959862679,2.1698210615654867,4.655939723766215,1.4583333333333333,1.6571692911995421,0.7592068195489845,2.6206104599172844,0.6805555555555556,0.765559708665417,0.4913407574694093,1.049601486737556,0.3611111111111111,0.41772940091406774,0.2044878974783991,0.6480641622198244,1.3194444444444444,1.429662297646824,0.9015830256824074,2.011162565233476,1.0416666666666667,1.047871151001657,0.5933214841817145,1.522279110786585,20.470833333333335,21.604247701978284,15.119567558464073,27.07619946274911,63.09403799743944,39.279031600946794,78.42973664662249,2.4722222222222223,2.7966228876604697,1.5194790810706789,4.094992723965524,6.638888888888889,7.186845951148003,4.601000928811839,9.85667706194004,0.75,0.9763573739500315,0.21905219363719652,1.7734659910112631,1.0416666666666667,1.3126016019406967,0.38307853085880894,2.2717455475083685,0.38913076844422223,0.7438337516169993,-1.8309320769950654,-0.8071490214145175,-1.1585816575306935,-0.8032735440809495,-0.3001957822358627,-0.44848288202673176,1.3756665318157382,-1.27853471793827,-0.5123341378217287,-5.76381728822808,17.388537345239534,2,0,,
Kentavious Caldwell-Pope,caldwke01,PHI,SG,33.95208761122519,51.0,8.392156862745098,7.62260360361826,4.136485389619912,11.161563296335466,2.450980392156863,2.1335023743204977,0.7675144851765585,3.477383826975352,2.7254901960784315,2.5936552133408264,1.6956927416902687,3.557096382058569,0.8431372549019608,0.8015448314843926,0.5273258802883849,1.0855866095565316,0.1568627450980392,0.14786407835119167,0.0,0.37819883965694834,1.0784313725490196,1.1871633188776016,0.659084046913185,1.7686635864642537,1.196078431372549,1.0697609527053662,0.6152112858854237,1.5441689124902942,21.327450980392157,20.531591984344633,13.203903422173575,26.714897474015665,57.491435144075,29.866027724143528,75.28084557712732,2.9411764705882355,2.6759793169861052,1.3988355103963144,3.9743491532911603,7.176470588235294,6.3326308162377645,3.7467857939016,9.0024619270298,1.4313725490196079,1.0744497631907841,0.3171445828779491,1.8715583802520157,1.5686274509803921,1.2473606310338656,0.3178375599519778,2.206504576601538,0.4225699230917606,0.8613786073240378,-1.9766516408946024,-1.4286956557627006,-0.6498887556013205,-0.6687851607199414,-0.9967382380552763,-0.7631337304544723,1.3407599143848143,-0.7240596413329927,0.08031739125743331,-5.786875517179059,15.851755049615484,2,1,unknown,ROSTER_CHANGE
Quenton Jackson,jacksqu01,IND,PG,28.380561259411362,49.0,9.142857142857142,8.433163056364597,4.947044842366248,11.972122749081802,2.326530612244898,2.154791856838342,0.90159195854115,3.3877106207418777,2.857142857142857,3.1923846187472757,2.294422147096718,4.155825787465018,0.6326530612244898,0.676659500739133,0.40244054954312525,0.9607012788112721,0.12244897959183673,0.11075112059600951,0.0,0.3410858819017662,0.8571428571428571,1.0009162913042953,0.47283701933987865,1.5824165588909476,1.2653061224489797,1.1501654364159506,0.6956157695960081,1.6245733962008786,18.312244897959182,18.491522612702884,12.006842469188673,23.96347437347371,58.063480945513916,34.24847454902127,73.39917959469696,3.142857142857143,3.1823308617723405,1.9051870551825496,4.480700698077396,6.6938775510204085,6.7790861338883746,4.19324111155221,9.44891724468041,2.0,1.6902379492029818,0.9329327688901468,2.4873465662642134,2.4285714285714284,2.0853543741926317,1.155831303110744,3.0444983197603035,0.4694336078522441,0.8105279227936385,-1.8005083598409766,-1.4184341470459287,-0.32466293906127713,-1.1355232158302644,-1.0925295405168727,-1.0047957182307417,1.2125427386147505,-0.13811970747876234,-0.08548427147101809,-5.787515160861091,17.019556640281,2,0,,
Tidjane Salaün,salauti01,CHO,PF,21.478439425051334,37.0,6.0,7.500081640503494,4.0139634265051445,11.039041333220698,4.027027027027027,4.403800291201872,3.15060039290468,5.636719055105408,0.7297297297297297,1.1078712817035932,0.20990881005303552,2.0713124504213356,0.43243243243243246,0.5654727494284679,0.2912537982324602,0.8495145275006071,0.1891891891891892,0.3093557590621969,0.09611425562652828,0.5396905203679536,0.972972972972973,1.044070253286652,0.5159909813222353,1.6255705208733042,0.7027027027027027,0.8763980432116142,0.42184837639167166,1.3508060029965423,15.548648648648651,18.02585501569194,11.541174872177727,23.497806776462763,57.03075136967872,33.21574497318606,72.36645001886177,2.1621621621621623,2.908900261238624,1.6317564546488332,4.207270097543679,4.297297297297297,5.936176398587144,3.35033137625098,8.60600750937918,0.7027027027027027,1.0784766223331113,0.32117144202027625,1.8755852393943429,1.0810810810810811,1.4937528886195688,0.564229817537681,2.452896834187241,0.4900292824739785,0.7219913216902768,-2.0032769803574193,-0.3344143906252844,-1.45695666976325,-1.551065119359593,-0.5799162069451469,-0.9488019535572454,1.6491064767881203,0.10403104083502178,-0.6712327971419337,-5.79252660012673,16.19453639476151,2,0,,
Gradey Dick,dickgr01,TOR,SG,23.200547570157426,76.0,5.9868421052631575,9.230166938998579,5.74404872500023,12.769126631715784,1.9342105263157894,2.6508331052769893,1.3976332069797974,3.883751869180525,0.6710526315789473,1.2813544386189095,0.38339196696835187,2.244795607336652,0.5921052631578947,0.7273379899054083,0.4531190387094006,1.0113797679775476,0.09210526315789473,0.2181481848092044,0.004906681373535754,0.4484829461149611,0.7368421052631579,1.0762690087114835,0.5481897367470668,1.6577692762981355,0.5657894736842105,0.8930510452102943,0.4385013783903518,1.3674590049952224,14.043421052631578,18.192124933873025,11.707444790358814,23.66407669464385,64.2967741410228,40.481767744530146,79.63247279020584,2.1184210526315788,3.0735364408120875,1.7963926342222967,4.371906277117143,5.052631578947368,7.154717785691732,4.568872763355568,9.824548896483769,1.013157894736842,1.5228204856361678,0.7655153053233328,2.319929102697399,1.1578947368421053,1.8119558737892407,0.8824328027073529,2.7710998193569125,0.42958178545611664,0.8404291228414849,-1.6273108498693518,-1.1793427745588223,-1.3627217769147408,-0.9461208310326026,-0.8153297352791145,-0.9070229499335551,1.6225507328068562,-0.7016718765538325,0.10154469471658095,-5.815425366618582,16.276605802192872,2,0,,
Oscar Tshiebwe,tshieos01,HOU,C,27.1813826146475,27.0,7.814814814814815,7.424738257532713,3.9386200435343643,10.963697950249918,6.62962962962963,6.323883137297215,4.957895248153276,7.6677645899520686,1.1851851851851851,1.3997635121994003,0.5018010405488427,2.3632046809171428,0.5925925925925926,0.5932457113736411,0.31902676017763343,0.8772874894457803,0.18518518518518517,0.3002892587586907,0.08704775532302209,0.5306240200644474,0.0,0.0,0.0,0.545457778848173,0.7777777777777778,0.8933531567074541,0.43880348988751156,1.3677611164923822,16.603703703703705,16.73164281946063,9.403954257289573,22.914948309131663,53.18182248417416,25.55641506424269,70.97123291722649,3.4074074074074074,2.6862985088410394,1.4091547022512485,3.984668345146094,5.37037037037037,4.7376517425211455,2.151806720184981,7.407482853313182,1.0,1.1910461348441947,0.43374095453135975,1.9881547519054263,1.8148148148148149,1.787131906413357,0.8576088353314693,2.746275851981029,0.5670105475949406,0.6664567570921708,-2.019649907274979,0.5910635699412664,-1.29840275851807,-1.4472683149984436,-0.6033175181144257,-2.303519374150795,1.6220689700848556,0.776644872560102,-1.138245298871435,-5.820625759341924,18.900295044278014,2,1,unknown,ROSTER_CHANGE
Simone Fontecchio,fontesi01,MIA,SF,31.148528405201915,70.0,8.528571428571428,7.920217146362311,4.434098932363963,11.459176839079516,3.0142857142857142,2.796671227049683,1.543471328752491,4.029589990953219,1.4428571428571428,1.5956432043950348,0.6976807327444772,2.559084373112777,0.5285714285714286,0.5703774164529571,0.29615846525694944,0.8544191945250963,0.12857142857142856,0.1211490025027423,0.0,0.351483763808499,1.7571428571428571,1.7304848405444822,1.2024055685800654,2.3119851081311342,0.7,0.7283585931853678,0.27380892636542525,1.2027665529702958,16.752857142857142,16.565503705978298,10.080823562464087,22.037455466749122,61.830662935677935,38.01565653918529,77.16636158486098,2.7714285714285714,2.697837858817778,1.4206940522279872,3.996207695122833,6.728571428571429,6.394159325277906,3.8083143029417417,9.063990436069943,1.2285714285714286,0.9520620295523957,0.19475684923956071,1.7491706466136274,1.457142857142857,1.1578999269262413,0.22837685584435352,2.1170438724939133,0.42192221394178714,0.8222317036324007,-1.9119770192770116,-1.1090489495889664,-1.1920022172005926,-1.5327347459337235,-1.0656918344720419,-0.05815518320777154,1.8851778910794124,-0.7379833015813878,-0.12687363764588772,-5.849288997827971,15.015908089096213,2,0,,
Ben Sheppard,sheppbe01,IND,SG,25.54688569472964,65.0,7.061538461538461,7.6267032390451845,4.1405850250468355,11.16566293176239,3.0,2.738177565608645,1.4849776673114532,3.971096329512181,1.7538461538461538,1.9418195322102065,1.0438570605596489,2.9052607009279487,0.6,0.6716121185081406,0.3973931673121329,0.9556538965802798,0.09230769230769231,0.10997159923317083,0.0,0.3403063605389275,1.2923076923076924,1.3905638644147595,0.8624845924503429,1.9720641320014116,0.6307692307692307,0.7579752360796077,0.3034255692596652,1.2323831958645357,21.39384615384615,21.16387961063564,14.679199467121428,26.635831371406464,63.33114309435274,39.51613669786009,78.66684174353578,2.5846153846153848,2.6698804393174305,1.3927366327276396,3.968250275622485,5.953846153846154,6.0499087546740835,3.464063732337919,8.71973986546612,0.6,0.7594469624808321,0.002141782167997097,1.5565555795420636,0.7846153846153846,0.9836485186861939,0.05412544760430604,1.9427924642538659,0.44130920772230064,0.772071474773514,-1.975760746053051,-1.1372428343510794,-1.0039615466340719,-1.1543869634924868,-1.0945415430938574,-0.499214457273373,1.8379496504086736,-0.4737103290733028,-0.34873035997205754,-5.849599129534606,15.412021533235196,2,0,,
Sion James,jamessi01,CHO,SG,24.161533196440793,82.0,5.378048780487805,6.562622486854904,3.0765042728565555,10.101582179572109,3.5,3.3766925824811085,2.1234926841839163,4.609611346384645,1.9878048780487805,2.078941969297947,1.1809794976473895,3.0423831380156896,0.6341463414634146,0.7356864511858039,0.4614674999897962,1.019728229257943,0.24390243902439024,0.24097174791279524,0.027730244477126603,0.4713065092185519,1.0121951219512195,1.214659394841529,0.6865801228771123,1.796159662428181,0.7926829268292683,0.9209780043973577,0.46642833757741514,1.3953859641822857,22.479268292682928,22.65023399484515,16.165553851330937,28.122185755615973,66.55574506712436,42.740738670631714,81.8914437163074,1.6829268292682926,2.176599786534397,0.8994559799446062,3.4749696228394518,4.536585365853658,5.555745841623645,2.969900819287481,8.225576952415683,1.0,1.260900431437858,0.503595251125023,2.0580090484990894,1.1951219512195121,1.5425232983745036,0.6130002272926158,2.5016672439421757,0.39177454271347556,0.8174271550819251,-2.206996930347434,-0.8294792517494456,-0.9294775540906504,-0.9149198520391304,-0.7564204225013658,-0.7274566167841635,1.5780169497444607,-0.9895506588216265,-0.09894874464855674,-5.875233081237911,15.742063132677595,1,0,,
Elijah Harkless,harklej01,DET,SG,26.99520876112252,26.0,6.846153846153846,6.5050310491890535,3.018912835190705,10.043990741906258,2.0384615384615383,1.709937143174749,0.3439492540308098,3.053818595829603,2.8846153846153846,2.795120070047689,1.8971575983971312,3.7585612387654312,1.1923076923076923,1.0778738382175035,0.8036548870214958,1.3619156162896426,0.23076923076923078,0.18747080520127246,0.0,0.41780556650702916,0.8076923076923077,0.9043671844720622,0.3762879125076456,1.4858674520587143,1.0,0.9228493170940486,0.4682996502741061,1.3972572768789766,20.96153846153846,19.785539972516116,12.457851410345057,25.968845462187147,53.97015832858517,26.344750908653698,71.7595687616375,2.076923076923077,2.056956286045725,0.779812479455934,3.35532612235078,6.1923076923076925,5.319841880109952,2.733996857773788,7.989672990901989,1.8846153846153846,1.580609278176745,0.8233040978639099,2.3777178952379767,2.4615384615384617,2.048091127180857,1.118568056098969,3.0072350727485286,0.38665741057762626,0.7717475346677624,-2.219512168750598,-1.6328536623220709,-0.5404543902019251,0.3639483269004618,-0.8945103322053266,-1.130071538087342,1.575032857093409,-1.0069618308858659,-0.4046230819881683,-5.890005820447426,15.622820339232565,2,1,unknown,ROSTER_CHANGE
Baylor Scheierman,scheiba01,BOS,SG,26.349075975359344,77.0,5.545454545454546,6.4714848179425655,2.985366603944217,10.01044451065977,3.4935064935064934,3.0574684450522343,1.8042685467550423,4.29038720895577,1.5064935064935066,1.728081585063072,0.8301191134125143,2.691522753780814,0.5454545454545454,0.6013315758042208,0.3271126246082131,0.88537335387636,0.07792207792207792,0.08349965151893053,0.0,0.3138344128246872,1.2597402597402598,1.3849024023731604,0.8568231304087438,1.9664026699598125,0.5974025974025974,0.7023041322589098,0.24775446543896723,1.1767120920438379,18.56233766233766,18.571062110605606,12.086381967091395,24.04301387137643,63.59918167068351,39.78417527419086,78.93488031986655,1.9610389610389611,2.1919548380905325,0.9148110315007416,3.4903246743955876,4.324675324675325,4.795513490717791,2.209668468381627,7.465344601509829,0.36363636363636365,0.6245691475275517,0.0,1.4216777645887833,0.4025974025974026,0.7553104043493286,0.0,1.7144543499170006,0.4570844899786615,0.8269039376805545,-2.226802125358616,-0.9833449582589765,-1.1200625728386064,-1.4170487478507803,-1.1628676077252402,-0.5065604009295972,1.926725690928815,-0.2536360545537727,-0.1728890520277687,-5.916485828614543,14.0847588793104,2,0,,
Landry Shamet,shamela01,NYK,SG,29.88911704312115,51.0,9.313725490196079,8.020433290632816,4.534315076634467,11.55939298335002,1.803921568627451,1.5635956413667134,0.31039574306952145,2.796514405270249,1.411764705882353,1.4092651464024237,0.5113026747518661,2.372706315120166,0.6078431372549019,0.6241996756367925,0.34998072444078476,0.9082414537089316,0.17647058823529413,0.14722319567016062,0.0,0.3775579569759173,2.019607843137255,1.8964027207561385,1.3683234487917217,2.4779029883427905,0.5882352941176471,0.5640180482042592,0.10946838138431664,1.0384260079891872,22.966666666666665,22.019917806103408,15.535237662589196,27.491869566874232,60.25485749336067,36.43985109686801,75.59055614254372,3.1176470588235294,2.960848587988227,1.683704781398436,4.259218424293282,7.137254901960785,6.67176506768835,4.085920045352186,9.341596178480387,1.0588235294117647,0.93815630742491,0.18085112711207496,1.7352649244861416,1.4901960784313726,1.2713345634405029,0.3418114923586151,2.230478509008175,0.4437878968981906,0.7379303091438485,-1.8901989739941636,-1.703390115952167,-1.293241534241729,-1.3315830460247207,-0.9983924038899158,0.15712902971096676,2.147243880058794,-0.4760532619160372,-0.5354385383283855,-5.923924964577358,13.760896345593107,2,0,,
Joan Beringer,berinjo01,MIN,PF,20.22450376454483,40.0,3.9,6.561275474815513,3.0751572608171647,10.100235167532718,2.3,3.709717148991196,2.456517250694004,4.9426359128947315,0.3,0.8808977973137575,0.0,1.8443389660314997,0.175,0.40503299287747424,0.13081404168146654,0.6890747709496134,0.65,0.7212145634697821,0.5079730600341135,0.9515493247755388,0.0,0.28561969234200246,0.0,0.8671199599286546,0.275,0.7369344843833544,0.2823848175634119,1.2113424441682825,7.8549999999999995,14.136599324130028,7.651919180615816,19.608551084900853,58.38830331102736,34.57329691453471,73.7240019602104,1.625,2.714158953767257,1.4370151471774661,4.012528790072312,2.45,4.801778709536661,2.2159336872004967,7.471609820328698,0.65,1.166919630683296,0.40961445037046107,1.9640282477445277,0.925,1.5623765490971149,0.6328534780152271,2.521520494664787,0.5652403240442446,0.7468875741623553,-2.20728965054141,-0.6689617525909684,-1.5802471514517376,-2.150681899714134,0.4831219794675117,-1.9329179020159049,1.8715023284941823,0.7721663467938782,-0.5338902917557509,-5.947197993314333,14.976090934234,1,0,,
Clint Capela,capelca01,HOU,C,32.709103353867214,75.0,3.76,4.785611456285214,1.2994932422868657,8.32457114900242,4.6,5.027940918900126,3.774741020602934,6.260859682803662,0.6666666666666666,0.8599457943068017,0.0,1.823386963024544,0.48,0.5709782571584828,0.29675930596247513,0.855020035230622,0.84,0.830198997641823,0.6169574942061544,1.0605337589475796,0.013333333333333334,0.11878680322470478,0.0,0.700287070811357,0.5466666666666666,0.6592392089371901,0.2046895421172476,1.1336471687221181,12.34,14.643452390558323,8.158772247044112,20.115404151329148,58.24878108542648,34.43377468893382,73.58447973460953,1.5733333333333333,1.8432674827443334,0.5661236761545425,3.141637319049388,3.026666666666667,3.6548465703320168,1.0690015479958523,6.3246776811240535,0.6,0.8528913060268627,0.09558612571402769,1.6499999230880942,1.04,1.2999654978176731,0.3704424267357853,2.259109443385345,0.5043351197576772,0.6560876480634759,-2.593160526777646,-0.033579248848165266,-1.5916281396319671,-1.5304892041983198,0.7644189045535267,-2.149389370773576,1.9953992597180936,0.11619649865170095,-0.9631223818965032,-5.985354209202857,15.653351805889294,2,0,,
Jahmai Mashack,mashaja01,MEM,SG,24.227241615331966,31.0,6.193548387096774,6.560250501021379,3.0741322870230303,10.099210193738584,2.6129032258064515,2.689379941494902,1.4361800431977099,3.9222987053984375,2.225806451612903,2.1928980882253764,1.2949356165748187,3.156339256943119,1.1935483870967742,1.1166706101450852,0.8424516589490775,1.4007123882172243,0.45161290322580644,0.4262002458578271,0.21295874242215848,0.6565350071635838,0.6129032258064516,0.69274517310589,0.1646659011414734,1.274245440692542,1.5806451612903225,1.3350425510559223,0.8804928842359798,1.8094505108408503,21.712903225806453,21.260160836180905,14.775480692666694,26.73211259695173,54.49637144607574,30.68136504958309,69.83207009525879,2.4838709677419355,2.433657022791746,1.1565132162019551,3.732026859096801,6.290322580645161,5.793599242478642,3.2077542201424776,8.46343035327068,0.6129032258064516,0.8957934570577386,0.1384882767449036,1.6929020741189702,1.1290322580645162,1.3132712931642072,0.3837482220823194,2.2724152387318792,0.4200596073246117,0.682108458260293,-2.2075123883633934,-1.1607632390758647,-0.867577350938363,0.5089447789735616,-0.27833190182337686,-1.4046584487634466,0.9177280664755767,-0.702487161463925,-0.8342529628604488,-6.028910607839679,16.37042358010614,1,0,,
Jonas Valančiūnas,valanjo01,FA,C,34.74058863791923,65.0,8.723076923076922,7.248538286324397,4.143922087395753,11.168999994111307,5.061538461538461,4.98489855062716,3.940556545840921,6.560925615800487,1.2,1.2779469081946457,0.44724480013327983,2.30864844050158,0.2153846153846154,0.3053033968537439,0.047153045492143775,0.6054137747602906,0.5692307692307692,0.5720559705874492,0.38892267613006737,0.8324989408714927,0.12307692307692308,0.20133312703298606,0.0,0.7934298749897954,1.123076923076923,1.0181453401374994,0.617182270166899,1.5461398967717694,13.396923076923077,14.387104014391802,8.212897668500029,21.102146861319294,56.20058801925127,30.09934100869533,73.00851373875588,3.4923076923076923,3.0437356075601314,1.926788411894558,4.5023020547894035,6.0,5.444814549872612,3.1455387143718485,8.40121484750005,1.6153846153846154,1.3667095541787988,0.6813364556648478,2.2357502530389146,2.0923076923076924,1.7655879711486993,0.928990582758848,2.817657599408408,0.559015477879103,0.7740818223232522,-2.0579400548329767,-0.054325626166324324,-1.3645727246961745,-2.523404599868579,0.09813256472482407,-2.042282648292965,1.4230688574148471,0.8264377680792023,-0.37376326919287195,-6.068649732831019,16.761269671555034,2,1,smaller,ROSTER_CHANGE
Terance Mann,mannte01,BRK,SG,30.288843258042437,63.0,7.222222222222222,6.58408357337188,3.0979653593735317,10.123043266089086,3.1746031746031744,2.620970163971889,1.3677702656746973,3.853888927875425,3.015873015873016,2.706446447891885,1.8084839762413274,3.6698876166096275,0.6507936507936508,0.6813247607722173,0.40710580957620957,0.9653665388443564,0.23809523809523808,0.18366881577553495,0.0,0.41400357708129165,0.8888888888888888,0.9805987396384711,0.4525194676740545,1.5620990072251233,1.126984126984127,0.9642927177633693,0.5097430509434269,1.4387006775482973,24.265079365079366,22.19652336492989,15.71184322141568,27.668475125700716,62.23706629356538,38.42205989707273,77.57276494274842,2.6666666666666665,2.454569124300356,1.1774253177105651,3.7529389606054107,5.841269841269841,5.345017973556315,2.7591729512201506,8.014849084348352,1.0,0.9494043206894113,0.19209914037657627,1.746512937750643,1.2698412698412698,1.2102716902309807,0.2807486191490929,2.1694156357986527,0.45922560718111205,0.7844555304009608,-2.2023332055814495,-1.1937366816091175,-0.5886213098667562,-1.1180875860294575,-0.9043235495036908,-1.031158447270149,1.5089450527459012,-0.24484161828756254,-0.3005678197833053,-6.074725165185587,15.419605453855864,2,0,,
Corey Kispert,kispeco01,ATL,SF,27.917864476386036,58.0,9.172413793103448,9.290969251210335,5.804851037211986,12.82992894392754,2.2758620689655173,2.5687022835322173,1.3155023852350254,3.801621047435753,1.5862068965517242,1.665517627729737,0.7675551560791793,2.6289587964474794,0.27586206896551724,0.438576955146986,0.16435800395097833,0.7226187332191252,0.15517241379310345,0.1770932803562593,0.0,0.40742804166201596,1.5,1.4905477933033733,0.9624685213389567,2.0720480608900256,0.7758620689655172,0.8829226945285792,0.42837302770863667,1.3573306543135073,18.61551724137931,19.64623978356005,13.161559640045837,25.118191544330873,62.05861598779244,38.24360959129979,77.3943146369755,3.1724137931034484,3.3053315547472217,2.028187748157431,4.603701391052277,6.793103448275862,7.071067341967252,4.485222319631088,9.74089845275929,1.3275862068965518,1.2942578754961684,0.5369526951833334,2.0913664925574,1.6724137931034482,1.6404310135634947,0.7109079424816069,2.599574959131167,0.46744450234971746,0.7889742785858838,-1.614097853916571,-1.2189297463202649,-1.1540468968520516,-2.025316945984688,-0.9212954951607795,-0.36948183648621263,1.6387019281095052,-0.16612233638036522,-0.2715145302894419,-6.102103713280869,15.835776445024754,2,0,,
Asa Newell,newelas01,ATL,PF,21.32511978097194,44.0,5.159090909090909,7.223549772059016,3.7374315580606674,10.76250946477622,2.1818181818181817,3.3529112405341595,2.0997113422369678,4.585830004437695,0.5909090909090909,1.0253129583410487,0.1273504866904911,1.9887541270587912,0.36363636363636365,0.5588271625858909,0.28460821138988324,0.8428689406580301,0.3409090909090909,0.46090906214178584,0.2476675587061172,0.6912438234475425,0.6590909090909091,0.7696499946406763,0.24157072267625967,1.3511502622273284,0.5227272727272727,0.818831931389266,0.3642822645693235,1.293239891174194,11.365909090909092,16.096121060024988,9.611440916510777,21.568072820795813,58.65469087604829,34.83968447955564,73.99038952523134,2.0681818181818183,2.942476778105836,1.665332971516045,4.2408466144108905,3.840909090909091,5.739124986324047,3.1532799639878824,8.408956097116084,0.36363636363636365,0.8569974143825652,0.09969223406973016,1.6541060314437968,0.6590909090909091,1.231425200768626,0.30190212968673813,2.1905691463362977,0.5127047738318232,0.6959394804066443,-2.063370327561826,-0.8409418341527807,-1.5018017999427726,-1.5759018896949182,-0.18874586719167408,-1.3048717714466196,1.7409043957262347,0.35324738239107295,-0.733311564030931,-6.114793275904215,15.025389441005347,1,0,,
Ryan Nembhard,nembhry01,ATL,PG,23.89869952087611,60.0,6.616666666666666,7.63186785464208,4.145749640643732,11.170827547359286,2.216666666666667,2.5095511145056277,1.1435632253616885,3.853432567160482,5.266666666666667,5.117156348384488,4.2191938767339305,6.08059751710223,0.4166666666666667,0.6559252721965154,0.3817063210005077,0.9399670502686546,0.03333333333333333,0.0802748707269738,0.0,0.31060963203273045,0.8,1.0895209374250026,0.5614416654605859,1.6710212050116549,1.4166666666666667,1.4883400805251905,1.033790413705248,1.9627480403101185,19.516666666666666,20.954314791063965,13.626626228892906,27.137620280734996,61.98664087819921,34.36123345826774,79.77605131125154,2.7,3.128423136756478,1.851279330166687,4.4267929730615325,6.5,7.337473976489688,4.751628954153524,10.007305087281726,0.4166666666666667,0.7932376645651935,0.03593248425235851,1.590346281626425,0.5166666666666667,1.0042675087649957,0.0747444376831079,1.9634114543326677,0.42636241665461316,0.7898669006435173,-1.9746384195740547,-1.247440549063584,0.7208602167615137,-1.2130139302836238,-1.1711910066376199,-0.8898281121071208,0.6732718449565489,-0.762861070298449,-0.2788140383380932,-6.1436550645844825,19.039324062870843,1,1,unknown,ROSTER_CHANGE
Moussa Cisse,cissemo01,DAL,C,24.39425051334702,38.0,4.473684210526316,5.381992511801014,1.8958742978026657,8.920952204518219,5.684210526315789,6.157450510186911,4.90425061188972,7.390369274090447,0.23684210526315788,0.5078682054016881,0.0,1.4713093741194303,0.5,0.5897985561469774,0.3155796049509697,0.8738403342191166,1.1842105263157894,1.1210883344167712,0.9078468309811026,1.351423095722528,0.0,0.007745123091849918,0.0,0.5892453906785021,0.7894736842105263,0.8914552261120867,0.4369055592921442,1.3658631858970147,13.936842105263159,16.049046119254825,9.564365975740614,21.52099788002565,55.14877870711349,31.33377231062084,70.48447735629654,1.736842105263158,1.820685282421829,0.543541475832038,3.119055118726884,3.026315789473684,3.4666641040016475,0.8808190816654831,6.136495214793684,1.0,1.3090323358517315,0.5517271555388965,2.106140952912963,2.1315789473684212,2.227656221131914,1.2981331500500264,3.1868001666995864,0.5251980658640021,0.5876276255887398,-2.463560513452464,0.5108432145420136,-1.782874335832041,-1.460151481632628,1.5152259037065767,-2.293469807903561,1.6250955090229267,0.24623959905594156,-2.0421262667439932,-6.144778179237228,17.773940877707,1,0,,
Trendon Watford,watfotr01,NOP,PF,26.22861054072553,53.0,6.528301886792453,7.866067112079732,4.379948898081384,11.405026804796938,3.30188679245283,3.731663199364398,2.365675310220459,5.075544652019252,2.490566037735849,2.465640206789774,1.5676777351392162,3.4290813755075162,0.3018867924528302,0.4713897813434469,0.1971708301474392,0.755431559415586,0.41509433962264153,0.44733041975054977,0.23408891631488113,0.6776651810563065,0.18867924528301888,0.4378833730420906,0.0,1.0193836406287429,1.2075471698113207,1.2178046864469123,0.7632550196269698,1.6922126462318403,16.29245283018868,18.08286768024837,10.755179118077312,24.2661731699194,57.72629701554146,30.100889595609992,75.51570744859379,2.6037735849056602,2.9236604147612844,1.6465166081714935,4.2220302510663394,5.056603773584905,5.81830569285828,3.2324606705221153,8.488136803650317,1.1320754716981132,1.2875392359267634,0.5302340556139284,2.0846478529879953,1.4528301886792452,1.6520385258019712,0.7225154547200834,2.611182471369643,0.5024934352194578,0.779363928756889,-1.923744403736452,-0.6583837788419789,-0.7194256526686724,-1.9026844911541951,-0.22379335246344895,-1.7353504872573982,1.1046816690580852,0.2425870010343245,-0.3343455834025759,-6.150459079432312,17.58087917833675,2,1,unknown,ROSTER_CHANGE
Julian Strawther,strawju01,DEN,SG,24.791238877481177,57.0,7.245614035087719,8.84768997049579,5.36157175649744,12.386649663212994,2.0,2.3219336227753438,1.0687337244781518,3.5548523866788795,1.0701754385964912,1.4685227180793383,0.5705602464287807,2.4319638867970808,0.43859649122807015,0.5746972497213303,0.3004782985253226,0.8587390277934694,0.10526315789473684,0.17258434760889002,0.0,0.40291910891464666,1.0175438596491229,1.2021884631864173,0.6741091912220006,1.7836887307730693,0.631578947368421,0.8380269039498125,0.38347723712987,1.3124348637347405,15.096491228070175,17.70196402003013,11.217283876515918,23.173915780800954,60.808682743855094,36.99367634736244,76.14438139303815,2.6140350877192984,3.1845370793008105,1.9073932727110197,4.482906915605866,5.5964912280701755,6.8106241812994215,4.224779158963257,9.480455292091458,1.0,1.196951004934122,0.4396458246212871,1.9940596219953537,1.2280701754385965,1.4965127051486045,0.5669896340667167,2.4556566507162767,0.4675837330805739,0.7998268246010409,-1.7104272060246715,-1.3378719874602443,-1.2610532168469588,-1.5165900909446275,-0.9329333857172639,-0.7436380837985034,1.7102950931460956,-0.16303214589665638,-0.2094955438441618,-6.164746567386993,15.240612282986058,2,0,,
Sharife Cooper,coopesh01,WAS,PG,25.642710472279262,41.0,8.121951219512194,8.466944117825916,4.980825903827567,12.00590381054312,2.097560975609756,2.3742712030471345,1.1210713047499425,3.60718996695067,3.024390243902439,3.312773394067255,2.414810922416697,4.276214562784997,0.3902439024390244,0.5454940892449797,0.27127513804897196,0.8295358673171188,0.12195121951219512,0.1594209119533646,0.0,0.3897556732591213,0.7073170731707317,0.8988391948331477,0.37075992286873105,1.4803394624197999,1.4878048780487805,1.4370604403073726,0.9825107734874301,1.9114684000923006,17.075609756097563,18.56495853063832,12.08027838712411,24.036910291409146,56.972742433074885,33.157736036582236,72.30844108225793,3.097560975609756,3.4410310739720034,2.1638872673822123,4.739400910277058,6.024390243902439,6.86553799853026,4.279692976194095,9.535369109322296,1.2195121951219512,1.2725111965649731,0.5152060162521381,2.069619813626205,1.4634146341463414,1.5731339662293617,0.6436108951474739,2.532277911797034,0.5012034125670329,0.8089019904738628,-1.7931673721032972,-1.312645327501573,-0.25926855989408637,-1.625732023327458,-0.9669091915430912,-1.1372442966647691,0.7550450289856887,0.29270704982558754,-0.14821017400509212,-6.19542486622809,16.962914215871024,1,0,,
Kevin Love,loveke01,UTA,PF,38.40109514031485,37.0,6.702702702702703,5.56435022354279,2.078232009544441,9.103309916259995,5.8108108108108105,4.9639195362199775,3.710719637922786,6.196838300123513,1.8108108108108107,1.5879375617279252,0.6899750900773676,2.5513787304456677,0.3783783783783784,0.3829869663418362,0.10876801514582851,0.6670287444139753,0.24324324324324326,0.22462786035559018,0.011386356919921542,0.4549626216613468,1.4324324324324325,1.3549200265659136,0.826840754601497,1.936420294152566,0.8108108108108109,0.7438941362778353,0.2893444694578928,1.2183020960627633,16.56216216216216,15.806501045531583,9.321820902017372,21.278452806302408,49.803947630447304,25.98894123395465,65.13964627963036,2.135135135135135,1.9842496109603838,0.7071058043705929,3.2826194472654384,5.378378378378378,4.71173774204319,2.1258927197070254,7.381568852835226,1.0,0.6913084555437142,0.0,1.4884170726049457,1.1891891891891893,0.8552732670502368,0.0,1.8144172126179088,0.4211290440159212,0.8082895633204777,-2.4239322226925513,-0.06443748957249924,-1.196187870862743,-2.2330752399627425,-0.7986052110789332,-0.5454635750110335,1.8604041052475149,-0.5862056612428238,-0.2193333470378487,-6.20683651221366,14.981910353413095,2,0,,
Kevon Looney,looneke01,LAL,C,30.986995208761122,21.0,2.8095238095238093,3.2759322557683475,0.0,6.814891948485553,5.619047619047619,5.519952591722095,4.153964702578156,6.863834044376949,1.619047619047619,1.5264961582230898,0.6285336865725322,2.489937326940832,0.42857142857142855,0.4915250350229267,0.21730608382691902,0.7755668130950659,0.47619047619047616,0.5055473045173319,0.29230580108166326,0.7358820658230886,0.09523809523809523,0.22580947660489342,0.0,0.8073097441915456,0.42857142857142855,0.5119341788774087,0.05738451205746614,0.9863421386623368,14.642857142857142,15.456143899300795,8.128455337129736,21.639449388971826,47.30554884883771,19.680141428906236,65.09495928189006,1.1904761904761905,1.092810482687073,0.0,2.391180318992128,2.857142857142857,2.4312507055170647,0.0,5.101081816309101,0.3333333333333333,0.5211240319961872,0.0,1.3182326490574188,0.47619047619047616,0.6800342118105124,0.0,1.6391781573781845,0.44948490100475275,0.7663203158687484,-2.921230043228865,0.20356987232866275,-1.2295624311295152,-1.8274323451620997,-0.07353124579295471,-2.0105237345098934,2.2302995296952424,-0.2307018535345554,-0.3490654882647795,-6.208177739598757,14.668902442912861,2,1,unknown,ROSTER_CHANGE
Steven Adams,adamsst01,HOU,C,33.53593429158111,32.0,5.84375,3.8923434351323123,0.40622522113396364,7.431303127849517,8.625,7.453386301133748,6.2001864028365565,8.686305065037285,1.5,1.2963598008196238,0.3983973291690661,2.259800969537366,0.6875,0.6004148642930276,0.3261959130970199,0.8844566423651667,0.625,0.5714376539227223,0.35819615048705367,0.801772415228479,0.0,0.0,0.0,0.5329882414706775,1.09375,0.8413925762066139,0.3868429093866714,1.315800535991542,22.821875,19.662759337965905,13.178079194451694,25.13471109873673,52.05345830250818,28.23845190601553,67.38915695169123,2.1875,1.4387357463826917,0.16159193979290087,2.7371055826877466,4.34375,2.9410276123449695,0.35518259000880503,5.610858723137007,1.46875,1.265653608647719,0.508348428334884,2.0627622257089504,2.53125,1.9283801917899783,0.9988571207080905,2.8875241373576506,0.4891949128065291,0.6563299156650757,-2.787277268705757,1.1354829353070226,-1.3545709643270518,-1.4204748039398203,0.09653664345553022,-2.303519374150795,1.7049280169406438,-0.020454471655727682,-1.2820617886326948,-6.231411075708651,17.45511167616288,2,0,,
Khris Middleton,middlkh01,WAS,SF,35.474332648870636,63.0,10.158730158730158,8.855184022571388,5.369065808573039,12.394143715288592,3.6666666666666665,3.241810757383461,1.988610859086269,4.474729521286997,2.7936507936507935,2.4925299130487906,1.594567441398233,3.455971081766533,0.6507936507936508,0.6433431949241554,0.36912424372814767,0.9273849729962945,0.14285714285714285,0.11964167238461346,0.0,0.3499764336903701,1.0634920634920635,1.102266770372301,0.5741874984078844,1.6837670379589533,1.7142857142857142,1.3879762853235564,0.933426618503614,1.8623842451084844,22.844444444444445,21.168516432100848,14.683836288586637,26.640468192871673,57.68612523476438,33.87111883827173,73.02182388394743,3.6031746031746033,3.1468513477102995,1.8697075411205086,4.445221184015354,8.571428571428571,7.352521265493482,4.766676243157317,10.022352376285518,1.8888888888888888,1.5533561964269609,0.7960510161141259,2.3504648134881925,2.1587301587301586,1.8288750536421645,0.8993519825602767,2.7880189992098368,0.4279962252511882,0.8493506395275534,-1.7087986679618432,-0.8944921529702018,-0.7048193437156757,-1.2600373416026673,-1.069582365542285,-0.8732899511171631,0.8333171779586015,-0.7404216003003272,0.17006422530816662,-6.248060019943395,17.385130117607478,2,0,,
Ousmane Dieng,diengou01,MIL,C,23.701574264202602,57.0,7.56140350877193,7.900227179389676,4.414108965391327,11.43918687210688,3.1578947368421053,3.608668889216231,2.3554689909190394,4.841587653119767,2.3859649122807016,2.341562405609063,1.4435999339585053,3.3050035743268054,0.43859649122807015,0.5859324628193309,0.31171351162332317,0.86997424089147,0.2982456140350877,0.3770221588702906,0.16378065543462197,0.6073569201760473,1.105263157894737,1.1026304044916717,0.5745511325272551,1.6841306720783238,1.3157894736842106,1.2923177088417297,0.8377680420217872,1.7667256686266577,19.29298245614035,20.280367795714394,13.795687652200183,25.75231955648522,58.98224081507472,35.16723441858207,74.31793946425776,2.9473684210526314,2.7823855947174825,1.5052417881276916,4.080755431022538,6.982456140350878,6.447252939214332,3.8614079168781674,9.117084050006369,0.5614035087719298,0.8283042264266323,0.07099904611379726,1.6254128434878639,0.7894736842105263,1.1086188700330062,0.17909579895111838,2.067762815600678,0.4315614139774306,0.7471496731802623,-1.916321053954275,-0.7176669100613925,-0.7868238860594241,-1.47460035941397,-0.4052641995987549,-0.8728181232160397,0.9858593242253761,-0.6202355738532446,-0.4646673570227709,-6.272538138954497,17.339519611089884,2,0,,
Drake Powell,poweldr01,BRK,SG,21.399041752224505,63.0,6.476190476190476,8.050740204062704,4.564621990064355,11.589699896779909,1.7619047619047619,2.227225602726862,0.9740257044296701,3.4601443666303977,1.4444444444444444,1.7152951415115743,0.8173326698610166,2.6787363102293167,0.5714285714285714,0.6954924132920999,0.4212734620960922,0.979534191364239,0.2222222222222222,0.27097696030145924,0.057735456865790596,0.5013117216072159,0.8095238095238095,1.1052206891088614,0.5771414171444448,1.6867209566955137,0.9523809523809523,1.0321840502577149,0.5776343834377724,1.5065920100426429,20.94761904761905,22.453887617907064,15.969207474392853,27.92583937867789,62.09596080549819,38.28095440900553,77.43165945468124,2.2857142857142856,2.8013148787289404,1.5241710721391495,4.0996847150339955,5.682539682539683,6.720188819158293,4.134343796822128,9.390019929950329,1.0952380952380953,1.477591281299147,0.720286100986312,2.2746998983603786,1.2222222222222223,1.7378722919656648,0.808349220883777,2.6970162375333366,0.4168506204383416,0.8502300704891725,-1.8836129559641952,-1.383521155891705,-1.127008083627167,-1.0651383521751052,-0.678974739128269,-0.8694571389487876,1.4006819993691222,-0.8361556742233499,0.1527659307736781,-6.290420169815778,15.163577710125264,1,0,,
Caleb Love,loveca01,PHI,SG,25.347022587268995,49.0,10.387755102040817,10.521765867435583,7.035647653437234,14.060725560152788,2.326530612244898,2.345728940424149,0.9797410512802098,3.689610393079003,2.510204081632653,2.452472007254509,1.5545095356039516,3.4159131759722516,0.5510204081632653,0.6673714391854655,0.3931524879894578,0.9514132172576046,0.08163265306122448,0.12423258668314915,0.0,0.3545673479889058,1.8979591836734695,1.8903984231039517,1.362319151139535,2.4718986906906038,1.2653061224489797,1.3070150386469688,0.8524653718270263,1.7814229984318968,20.659183673469386,21.14098032153313,13.813291759362073,27.324285811204163,58.86402530541933,31.238617885487862,76.65343573847166,3.877551020408163,3.692601423897202,2.4154576173074114,4.990971260202257,10.0,9.195749854603601,6.609904832267437,11.865580965395639,0.7346938775510204,0.8839845536425845,0.12667937332974955,1.6810931707038161,1.0,1.1671830146229565,0.23765994354106867,2.1263269601906285,0.4015552273911194,0.7573658480012617,-1.3466325204890652,-1.3264026687829624,-0.7265785307594209,-1.1702357938362948,-1.0577328745087955,0.14933824494122466,0.962422196940634,-1.3730113900398144,-0.426053825465314,-6.31488716199981,18.0831456457852,1,1,unknown,ROSTER_CHANGE
Jevon Carter,carteje01,ORL,PG,31.38398357289528,53.0,6.39622641509434,5.888690135312171,2.402571921313822,9.427649828029375,1.679245283018868,1.5324578804978952,0.2792579822007033,2.7653766444014307,1.6415094339622642,1.9756749028370875,1.0777124311865298,2.93911607155483,0.7547169811320755,0.7320995787677514,0.45788062757174375,1.0161413568398907,0.18867924528301888,0.14003066340624423,0.0,0.3703654247120009,1.471698113207547,1.4632891400727641,0.9352098681083475,2.044789407659416,0.6792452830188679,0.6426907901858143,0.1881411233658718,1.1170987499707423,16.367924528301888,16.729185127649128,10.244504984134917,22.201136888419953,57.125003259334555,33.3099968628419,72.4607019085176,2.3207547169811322,2.1204910926085154,0.8433472860187246,3.4188609289135705,5.7924528301886795,5.07916752085609,2.4933224985199254,7.748998631648126,0.2830188679245283,0.3048328564898708,0.0,1.1019414735511024,0.3584905660377358,0.3896586039241514,0.0,1.3488025494918234,0.41748792177091026,0.7823075210452884,-2.353449673828142,-1.718398484723382,-0.9855715352917719,-0.928325188329151,-1.0169568642625575,-0.4048508859128955,2.021788229808358,-0.6580757446176451,-0.30317608290631687,-6.347016230063504,12.664851882501448,2,0,,
Noah Penda,pendano01,ORL,SF,22.067077344284737,59.0,3.847457627118644,6.3811252349507335,2.895007020952385,9.920084927667938,3.169491525423729,3.9910190483580554,2.7378191500608633,5.223937812261591,1.1864406779661016,1.581430999742384,0.6834685280918265,2.5448721684601265,0.5084745762711864,0.6791572454173254,0.40493829422131766,0.9631990234894645,0.3050847457627119,0.3806698306342127,0.16742832719854409,0.6110045919399694,0.5084745762711864,0.8007215953171865,0.27264232335276983,1.3822218629038385,0.711864406779661,0.9136679519511842,0.4591182851312417,1.3880759117361123,12.83728813559322,16.754311646890308,10.269631503376097,22.226263407661133,58.890924483252576,35.07591808675993,74.22662313243562,1.3898305084745763,2.3953491864895433,1.1182053798997524,3.693719022794598,3.440677966101695,5.629882131527296,3.0440371091911316,8.299713242319333,0.559322033898305,1.0485090185798094,0.2912038382669744,1.845617635641041,0.8135593220338984,1.427549302655887,0.49802623157399917,2.386693248223559,0.4254705747879883,0.7344818260420909,-2.2464382339363294,-0.5333745258944955,-1.1997221919024443,-1.1261883124728824,-0.39584928765550786,-1.2645552902618635,1.589673939953528,-0.6262167300061696,-0.5839711334574494,-6.386641765633613,15.808307868797405,1,0,,
Rayan Rupert,ruperra01,PHI,SG,22.67214236824093,64.0,5.1875,7.182072925155739,3.6959547111573907,10.721032617872945,2.9375,2.9777462149713636,1.6117583258274244,4.321627667626217,1.0625,1.4920825239322149,0.5941200522816572,2.4555236926499573,0.859375,0.8721436528310914,0.5979247016350837,1.1561854309032307,0.140625,0.17809389322571778,0.0,0.4084286545314745,0.6875,0.9341866229825445,0.4061073510181279,1.5156868905691967,0.859375,0.9975307280256406,0.542981061205698,1.4719386878105687,16.7625,18.73390026269215,11.40621170052109,24.91720575236318,59.146649624423304,31.521242204491834,76.93606005747563,1.921875,2.319151086520193,1.042007279930402,3.617520922825248,4.890625,5.636905700275542,3.0510606779393776,8.306736811067578,0.65625,1.0620684373488192,0.30476325703598417,1.8591770544100508,0.84375,1.3639933666139519,0.43447029553206407,2.3231373121816237,0.4114227219388873,0.7786463360781242,-2.072383692191093,-1.021770991311197,-1.248255687567726,-0.4049338631191612,-0.9187128389721364,-1.091379780808268,1.4559419911332585,-0.7832651704134731,-0.33215816953528,-6.416918202785075,15.146674079164484,2,1,unknown,ROSTER_CHANGE
Tyson Etienne,etienty01,BRK,PG,27.37577002053388,24.0,7.875,8.440543077700587,4.954424863702238,11.979502770417792,1.125,1.1800333632662254,0.0,2.412952127169761,1.6666666666666667,2.2057952259741946,1.307832754323637,3.169236394691937,0.4583333333333333,0.5534620675246894,0.2792431163286817,0.8375038455968286,0.0,0.031707841087977945,0.0,0.2620426023937346,1.7916666666666667,1.7663495605129838,1.2382702885485672,2.347849828099636,0.6666666666666666,0.7681983609595306,0.3136486941395881,1.2426063207444586,15.833333333333334,16.715827989071414,10.231147845557203,22.18777974984224,56.094102852192094,32.279096455699445,71.42980150137514,2.4166666666666665,2.704578921467832,1.427435114878041,4.002948757772887,6.041666666666667,6.315641377562731,3.7297963552265663,8.985472488354768,1.25,1.0151990063436058,0.2578938260307708,1.8123076234048374,1.5,1.265701697871437,0.33617862678954924,2.2248456434391093,0.42823503739085894,0.8020839413037779,-1.7989046018834787,-1.8882667402127187,-0.8605717118006938,-1.5959530359696958,-1.2965461199783441,-0.011619463247269127,1.8216473232353965,-0.6517928602635215,-0.21203789862288602,-6.494045108743212,14.152587317459822,2,0,,
Buddy Hield,hieldbu01,GSW,SG,34.12457221081451,51.0,7.647058823529412,6.8350627415977305,3.348944527599382,10.374022434314936,2.2745098039215685,2.0080472712610042,0.7548473729638123,3.24096603516454,1.392156862745098,1.3029851707736613,0.4050226991231036,2.2664263394914035,0.7647058823529411,0.7212985120918116,0.4470795608958039,1.0053402901639508,0.17647058823529413,0.15522832085035804,0.0,0.3855630821561147,1.4509803921568627,1.3713878001481827,0.8433085281837661,1.9528880677348348,0.9411764705882353,0.8836904278333473,0.42914076101340476,1.3580983876182753,16.058823529411764,16.291741560075224,9.807061416561012,21.76369332084605,57.08836304331254,33.27335664681989,72.42406169249558,2.803921568627451,2.403943661819629,1.126799855229838,3.702313498124684,6.411764705882353,5.404891538258452,2.8190465159222877,8.07472264905049,0.5882352941176471,0.516994226498528,0.0,1.3141028435597595,0.7254901960784313,0.6520586690984325,0.0,1.6112026146661045,0.44477185986126566,0.7928645856566081,-2.1477927347774575,-1.4891648866390028,-1.3509721075918981,-0.9686923701539583,-0.9777305808027447,-0.5240960667614087,1.6374776606117338,-0.40042187131731255,-0.2783138920300015,-6.499706849462051,12.94508729426459,2,0,,
Ben Saraf,sarafbe01,BRK,SG,20.802190280629706,44.0,7.545454545454546,9.429619823553086,5.943501609554737,12.96857951627029,2.090909090909091,2.557675064742231,1.304475166445039,3.7905938286457665,3.2954545454545454,3.394231258185585,2.496268786535027,4.357672426903327,0.8636363636363636,0.9249129242063643,0.6506939730103566,1.2089547022785034,0.18181818181818182,0.255850921319083,0.04260941788341435,0.48618568262483963,0.4318181818181818,0.757070076392843,0.22899080442842634,1.3385703439794951,2.25,2.041858958028696,1.5873092912087534,2.516266917813624,20.822727272727274,22.15063022354832,15.665950080034108,27.622581984319144,56.598184802673536,32.78317840618088,71.93388345185659,2.727272727272727,3.1461523423939446,1.8690085358041537,4.444522178699,6.886363636363637,7.59596060750334,5.010115585167176,10.265791718295377,1.6590909090909092,1.883751070459713,1.126445890146878,2.6808596875209445,2.0,2.321481165488228,1.39195809440634,3.2806251110559,0.4141875537487852,0.811443615595108,-1.583967594316652,-1.2242448544559537,-0.2150211918305327,-0.20771752918861602,-0.7180161700151506,-1.3211946523507874,-0.20939817459576623,-0.9677414140154216,-0.052810345975672364,-6.500111926744553,19.09060936706978,1,0,,
Josh Green,greenjo02,MIN,SG,26.209445585215605,58.0,4.293103448275862,5.795676791861277,2.3095585778629286,9.334636484578482,1.7586206896551724,2.118403454119471,0.752415564975532,3.4622849067743253,0.8103448275862069,1.1587932497777982,0.26083077812724054,2.1222344184955406,0.603448275862069,0.6705422667451785,0.3963233155491708,0.9545840448173176,0.10344827586206896,0.17575235706529418,0.0,0.4060871183710508,1.0,1.1702502788336495,0.6421710068692329,1.7517505464203018,0.603448275862069,0.6790749946711716,0.22452532785122908,1.1534829544560996,15.655172413793103,17.836376623984748,10.50868806181369,24.01968211365578,60.62341596466527,32.9980085447338,78.4128263977176,1.4310344827586208,2.1381162793025563,0.8609724727127654,3.436486115607611,3.1206896551724137,4.624552391157253,2.0387073688210884,7.294383501949289,0.43103448275862066,0.7347465363658601,0.0,1.5318551534270917,0.4827586206896552,0.8957631989759337,0.0,1.8549071445436058,0.4623401571557311,0.8202463968221141,-2.373662473076485,-1.435973319798302,-1.429296196605903,-1.158385355682518,-0.9247565178415896,-0.7850789874049617,1.9637680830893651,-0.20132342314808088,-0.17301763033775613,-6.517725820806231,11.935759688231585,2,1,unknown,ROSTER_CHANGE
Khaman Maluach,maluakh01,PHO,C,20.383299110198493,46.0,3.0217391304347827,5.7745752313355485,2.2884570173372,9.313534924052753,2.891304347826087,4.31269645445378,3.0594965561565886,5.545615218357316,0.13043478260869565,0.6745901890232394,0.0,1.6380313577409817,0.10869565217391304,0.36752367110739237,0.09330471991138467,0.6515654491795315,0.717391304347826,0.8132758311518508,0.6000343277161821,1.0436105924576073,0.10869565217391304,0.34078453709513085,0.0,0.9222848046817831,0.5434782608695652,0.8338363053394746,0.3792866385195321,1.3082442651244026,8.934782608695652,14.415707848883674,7.931027705369462,19.8876596096545,55.088338687847525,31.273332291354873,70.42403733703057,1.2173913043478262,2.0115951335778974,0.7344513269881066,3.3099649698829525,2.282608695652174,4.006866326548468,1.4210213042123034,6.676697437340504,0.4782608695652174,1.1767727351191906,0.41946755480635556,1.9738813521804222,0.6739130434782609,1.5631323782531479,0.6336093071712601,2.5222763238208197,0.5020369959061485,0.7528298636064803,-2.378248068980351,-0.37832634640618884,-1.692312067186348,-2.2908667219586776,0.7207389539944115,-1.8613395997358153,1.7169776398624892,0.1220150502185809,-0.49712869414094035,-6.53848985433284,14.670258461653198,1,0,,
Tyrese Proctor,proctty01,CLE,PG,22.836413415468858,50.0,5.44,7.719897701424006,4.233779487425657,11.258857394141211,1.28,2.1373995137409025,0.8841996154437106,3.3703182776444383,1.48,2.2955640560154813,1.3976015843649237,3.2590052247332237,0.5,0.6599566071769665,0.38573765598095877,0.9439983852491056,0.0,0.12215060029919177,0.0,0.3524853616049484,0.92,1.2120384859741868,0.6839592140097702,1.793538753560839,0.8,1.0703991831513582,0.6158495163314157,1.5448071429362862,10.904000000000002,15.556730293562186,9.072050150047975,21.02868205433301,59.82833750661454,36.01333111012188,75.16403615579759,1.86,2.7988503247765157,1.5217065181867249,4.09722016108157,4.5,6.501158242606866,3.915313220270702,9.170989353398904,0.8,1.0173289049928096,0.2600237246799746,1.8144375220540412,0.9,1.22369209592844,0.2941690248465523,2.1828360414961123,0.43051564357157057,0.8313601994960517,-1.9555085877149858,-1.4268172385630604,-0.811809882522904,-1.1979474894370847,-1.0631066361136285,-0.7308573370797562,1.3397421588878682,-0.6377395531087241,-0.07271825179279234,-6.556762817445068,15.004045641213427,1,0,,
Myron Gardner,gardnmy01,MIA,SF,25.700205338809035,45.0,3.6222222222222222,5.3781732176053545,1.8920550036070058,8.91713291032256,2.7111111111111112,3.4358701858311806,2.1826702875339885,4.668788949734717,0.9777777777777777,1.3641458098934578,0.46618333824290015,2.3275869786112002,0.4444444444444444,0.5810484871264359,0.30682953593042817,0.865090265198575,0.17777777777777778,0.25176531261473284,0.0385238091790642,0.4821000739204895,0.5777777777777777,0.7524831960962601,0.2244039241318435,1.3339834636829124,0.37777777777777777,0.6355157356403127,0.1809660688203702,1.1099236954252407,9.122222222222222,13.022262181141782,6.53758203762757,18.494213941912605,57.636082609416,33.821076212923344,72.97178125859905,1.3111111111111111,2.0753251017408125,0.7981812951510217,3.373694938045867,2.7333333333333334,4.369411381076939,1.7835663587407748,7.0392424918689755,0.4222222222222222,0.6641143083326058,0.0,1.4612229253938374,0.5777777777777777,0.8705306546981044,0.0,1.8296746002657764,0.4749667451155176,0.7628844598963803,-2.4643904871313262,-0.8009557076893464,-1.317750056664996,-1.4928534024455626,-0.7285614297521892,-1.327146288866048,2.0332299453367084,-0.088568373602461,-0.37482034700178146,-6.561816147817003,13.410361819026152,1,0,,
Jett Howard,howarje01,DAL,SF,23.38398357289528,55.0,5.472727272727273,7.871419070498974,4.385300856500626,11.41037876321618,1.5818181818181818,2.3689808278949283,1.002992938750989,3.712862280549782,0.8181818181818182,1.2903811290498317,0.39241865739927406,2.253822297767574,0.18181818181818182,0.39501698687667913,0.12079803568067143,0.6790587649488182,0.2,0.2616359033272561,0.048394399891587475,0.49197066463301276,0.9818181818181818,1.2861168768342959,0.7580376048698793,1.8676171444209482,0.2727272727272727,0.5716822941055253,0.11713262728558277,1.0460902538904533,12.64,16.198479740912187,8.870791178741129,22.38178523058322,58.59834115955469,30.972933739623222,76.38775159260702,1.9090909090909092,2.786342204529928,1.509198397940137,4.084712040834983,4.5636363636363635,6.437741352936936,3.851896330600771,9.107572463728973,0.6727272727272727,1.0158631513066374,0.2585579709938024,1.812971768367869,0.7090909090909091,1.18995459170566,0.2604315206237722,2.149098537273332,0.43281363008763657,0.8536990893497179,-1.9225813656485813,-1.3151952828935771,-1.3578185389251887,-2.1881150484505545,-0.7030847014715952,-0.6347380517425703,2.1350220745260975,-0.6035914530676794,0.026558515232586444,-6.563543852441063,14.048044134053917,2,1,unknown,ROSTER_CHANGE
Jamaree Bouyea,bouyeja01,PHO,PG,27.600273785078713,46.0,5.717391304347826,5.564176749611019,2.0780585356126706,9.103136442328225,1.7826086956521738,1.9083965562203584,0.6551966579231665,3.141315320123894,1.7826086956521738,2.1599931573499527,1.262030685699395,3.123434326067695,0.6304347826086957,0.6901183767658823,0.4158994255698746,0.9741601548380214,0.34782608695652173,0.31046932110330516,0.09722781766763652,0.5408040824090619,0.5,0.7017364088082999,0.1736571368438833,1.283236676394952,0.6521739130434783,0.6551528108424548,0.20060314402251228,1.129560770627383,14.002173913043478,15.490379772052226,9.005699628538014,20.96233153282305,56.41473593461758,32.59972953812493,71.75043458380063,2.347826086956522,2.429966117197072,1.152822310607281,3.7283359535021265,5.130434782608695,5.270341774313712,2.6844967519775476,7.940172885105749,0.5217391304347826,0.6094223436175419,0.0,1.4065309606787735,0.7608695652173914,0.8225078060569264,0.0,1.7816517516245984,0.4610642385736919,0.7409319876720578,-2.4239699204424396,-1.537196428982273,-0.88545108975179,-1.0852229156812465,-0.5770420205493009,-1.3929920081188887,2.0019156428673854,-0.2241371385650788,-0.4423473447619323,-6.566443223985564,13.440852635865486,2,0,,
Branden Carlson,carlsbr01,POR,C,27.63586584531143,42.0,5.761904761904762,5.487269441034336,2.001151227035987,9.02622913375154,2.9523809523809526,3.3810819952693514,2.0150941061254124,4.724963447924205,0.6904761904761905,0.7782393241630621,0.0,1.7416804928808043,0.19047619047619047,0.34447891890784477,0.07025996771183707,0.6285206969799839,0.6428571428571429,0.6336583787748429,0.42041687533917427,0.8639931400805996,0.7380952380952381,0.6473333251430694,0.11925405317865279,1.2288335927297216,0.38095238095238093,0.4926056869950594,0.03805602017511689,0.9670136467799875,11.623809523809523,13.19626196737735,5.86857340520629,19.37956745704838,55.71499667510558,28.089589255174108,73.5044071081579,2.3333333333333335,2.022686657409409,0.745542850819618,3.3210564937144635,4.428571428571429,3.991843966825726,1.4059989444895615,6.661675077617763,0.35714285714285715,0.5057310495803975,0.0,1.302839666641629,0.6190476190476191,0.7120436440956912,0.0,1.6711875896633632,0.5067048397229386,0.7102528809490118,-2.440682705203387,-0.8273635592918993,-1.6360105488290955,-2.3769926324874002,0.25713295897977634,-1.4635818989268028,2.2611217491372555,0.15786884839494053,-0.5098870484422047,-6.578394836668817,13.153733027655155,2,1,unknown,ROSTER_CHANGE
Josh Okogie,okogijo01,UTA,SG,28.418891170431213,78.0,4.5256410256410255,6.0268812631659,2.5407630491675515,9.565840955883106,2.5641025641025643,2.6648038261275153,1.2988159369835761,4.0086852787823695,0.8846153846153846,1.2027200689982775,0.3047575973477199,2.16616123771602,0.8076923076923077,0.8212914541703792,0.5470725029743715,1.1053332322425184,0.20512820512820512,0.22944263382103625,0.016201130385367607,0.45977739512679294,0.7948717948717948,0.9262025588868854,0.3981232869224688,1.5077028264735377,0.5256410256410257,0.6271959173653803,0.17264625054543775,1.1016038771503083,17.355128205128207,18.833957162171227,11.506268600000169,25.01726265184226,62.27751855216985,34.65211113223838,80.06692898522218,1.6025641025641026,2.1433066093169235,0.8661628027271326,3.4416764456219786,3.769230769230769,4.912021118684458,2.3261760963482936,7.581852229476494,0.5256410256410257,0.7752067202746681,0.01790153996183308,1.5723153373358998,0.8846153846153846,1.1534196122608495,0.22389654117896174,2.112563557828522,0.43633904609330054,0.6720942769086127,-2.3234192564538416,-1.1726089014518972,-1.4054354416137724,-0.5949854581251304,-0.7861779228968638,-1.1017393813078287,2.046497160707082,-0.4578730131764847,-0.8150192401571311,-6.610761454475869,13.5537323046252,2,1,unknown,ROSTER_CHANGE
Carter Bryant,bryanca01,SAS,PF,21.182751540041068,71.0,4.197183098591549,7.481921575309174,3.9958033613108257,11.020881268026379,2.507042253521127,3.6131999459513637,2.3600000476541716,4.846118709854899,0.6619718309859155,1.2127895261660644,0.31482705451550674,2.176230694883807,0.22535211267605634,0.49362260752257703,0.21940365632656933,0.7776643855947162,0.323943661971831,0.4400934550289503,0.22685195159328167,0.670428216334707,0.7323943661971831,0.9999547127112614,0.47187544074684473,1.5814549802979134,0.4647887323943662,0.8535291008109525,0.39897943399100994,1.3279370605958805,11.51549295774648,16.470129513574733,9.985449370060522,21.942081274345558,61.15730309757877,37.34229670108611,76.49300174676182,1.5211267605633803,2.513324243318081,1.2361804367282903,3.811694079623136,3.732394366197183,5.921621833833512,3.335776811497347,8.591452944625548,0.4225352112676056,1.00964321262893,0.2523380323160951,1.8067518296901617,0.5915492957746479,1.3465965108466942,0.4170734397648064,2.305740456414366,0.42443173742674095,0.749774119044836,-2.007223357710292,-0.7154829453668641,-1.3999657796931502,-1.8195930184525708,-0.24247249631190274,-1.0060433998567166,1.6855744829507557,-0.6639233875756306,-0.48608941020122515,-6.6552193122175956,15.58456488654354,1,0,,
Pat Spencer,spencpa01,PHO,PG,30.579055441478438,66.0,7.212121212121212,6.274417046175663,2.7882988321773143,9.813376738892869,2.393939393939394,1.8420721962479185,0.4760843071039793,3.185953648902772,3.515151515151515,3.6049697088722867,2.7070072372217293,4.568410877590029,0.7272727272727273,0.737359592238763,0.4631406410427553,1.0214013703109022,0.07575757575757576,0.026024370062042966,0.0,0.25635913136779964,0.9090909090909091,1.021437341427755,0.4933580694633385,1.6029376090144072,1.2878787878787878,1.0849478627719122,0.6303981959519698,1.5593558225568402,18.62727272727273,17.141852762453556,9.814164200282498,23.325158252124588,58.933638175738,31.308230755806527,76.72304860879032,2.8181818181818183,2.424527374179192,1.147383567589401,3.7228972104842466,6.606060606060606,5.579427063192858,2.9935820408566935,8.249258173984895,0.6666666666666666,0.5770065842071223,0.0,1.3741152012683537,0.8636363636363636,0.744038149428509,0.0,1.7031820949961811,0.43454773164320976,0.7755067191787375,-2.269627070267145,-1.569164702397142,-0.10054947208187709,-0.9086667669383968,-1.3112155811317343,-0.9781689428738042,1.3165420769267004,-0.521747108875367,-0.326594637861313,-6.669192205500079,15.0975622691121,2,1,unknown,ROSTER_CHANGE
Cole Anthony,anthoco01,MIL,PG,26.715947980835043,35.0,6.685714285714286,7.507525082560707,4.021406868562359,11.046484775277913,2.4857142857142858,2.7628136215585024,1.5096137232613105,3.995732385462038,3.4571428571428573,3.600201031857448,2.70223856020689,4.56364220057519,0.5714285714285714,0.7011950107493183,0.42697605955331064,0.9852367888214575,0.3142857142857143,0.32167970027195564,0.108438196836287,0.5520144615777123,0.6285714285714286,0.8302003816129149,0.30212110964849825,1.4117006491995672,1.8571428571428572,1.6172538183631213,1.1627041515431789,2.0916617781480493,15.04,16.977909145783176,10.493229002268965,22.449860906554,53.317820325812136,29.502813929319483,68.65351897499518,2.8,3.0800408580595224,1.8028970514697316,4.378410694364577,6.6,7.03498840338626,4.449143381050096,9.704819514178297,0.45714285714285713,0.6532817671615821,0.0,1.4503903842228136,0.7428571428571429,0.903057832587877,0.0,1.862201778155549,0.43781747480592276,0.723410775685854,-2.001659440395547,-1.1253682806758338,-0.10313978560575326,-1.0438258470924355,-0.5481071986809621,-1.2263055410643704,0.4676992870499799,-0.5777001110505622,-0.5191501289323407,-6.677557046447826,17.674573290917785,2,0,,
Sidy Cissoko,cissosi01,POR,SF,22.833675564681723,75.0,5.1066666666666665,6.7208799613007955,3.234761747302447,10.259839654018,2.2133333333333334,2.6764185318460765,1.4232186335488846,3.909337295749612,1.4666666666666666,1.7531051343513462,0.8551426627007885,2.7165463030690886,0.6933333333333334,0.763621328666383,0.4894023774703753,1.047663106738522,0.3333333333333333,0.3443006396629642,0.13105913622729556,0.5746354009687209,0.7866666666666666,0.9998772698297613,0.4717979978653447,1.5813775374164134,0.9333333333333333,0.903101294847883,0.4485516280279405,1.3775092546328112,19.137333333333334,20.251380252797738,13.766700109283526,25.723332013568562,62.05867115956265,38.24366476307,77.3943698087457,1.7733333333333334,2.399425201981151,1.12228139539136,3.6977950382862055,4.453333333333333,5.78793086021736,3.2020858378811954,8.457761971009397,0.7733333333333333,1.0509869572515198,0.2936817769386848,1.8480955743127514,1.1733333333333333,1.495538958426844,0.5660158873449561,2.4546829039945157,0.4145566455317061,0.702747963421195,-2.1726058801836117,-1.1670106252197785,-1.1064699478956501,-0.8105179154207613,-0.4897208727658045,-1.0061438846855284,1.6065240814952941,-0.7648514273244613,-0.7859284788891663,-6.696724950889468,14.982904511183266,2,0,,
Gary Trent Jr.,trentga02,MIL,SG,28.03832991101985,65.0,8.138461538461538,9.028490808504955,5.542372594506606,12.56745050122216,1.0307692307692307,1.2926264381921646,0.03942653989497269,2.5255452020957003,1.2153846153846153,1.372499617343273,0.47453714569271543,2.3359407860610153,0.5230769230769231,0.62360599710145,0.34938704590544234,0.9076477751735892,0.046153846153846156,0.1014726868774327,0.0,0.33180744818318936,1.8923076923076922,1.9169581984554953,1.3888789264910786,2.4984584660421474,0.6307692307692307,0.7576106227147842,0.30306095589484167,1.2320185824997123,21.19076923076923,22.03440061710308,15.54972047358887,27.506352377873906,63.06586623557286,39.250859839080206,78.40156488475591,2.8153846153846156,3.0068549019202813,1.7297110953304904,4.305224738225336,7.276923076923077,7.493675897340825,4.907830875004661,10.163507008132862,0.6153846153846154,0.7611120049413245,0.003806824628489469,1.558220622002556,0.8,0.982960144884117,0.053437073802229174,1.942104090451789,0.40125232837829045,0.7743060681580873,-1.6711372406602851,-1.8339969936919998,-1.3132123242193345,-1.3338018203458752,-1.1164778675828273,0.1838004760435111,1.8385310818628442,-1.1479926604435577,-0.33997591385100234,-6.734263262888527,14.056017389572325,2,0,,
Nikola Jović,jovicni01,MIA,PF,23.64955509924709,47.0,7.319148936170213,8.66450981730678,5.17839160330843,12.203469510023984,3.25531914893617,3.8012572993924483,2.5480574010952566,5.034176063295984,2.1702127659574466,2.195446970264476,1.2974844986139182,3.1588881389822183,0.5531914893617021,0.6974405499913452,0.4232215987953375,0.9814823280634843,0.3617021276595745,0.4390056621224549,0.22576415868678626,0.6693404234282115,0.9574468085106383,1.110308793988128,0.5822295220237114,1.69180906157478,1.3829787234042554,1.3705236384906414,0.9159739716706989,1.8449315982755694,17.18936170212766,19.531855466179447,13.047175322665236,25.003807226950272,57.99319373436241,34.17818733786976,73.32889238354545,2.4468085106382977,2.9451277313159903,1.6679839247261994,4.243497567621045,6.680851063829787,7.530268482478411,4.9444234601422465,10.200099593270448,1.4680851063829787,1.6097964414418071,0.8524912611289721,2.406905058503039,2.148936170212766,2.251167076560238,1.32164400547835,3.21031102212791,0.3911052757506291,0.7150941652458603,-1.750234222150749,-0.6248394940771816,-0.8661928152283328,-1.0578575167986146,-0.2452801706559701,-0.8628551461268955,0.8611480772239137,-1.3038970497937332,-0.9213541312785684,-6.7713624688861325,18.558004029825188,2,0,,
Moritz Wagner,wagnemo01,ORL,C,29.76865160848734,36.0,6.861111111111111,7.064739299141998,3.578621085143649,10.603698991859202,3.1944444444444446,3.856050269967807,2.6028503716706153,5.088969033871343,0.75,1.0026031666211572,0.10464069497059958,1.9660443353388994,0.4166666666666667,0.5114628748072803,0.23724392361127256,0.7955046528794194,0.05555555555555555,0.22922492315152224,0.015983419715853597,0.4595596844572789,0.6111111111111112,0.6956445785895985,0.16756530662518188,1.2771448461762507,0.5277777777777778,0.6776304299281012,0.22308076310815866,1.1520383897130293,11.83611111111111,14.903993816678419,8.419313673164208,20.375945577449244,53.39831293464957,29.583306538156915,68.73401158383261,2.3055555555555554,2.585849986766541,1.3087061801767501,3.8842198230715956,5.416666666666667,5.871612769155302,3.2857677468191375,8.54144387994734,1.6388888888888888,1.5892118651252123,0.8319066848123773,2.386320482186444,2.0,1.978826220690863,1.049303149608975,2.937970166258535,0.4403985903754591,0.8031083520665976,-2.0978815502371058,-0.5984293385130149,-1.5141376072187527,-1.752918000614843,-0.7867398503166644,-1.4008963694342256,1.9660716612360787,-0.47423436274286923,-0.15470435260641782,-6.813869770447814,14.740337336983409,2,0,,
Johnny Furphy,furphjo01,IND,SG,22.1492128678987,35.0,5.142857142857143,6.275901397681668,2.7897831836833196,9.814861090398873,4.371428571428571,4.0417026951371104,2.7885027968399188,5.274621459040646,1.1714285714285715,1.465285784615856,0.5673233129652984,2.4287269533335984,0.5714285714285714,0.6420863221129702,0.36786737091696253,0.9261281001851094,0.2,0.22023317364151015,0.006991670205841516,0.4505679349472668,0.6571428571428571,0.7586021157515044,0.23052284378708776,1.3401023833381567,0.8285714285714286,0.8401391525267986,0.3855894857068561,1.3145471123117267,18.365714285714283,19.000006121829653,12.515325978315442,24.471957882600478,54.81096689597162,30.995960499478965,70.14666554515466,2.0,2.297280867417988,1.020137060828197,3.5956507037230425,4.257142857142857,4.892531265447236,2.3066862431110713,7.562362376239273,0.4857142857142857,0.8584622311879873,0.10115705087515225,1.6555708482492189,1.0,1.3035067479841838,0.37398367690229595,2.2626506935518558,0.4695485307661062,0.6585790464955871,-2.2693045047309357,-0.5089450601813135,-1.262811497498019,-1.2647346937088983,-0.8099482241319312,-1.3192067780658148,1.7069267915966408,-0.13560722073734896,-0.9520375777459538,-6.815668765203574,15.070692643506627,2,0,,
Killian Hayes,hayeski01,SAC,PG,26.765229295003422,23.0,5.521739130434782,4.945979903218146,1.4598616892197973,8.484939595935352,2.347826086956522,1.9769351432710258,0.7237352449738339,3.2098539071745615,3.5217391304347827,3.341203308582851,2.4432408369322935,4.304644477300593,0.9130434782608695,0.8164277377783526,0.542208786582345,1.1004695158504918,0.17391304347826086,0.1611149860877832,0.0,0.3914497473935399,0.7391304347826086,0.8729344404233287,0.34485516845891206,1.4544347080099809,1.2173913043478262,1.024882788361327,0.5703331215413845,1.499290748146255,17.621739130434783,15.789435853217233,9.30475570970302,21.261387613988056,44.714990008237294,20.89998361174464,60.050688657420345,1.826086956521739,1.8499108627074516,0.5727670561176608,3.1482806990125063,6.0,4.951537870488722,2.3656928481525576,7.621368981280758,1.1304347826086956,0.757346085009003,4.0904696168020394e-05,1.5544547020702346,1.2173913043478262,0.9091059508460048,0.0,1.8682498964136767,0.3736032947931111,0.8330669096426269,-2.5583107396034523,-1.504160900388933,-0.24382562009689765,-0.6131627854050906,-0.9625366602866785,-1.1708566153422788,1.4123249717098452,-1.0741539563841327,-0.12486313381465004,-6.839545439612269,14.237852421254734,2,0,,
Mike Conley,conlemi01,BOS,PG,26.765229295003422,54.0,4.537037037037037,4.183371327743627,0.6972531137452784,7.722331020460832,1.7222222222222223,1.5147967241967164,0.1488088350527772,2.85867817685157,2.9074074074074074,2.811863972852151,1.9139015012015934,3.7753051415698935,0.6481481481481481,0.6374881601450456,0.3632692089490379,0.9215299382171848,0.25925925925925924,0.21960633391886406,0.006364830483195416,0.4499410952246207,1.037037037037037,1.1039760959463107,0.5758968239818941,1.6854763635329628,0.6296296296296297,0.5939930388812608,0.13944337206131824,1.0684009986661889,18.35185185185185,16.723419251059912,9.395730688888854,22.906724740730944,52.51890370502153,24.893496285090055,70.30831413807385,1.3333333333333333,1.5208371193170223,0.24369331272723138,2.819206955622077,3.9814814814814814,4.028535358885469,1.4426903365493042,6.698366469677506,0.8333333333333334,0.657548875426843,0.0,1.4546574924880746,0.9259259259259259,0.7829899868462699,0.0,1.742133932413942,0.3775161401928903,0.8397921895212491,-2.7240337796452185,-1.726911143928739,-0.5313592139629166,-1.2819195557033711,-0.8115661440472081,-0.8710720418095399,2.0994441993572415,-0.8675915054547904,-0.12818668796526414,-6.843195873159805,12.196213799368383,2,1,unknown,ROSTER_CHANGE
Jabari Walker,walkeja01,PHI,PF,24.50924024640657,64.0,4.3125,6.837230891984478,3.3511126779861296,10.376190584701684,3.0,3.5896382383881016,2.3364383400909094,4.822557002291637,0.53125,1.0296647192836437,0.13170224763308602,1.993105888001386,0.359375,0.5126223563698264,0.23840340517381875,0.7966641344419656,0.203125,0.30291706837019905,0.08967556493453041,0.5332518296759557,0.5,0.7354739319942114,0.2073946600297948,1.3169741995808635,0.421875,0.7094557550528542,0.25490608823291167,1.1838637148377822,11.8953125,15.404567701919133,8.91988755840492,20.876519462689956,58.23951301088446,34.4245066143918,73.57521166006751,1.515625,2.3454598395488255,1.0683160329590347,3.6438296758538806,3.328125,5.1010370557550315,2.515192033418867,7.770868166547068,0.78125,1.1336744456076122,0.3763692652947772,1.9307830626688438,1.0625,1.5034250261701538,0.573901955088266,2.462568971737826,0.45980058837303656,0.7540611775603806,-2.147321572394926,-0.7268396642227496,-1.4994379524464536,-1.7485846320261578,-0.596534946189871,-1.3492163998743687,1.9153213408914098,-0.23394606836118392,-0.4822312799427199,-6.868791174567021,14.426456376142887,2,0,,
Pete Nance,nancepe01,MIL,PF,26.951403148528406,47.0,5.404255319148936,5.296631952603798,1.8105137386054495,8.835591645321003,2.6595744680851063,2.791152325391069,1.5379524270938771,4.024071089294605,1.0212765957446808,1.0456679942804763,0.14770552262991865,2.0091091629982185,0.2978723404255319,0.4410116265470885,0.16679267535108078,0.7250534046192276,0.2978723404255319,0.309306417724198,0.09606491428852934,0.5396411790299547,1.0638297872340425,0.9207616016244952,0.39268232966007854,1.5022618692111473,0.5531914893617021,0.5301231541926466,0.07557348737270403,1.0045311139775746,15.67659574468085,16.181693165893158,9.697013022378947,21.653644926663983,56.81076186540719,32.99575546891454,72.14646051459023,2.127659574468085,2.1361807042844734,0.8590368976946825,3.4345505405895285,4.127659574468085,4.274758060086417,1.6889130377502526,6.944589170878453,0.0851063829787234,0.25610871603605084,0.0,1.0532173330972825,0.23404255319148937,0.3634926845832482,0.0,1.3226366301509203,0.49971967401619194,0.7045773598709001,-2.482110280429613,-1.1117090545224426,-1.4907450802889113,-2.0162177684645157,-0.5800435606059167,-1.108799212353548,2.201294442697038,0.11950108182219822,-0.41509778864233954,-6.883927220788049,11.935347713115009,2,0,,
Rasheer Fleming,flemira01,PHO,PF,22.562628336755647,55.0,4.327272727272727,6.9664605328374245,3.480342318839076,10.50542022555463,2.2545454545454544,3.247971411752181,1.994771513454989,4.480890175655716,0.2909090909090909,0.8026039883001874,0.0,1.7660451570179299,0.4,0.5941503116757045,0.31993136047969684,0.8781920897478437,0.38181818181818183,0.4699799287979778,0.2567384253623092,0.7003146901037345,0.8181818181818182,0.9461055096233568,0.4180262376589402,1.5276057772100091,0.5272727272727272,0.7827981737377318,0.32824850691778923,1.2572061335226599,12.243636363636364,16.17357638414033,9.688896240626118,21.645528144911154,58.74855477371784,34.93354837722519,74.08425342290089,1.5818181818181818,2.305798193524133,1.028654386934342,3.6041680298291876,3.909090909090909,5.423682300661788,2.837837278325624,8.093513411453825,0.34545454545454546,0.8390083593561655,0.08170317904333046,1.636116976417397,0.6181818181818182,1.215551079501649,0.2860280084197613,2.174695025069321,0.42513518781193793,0.690228797049106,-2.1192385824648303,-0.8915227238893092,-1.6227758259022314,-1.4438875225297227,-0.1653332861415754,-1.075914611375886,1.798365701678933,-0.6117487349251075,-0.75527728010486,-6.88733286565459,14.477524757073638,1,0,,
Marcus Sasser,sassema01,DAL,PG,26.362765229295004,38.0,5.184210526315789,6.404312004704547,2.9181937907061983,9.943271697421752,1.0263157894736843,1.4446313481073094,0.07864345896337022,2.788512800762163,1.9736842105263157,2.434345298762636,1.5363828271120783,3.3977864674803784,0.5263157894736842,0.6400487923279198,0.3658298411319121,0.9240905704000589,0.10526315789473684,0.14483818220505223,0.0,0.3751729435108089,1.1578947368421053,1.3334614409332899,0.8053821689688733,1.9149617085199422,0.8157894736842105,0.8574785337770466,0.4029288669571041,1.3318864935619747,12.015789473684212,14.610949592000313,7.283261029829255,20.794255081671345,56.648153756417656,29.022746336486186,74.43756418946998,1.8157894736842106,2.4079070138181704,1.1307632072283795,3.706276850123225,4.657894736842105,5.754003999105235,3.1681589767690705,8.423835109897272,0.39473684210526316,0.522198083795102,0.0,1.3193067008563335,0.47368421052631576,0.6578359299633604,0.0,1.6169798755310323,0.4184750330713373,0.7938120434136016,-2.2413994996551687,-1.76073078316861,-0.7364248378177001,-1.2723496208058496,-1.0045483009142988,-0.573306835257461,1.6792765115263202,-0.7166076394377907,-0.27565171646852077,-6.90174272199908,13.286569960399142,2,1,unknown,ROSTER_CHANGE
Yanic Konan Niederhäuser,konanya01,LAC,C,23.887748117727583,41.0,4.2926829268292686,5.3446779063625645,1.8585596923642158,8.88363759907977,2.8536585365853657,3.9408924642070344,2.6876925659098427,5.17381122811057,0.2926829268292683,0.6598317672197993,0.0,1.6232729359375417,0.12195121951219512,0.30652033238949133,0.032301381193483636,0.5905621104616305,0.7317073170731707,0.7770928310441788,0.5638513276085102,1.0074275923499354,0.024390243902439025,0.13694025845566052,0.0,0.7184405260423127,0.5609756097560976,0.7628313096340557,0.30828164281411313,1.2372392694189838,10.331707317073171,14.199274709773164,7.714594566258952,19.67122647054399,55.47010750487245,31.6551011083798,70.8058061540555,1.5609756097560976,1.8409324872636488,0.5637886806738579,3.1393023235687036,2.4390243902439024,3.3194601220225985,0.7336150996864341,5.989291232814635,1.146341463414634,1.3088911440917859,0.5515859637789509,2.1059997611530177,1.5121951219512195,1.7050144200531496,0.7754913489712618,2.6641583656208216,0.5545879208038023,0.7676715977868295,-2.4716693782752484,-0.5575354879928731,-1.7003287433985477,-2.51885650665571,0.6273479413420175,-2.1258346320307333,1.830205902700223,0.4228598202749143,-0.4146053262338303,-6.908416410269787,13.55150469490766,1,0,,
Ron Harper Jr.,harpero02,BOS,SF,26.806297056810404,29.0,4.241379310344827,5.9813710430682105,2.495252829069862,9.520330735785416,1.6551724137931034,2.200261919427806,0.9470620211306142,3.433180683331342,0.7586206896551724,1.0151926924744175,0.11723022082385981,1.9786338611921597,0.3448275862068966,0.4824287777962489,0.20820982660024118,0.766470555868388,0.3103448275862069,0.32545341538422223,0.1122119119485536,0.5557881766899789,0.9655172413793104,1.0878995352265615,0.5598202632621448,1.6693998028132135,0.27586206896551724,0.46407720186983914,0.009527535049896618,0.9384851616547671,10.951724137931036,13.543602585859508,7.058922442345296,19.01555434663033,54.16062299545382,30.34561659896117,69.49632164463686,1.5862068965517242,2.046456521334572,0.7693127147447811,3.3448263576396267,3.793103448275862,4.625129606649288,2.039284584313124,7.294960717441326,0.10344827586206896,0.30527454117346325,0.0,1.1023831582346948,0.13793103448275862,0.39269013656893176,0.0,1.3518340821366037,0.44246468647981163,0.7773929435578686,-2.3333091164293425,-1.3965176235596077,-1.5072990608094625,-1.861428086546834,-0.5383669594872118,-0.8919319377808265,2.3066147567774813,-0.3829335210963613,-0.31086615531031314,-6.916037704242478,12.104043762764777,2,0,,
Taelon Peter,peterta01,SAS,SG,24.928131416837783,38.0,4.5,6.436356490542284,2.9502382765439354,9.975316183259489,1.5526315789473684,2.052706544031877,0.6867186548879378,3.3965879966867307,1.0526315789473684,1.4293653257347578,0.5314028540842002,2.3928064944525,0.6842105263157895,0.7655471356501699,0.49132818445416215,1.049588913722309,0.10526315789473684,0.17423070730906787,0.0,0.40456546861482456,1.0789473684210527,1.1489014114599265,0.6208221394955099,1.7304016790465786,0.7105263157894737,0.8557845844093072,0.40123491758936464,1.3301925441942353,12.955263157894738,15.689233126650468,8.36154456447941,21.8725386163215,56.52356590687117,28.8981584869397,74.3129763399235,1.5789473684210527,2.009230044558066,0.7320862379682753,3.307599880863121,4.157894736842105,4.848419982222447,2.2625749598862828,7.518251093014484,0.2631578947368421,0.5570665260775565,0.0,1.354175143138788,0.42105263157894735,0.7506528586553474,0.0,1.7097968042230194,0.41440924093317993,0.7421093780624985,-2.234435888465377,-1.467639163012846,-1.2823232509956908,-0.8033205336244637,-0.9286840089620982,-0.8127798843992785,1.681977771379077,-0.6637130707206507,-0.4263606443078738,-6.937278673109201,13.007201276451081,1,1,unknown,ROSTER_CHANGE
Kenrich Williams,willike04,OKC,PF,32.167008898015055,56.0,6.482142857142857,5.954770457150835,2.4686522431524867,9.49373014986804,3.3392857142857144,3.243048947040936,1.989849048743744,4.475967710944472,1.4107142857142858,1.4055409795359248,0.5075785078853672,2.368982148253667,0.5535714285714286,0.5872900372935015,0.3130710860974938,0.8713318153656406,0.08928571428571429,0.14535991105975515,0.0,0.3756946723655118,0.8928571428571429,0.877094434402037,0.34901516243762043,1.4585947019886891,0.7678571428571429,0.7330428002382159,0.27849313341827336,1.2074507600231439,15.269642857142857,15.585679384537762,9.100999241023551,21.057631145308587,56.72766296141664,32.91265656492399,72.06336161059969,2.5,2.3351032293581633,1.0579594227683724,3.6334730656632184,5.285714285714286,4.94710480545551,2.3612597831193454,7.616935916247547,0.5892857142857143,0.5806422220137081,0.0,1.3777508390749396,0.9285714285714286,0.8228139664142579,0.0,1.7819579119819298,0.4720141014160617,0.7056786171776953,-2.339089709654873,-0.8938953468264852,-1.2952644768250585,-1.4695266516697492,-1.0032016799617607,-1.1654588786528368,1.877708210642184,-0.11153927403216905,-0.5575559756224857,-6.957823782603234,13.4196477077254,2,0,,
Nicolas Batum,batumni01,LAC,PF,38.13278576317591,74.0,3.9594594594594597,3.5195990519364857,0.033480837938137054,7.058558744653691,2.4864864864864864,2.3613196640110976,1.1081197657139057,3.5942384279146333,0.8648648648648649,0.8250628908987646,0.0,1.788504059616507,0.6351351351351351,0.5933433770054334,0.3191244258094257,0.8773851550775725,0.3108108108108108,0.30023718379189257,0.08699568035622393,0.5305719450976493,1.2432432432432432,1.190541648833156,0.6624623768687393,1.7720419164198082,0.5,0.43458211637231703,0.0,0.9089900761572451,17.493243243243242,16.79155168137038,10.306871537856168,22.263503442141204,58.00470771940943,34.189701322916775,73.34040636859248,1.2972972972972974,1.2686584947041144,0.0,2.567028331009169,3.2162162162162162,3.0003765717705444,0.41453154943438,5.670207682562581,0.12162162162162163,0.1283940244746691,0.0,0.9255026415359007,0.14864864864864866,0.16323807815149832,0.0,1.1223820237191704,0.42283308923301904,0.7865445729856543,-2.8682786294671003,-1.3188879560202562,-1.6105762999222821,-1.4469033060197123,-0.6034519274743088,-0.7587502299870512,2.353649155694852,-0.4115255268361735,-0.29830235618642986,-6.963027076218464,9.83693655111761,2,0,,
A.J. Lawson,lawsoaj01,TOR,SG,26.548939082819988,24.0,4.208333333333333,6.396965525182697,2.9108473111843485,9.935925217899902,1.7916666666666667,2.230060136587728,0.9768602382905363,3.462978900491264,0.2916666666666667,0.7213695703342633,0.0,1.6848107390520055,0.5,0.5917874338980561,0.3175684827020484,0.8758292119701953,0.16666666666666666,0.22661239733550875,0.013370893899840114,0.45694715864126545,0.7916666666666666,0.9420103773340052,0.41393110536958855,1.5235106449206572,0.25,0.4958337723971452,0.04128410557720269,0.9702417321820733,9.408333333333333,13.038378752476271,6.553698608962059,18.510330513247094,54.83788969832159,31.022883301828937,70.17358834750463,1.4166666666666667,2.179950438048605,0.9028066314588143,3.47832027435366,3.25,4.795387578573071,2.2095425562369067,7.465218689365107,0.5833333333333334,0.8550652268636023,0.09776004655076731,1.652173843924834,0.75,1.0974951419964807,0.16797207091459287,2.056639087564153,0.4545931694424744,0.7791061610606603,-2.242995968615943,-1.3821549134808393,-1.6669018195072858,-1.4527183833828088,-0.793482973629048,-1.081228187770344,2.2559740760934264,-0.2772339551230431,-0.32377668001201515,-6.9645188054279,12.114457765892915,2,0,,
D'Angelo Russell,russeda01,MEM,PG,30.940451745379878,26.0,10.153846153846153,9.549014137864072,6.062895923865723,13.087973830581277,2.3461538461538463,2.3609582024370632,0.994970313293124,3.7048396550919174,4.0,3.915743205835489,3.0177807341849316,4.8791843745532315,0.46153846153846156,0.5848973631272274,0.3106784119312197,0.8689391411993665,0.07692307692307693,0.10856993775021045,0.0,0.3389046990559671,1.2692307692307692,1.3367131768691147,0.8086339049046981,1.918213444455767,1.8846153846153846,1.6395855366776269,1.1850358698576844,2.113993496462555,19.034615384615385,19.8611306385633,12.533442076392241,26.04443612823433,53.1713893752628,25.545981955331325,70.96079980831513,3.6153846153846154,3.610173741401833,2.333029934812042,4.9085435777068875,8.923076923076923,8.505522495887078,5.919677473550914,11.175353606679115,1.6538461538461537,1.444705794887631,0.687400614574796,2.2418144119488623,2.3076923076923075,1.938511240640702,1.008988169558814,2.897655186208374,0.42445055470108567,0.7452656268374992,-1.5580219265551702,-1.3190621801278466,0.06826061707726389,-1.4784688715462966,-1.0981593355626962,-0.5690875949280245,0.4320879663842695,-0.8952395965408783,-0.6027973522951444,-7.020488274094523,18.696595155496468,2,1,unknown,ROSTER_CHANGE
Dalen Terry,terryda01,GSW,SG,24.55852156057495,48.0,3.6666666666666665,5.547313965438847,2.0611957514404984,9.086273658156053,1.7916666666666667,2.2915757890650323,0.9255878999210931,3.6354572417198865,1.375,1.6691300628764085,0.7711675912258509,2.632571231594151,0.6041666666666666,0.7241482151283778,0.4499292639323701,1.008189993200517,0.3125,0.32329953835535025,0.11005803491968161,0.5536342996611069,0.5,0.6577642335283187,0.12968496156390208,1.2392645011149708,0.5416666666666666,0.7570741457392381,0.3025244789192956,1.2314821055241663,11.479166666666666,15.026959290829843,7.699270728658785,21.210264780500875,57.615548381914294,29.990140961982824,75.40495881496662,1.4166666666666667,1.9506987694053606,0.6735549628155697,3.2490686057104154,3.2291666666666665,4.328564595497457,1.7427195731612923,6.998395706289493,0.3333333333333333,0.6743288628242563,0.0,1.471437479885488,0.625,0.9812127209903828,0.051689649908495006,1.940356666558055,0.4506571927872958,0.6872402369015613,-2.4276343846858977,-1.3525044321417705,-1.1520846461931307,-0.9580420812449916,-0.5439262761899866,-1.4500474329676114,1.839386575978294,-0.29685802424999863,-0.679055038429085,-7.020765740124179,13.186169121343443,2,1,unknown,ROSTER_CHANGE
Rob Dillingham,dilliro01,MIN,PG,22.075290896646134,65.0,6.292307692307692,8.33295634420681,4.846838130208461,11.871916036924015,2.0153846153846153,2.391631430517421,1.1384315322202292,3.624550194420957,2.2,2.8986485828508366,2.000686111200279,3.862089751568579,0.7230769230769231,0.8182099670116953,0.5439910158156877,1.1022517450838345,0.09230769230769231,0.1512514110411432,0.0,0.38158617234689984,0.6461538461538462,0.944531973911948,0.41645270194753137,1.5260322414986,1.5384615384615385,1.5282670800465001,1.0737174132265577,2.0026750398314284,14.92153846153846,17.603981022202078,11.119300878687866,23.075932782972902,58.66375745131881,34.84875105482615,73.99945610050186,2.5076923076923077,2.878875109414935,1.6017313028251443,4.17724494571999,6.338461538461538,7.02172741704016,4.435882394703995,9.691558527832196,0.6307692307692307,1.0008670809433022,0.24356190063046723,1.7979756980045338,0.8461538461538461,1.313979367089764,0.3844562960078761,2.273123312657436,0.40999528156398524,0.7617068471630943,-1.8222843554243537,-1.3042777156837575,-0.4842183930928086,-0.6065020014589929,-0.9879952806121742,-1.077956328619971,0.6096021728270442,-0.962796523138051,-0.41932432697989447,-7.0557527521829595,16.931003989215988,2,0,,
Micah Peavy,peavymi01,NOP,SG,25.54688569472964,61.0,4.295081967213115,5.521375903420941,2.035257689422592,9.060335596138145,1.9180327868852458,2.235831733662791,0.9826318353655992,3.468750497566327,1.0,1.2506237738487416,0.3526613021981839,2.214064942566484,0.7049180327868853,0.7772496155330009,0.5030306643369932,1.06129139360514,0.14754098360655737,0.1890903525141978,0.0,0.4194251138199545,0.45901639344262296,0.735661400644951,0.20758212868053438,1.3171616682316032,0.32786885245901637,0.5377387957691375,0.083189128949195,1.0121467555540655,14.967213114754099,17.073719815537423,10.589039672023212,22.545671576308248,59.191970018494665,35.37696362200201,74.52766866767772,1.7377049180327868,1.984938906538402,0.7077950999486111,3.283308742843457,4.508196721311475,4.867668385143806,2.2818233628076414,7.537499495935842,0.36065573770491804,0.7343347621943479,0.0,1.5314433792555795,0.47540983606557374,0.9513478068471057,0.02182473576521793,1.9104917524147778,0.4077802244286945,0.7718888474952519,-2.433271004347202,-1.3793730096160641,-1.3794144688928667,-0.7595844705665727,-0.8903301602145444,-1.3489731527880995,2.1891501441510823,-0.729565022951283,-0.3478039532766349,-7.079165098502186,12.44159075296186,1,0,,
Jeremy Sochan,sochaje01,POR,PF,23.704312114989733,44.0,3.590909090909091,6.084282710912547,2.598164496914198,9.623242403629751,2.4318181818181817,3.3534625269614584,1.987474637817519,4.697343979616312,0.9090909090909091,1.1810479683871153,0.2830854967365577,2.144489137104858,0.38636363636363635,0.5526527488078614,0.2784337976118537,0.8366945268800006,0.1590909090909091,0.2937686403032417,0.08052713686757304,0.5241034016089984,0.25,0.4753607916298519,0.0,1.0568610592165042,0.4772727272727273,0.7770758305602157,0.32252616374027315,1.2514837903451437,10.652272727272727,15.107262427574781,7.779573865403723,21.290567917245813,55.66427234761561,28.038864927684134,73.45368278066793,1.4545454545454546,2.132933775921068,0.8557899693312769,3.431303612226123,2.9318181818181817,4.403646530724942,1.817801508388778,7.073477641516979,0.4318181818181818,0.9641724313690017,0.20686725105616666,1.7612810484302333,0.5909090909090909,1.263851188553456,0.3343281174715682,2.222995134121128,0.4843562627107443,0.7628844598963803,-2.3109453049021513,-0.8406761146608003,-1.417207582006006,-1.5989777294353136,-0.6201477190060636,-1.6867222348195066,1.8074908480283478,-0.006536153626302068,-0.40884502878134404,-7.08256701920914,13.642198032620064,2,1,unknown,ROSTER_CHANGE
Zeke Nnaji,nnajize01,DEN,PF,26.06160164271047,52.0,3.6538461538461537,5.156246505776153,1.6701282917778042,8.695206198493358,2.6153846153846154,3.1977046697404408,1.9445047714432488,4.4306234336439765,0.5576923076923077,0.8457132222727767,0.0,1.809154390990519,0.3269230769230769,0.4590131141131693,0.1847941629171616,0.7430548921853084,0.46153846153846156,0.4857203988538792,0.2724788954182106,0.7160551601596359,0.2692307692307692,0.5305810581288336,0.002501786164416986,1.1120813257154858,0.5192307692307693,0.5915906350774719,0.13704096825752937,1.0659985948624,12.036538461538461,14.945973328294075,8.461293184779862,20.417925089064898,54.73314712174322,30.91814072525057,70.06884577092627,1.3653846153846154,1.9160921512854638,0.638948344695673,3.2144619875905187,2.9038461538461537,4.0786039961349045,1.4927589737987401,6.748435106926941,0.6538461538461539,0.9535957040022655,0.19629052368943045,1.750704321063497,0.8461538461538461,1.228267409041694,0.29874433795980626,2.187411354609366,0.46979117195522085,0.7763746697034565,-2.512617546901699,-0.9157512419326606,-1.5993591777594307,-1.9489402167653207,-0.12470596298509602,-1.6150720208990355,2.1032751975375144,-0.13323221620753298,-0.33998680755972693,-7.086389993472989,12.504671846697521,2,0,,
E.J. Liddell,liddeej01,BRK,PF,26.12183436002738,26.0,5.653846153846154,6.286570203596575,2.8004519895982267,9.82552989631378,2.6538461538461537,2.8500052927997177,1.5968053945025258,4.082924056703254,0.9230769230769231,1.0746248603723283,0.17666238872177065,2.0380660290900705,0.23076923076923078,0.35446383961732797,0.08024488842132027,0.6385056176894671,0.38461538461538464,0.3793994819510172,0.16615797851534855,0.6097342432567738,0.6923076923076923,0.799613165112039,0.27153389314762233,1.3811134326986911,0.5769230769230769,0.609425144038064,0.1548754772181215,1.083833103822992,13.430769230769231,14.777004506711837,8.292324363197626,20.24895626748266,51.339859917217865,27.524853520725213,66.67555856640091,2.076923076923077,2.1792476364727387,0.9021038298829478,3.4776174727777933,4.269230769230769,4.556403674539596,1.9705586522034317,7.226234785331632,0.8076923076923077,0.8743885919694037,0.11708341165656866,1.6714972090306353,1.0,1.1079426199717195,0.1784195488898317,2.0670865655393915,0.4782823893874903,0.7892002493700645,-2.2669860585362627,-1.0833419846528223,-1.475015903912865,-2.339675659832853,-0.3991281520280647,-1.265993516955612,2.074835361042774,-0.05681856349958214,-0.2796093172439106,-7.091733795619199,12.910678666181699,2,0,,
Cam Thomas,thomaca02,BRK,SG,25.30321697467488,42.0,13.5,13.924690108826102,10.438571894827753,17.46364980154331,1.6904761904761905,2.14311407515585,0.8899141768586583,3.376032839059386,2.5714285714285716,2.405441223093903,1.5074787514433454,3.3688823918116455,0.21428571428571427,0.4545916823869892,0.18037273119098152,0.7386334604591284,0.09523809523809523,0.1632543315417415,0.0,0.39358909284749816,1.2380952380952381,1.3580103315981489,0.8299310596337323,1.9395105991848012,1.7619047619047619,1.6853107130634741,1.2307610462435317,2.159718672848402,20.976190476190474,23.199480540407244,16.714800396893033,28.67143230117807,58.735973879909096,34.92096748341645,74.07167252909214,4.5,4.642064155084061,3.3649203484942696,5.940433991389115,10.976190476190476,11.038592143379992,8.452747121043828,13.708423254172029,3.261904761904762,3.191625051134414,2.434319870821579,3.988733668195646,4.023809523809524,3.9718660553243517,3.042342984242464,4.931010000892024,0.42053045304948383,0.8035580774069631,-0.6071405078741337,-1.424062825827905,-0.7521253387882803,-1.9654645790131962,-0.9570148506588444,-0.5414537968864883,0.3591722195599468,-1.2077059850466798,-0.0017632756077499542,-7.097558940143331,20.272816162376692,2,0,,
Ethan Thompson,thompet01,FA,SG,27.748117727583846,32.0,6.96875,6.510203973023845,3.366728073395173,10.391805980110727,2.15625,1.8330456158239958,0.6138587166544658,3.234227786614033,1.78125,1.5969363376930066,0.7830231469736599,2.64442678734196,0.625,0.6365123720045975,0.39579407196672656,0.9540548012348734,0.28125,0.22334143179748173,0.021854740561680547,0.4654310053031059,1.1875,1.1481955162891213,0.68054758728729,1.790127126838359,0.78125,0.7503154536781648,0.33525607389391515,1.2642137004987857,20.403125,18.57448004317196,12.63785218986045,25.527101382679717,55.58770065820066,29.486453647644716,72.39562637770527,2.3125,2.1132661073744585,0.9473468327517447,3.52286047564659,6.125,5.173166269607234,2.8595931561977657,8.115269289325967,1.15625,1.0443499827856597,0.34201059104049114,1.8964243884145577,1.46875,1.3332849393205812,0.47393475978188193,2.3626017764314415,0.40850535189446097,0.7832909170322154,-2.218388036802209,-1.5735155048943417,-1.1912997958247082,-1.2855664008224466,-0.8019255788038094,-0.8136958079034607,1.8501643382121717,-0.7595900918137011,-0.30683927586977744,-7.100656154522282,12.934509176280223,1,1,smaller,ROSTER_CHANGE
Jaden Hardy,hardyja02,LAL,SG,24.577686516084874,57.0,9.175438596491228,10.298553353234183,6.812435139235834,13.837513045951388,1.5087719298245614,1.8973711136324911,0.5313832244885519,3.2412525662873453,1.0175438596491229,1.4063617541792919,0.5083992825287342,2.3698029228970343,0.2807017543859649,0.4646511462441054,0.19043219504809772,0.7486929243162446,0.10526315789473684,0.15308479217910081,0.0,0.38341955348485746,1.8245614035087718,1.8413635482085093,1.3132842762440928,2.4228638157951616,1.087719298245614,1.1849793006363356,0.7304296338163931,1.6593872604212636,15.757894736842106,18.41674172391834,11.08905316174728,24.60004721358937,60.45894698313448,32.83353956320301,78.2483574161868,3.192982456140351,3.4329676807282783,2.1558238741384876,4.731337517033333,7.526315789473684,7.933160354470283,5.347315332134119,10.60299146526232,0.9649122807017544,1.1034781994094183,0.34617301909658327,1.9005868164706499,1.3157894736842106,1.4677156978336274,0.5381926267517396,2.4268596434012997,0.43273645399009536,0.7518337516169993,-1.3951389989348455,-1.542510680990364,-1.294818637517395,-1.9278690138006565,-0.9832631876253531,0.08571379148287778,1.1570267382378632,-0.714095130996059,-0.4908699706614416,-7.105825090805374,15.353169835495393,2,1,unknown,ROSTER_CHANGE
Liam McNeeley,mcneeli01,CHO,SF,21.311430527036276,31.0,4.258064516129032,7.098542018894486,3.6124238048961375,10.63750171161169,2.3548387096774195,3.294352710553458,2.041152812256266,4.5272714744569935,0.7741935483870968,1.2913288762087483,0.3933664045581906,2.2547700449264907,0.16129032258064516,0.4143265943222926,0.14010764312628488,0.6983683723944317,0.0967741935483871,0.2171690076993818,0.003927504263713161,0.44750376900513844,0.7741935483870968,1.018972260694217,0.4908929887298005,1.6004725282808692,0.41935483870967744,0.7681411934671123,0.31359152664716977,1.2425491532520403,11.848387096774195,16.219711810811166,9.735031667296955,21.69166357158199,54.07367563754454,30.258669241051887,69.40937428672758,1.2258064516129032,2.5685824584628154,1.2914386518730245,3.86695229476787,3.064516129032258,5.898349374283043,3.312504351946879,8.56818048507508,1.032258064516129,1.3727255452312443,0.6154203649184093,2.169834162292476,1.2580645161290323,1.721244264578136,0.7917211934962483,2.680388210145808,0.43547479056800226,0.7975193140688193,-2.09053585591997,-0.8691669854844144,-1.357303728994611,-2.1159486172906523,-0.817857064178881,-0.9813674707529205,1.8217384854950798,-0.5331610224980093,-0.21174515953875175,-7.155347419163131,14.115104198469668,1,0,,
Mohamed Diawara,diawamo01,NYK,SF,21.760438056125942,69.0,3.5652173913043477,7.21240776777075,3.7262895537724012,10.751367460487955,1.3623188405797102,2.683153701105577,1.4299538028083851,3.9160724650091128,0.7681159420289855,1.4347103371065786,0.5367478654560209,2.398151505824321,0.2463768115942029,0.5082467811969154,0.23402783000090766,0.7922885592690545,0.08695652173913043,0.23000146281852046,0.016759959382851825,0.4603362241242771,0.6956521739130435,1.0125241853670315,0.48444491340261486,1.5940244529536836,0.43478260869565216,0.8158416752936126,0.3612920084736701,1.2902496350785406,9.191304347826087,14.801328201234394,8.316648057720183,20.27327996200522,61.026947060124414,37.211940663631765,76.36264570930746,1.3043478260869565,2.5096859004745684,1.2325420938847775,3.8080557367796235,3.0869565217391304,5.737259327671277,3.1514143053351122,8.407090438463314,0.2608695652173913,0.8063023090095293,0.04899712869669426,1.6034109260707607,0.34782608695652173,1.04716020970449,0.11763713862260228,2.0063041552721623,0.4374363711206404,0.7699894452989852,-2.0657916048490126,-1.1637642805513548,-1.2794198764960931,-1.7649376130688976,-0.7847355437182643,-0.9897340724710901,1.7456728137760782,-0.5000019381865273,-0.3605634374762137,-7.163275553041376,13.983160771510006,1,0,,
Jordan Clarkson,clarkjo01,NYK,SG,34.652977412731005,72.0,8.63888888888889,8.548733236649083,5.062615022650734,12.087692929366288,1.7638888888888888,1.7644330765667326,0.5112331782695407,2.9973518404702686,1.3333333333333333,1.3480499943877755,0.45008752273721786,2.3114911631055177,0.4166666666666667,0.49919520379827276,0.22497625260226506,0.7832369818704119,0.125,0.14423135982075166,0.0,0.37456612112650833,0.9722222222222222,1.0866823169070834,0.5586030449426668,1.6681825844937355,0.875,0.8416115368353744,0.38706187001543185,1.3160194966203025,17.772222222222222,18.33133472826048,11.846654584746268,23.803286489031304,59.96196466518785,36.1469582686952,75.2976633143709,3.2916666666666665,3.180645388552885,1.9035015819630943,4.47901522485794,7.305555555555555,7.012894319735794,4.427049297399629,9.68272543052783,1.0833333333333333,1.0919879335266658,0.3346827532138308,1.8890965505878974,1.3055555555555556,1.3442239043517183,0.41470083326983054,2.3033678499193906,0.45354246671047993,0.8123556871675341,-1.7753937175056178,-1.6065866783753378,-1.3264931962092443,-1.7987663710624249,-1.0061145545914767,-0.8935113208317961,1.704578850922421,-0.3584495045582637,-0.1517961763392065,-7.212532668550947,13.776796074132523,2,0,,
Tre Mann,manntr01,WAS,PG,25.99315537303217,53.0,5.490566037735849,7.832726382632478,4.346608168634129,11.371686075349682,1.7358490566037736,2.323631366204023,0.9576434770600837,3.667512818858877,1.6226415094339623,2.150571013465126,1.2526085418145685,3.1140121821828686,0.4716981132075472,0.6310214622263619,0.3568025110303542,0.9150632402985011,0.09433962264150944,0.1839914989418564,0.0,0.4143262602476131,0.9433962264150944,1.2451886757596364,0.7171094037952198,1.8266889433462885,1.0188679245283019,1.072636041753735,0.6180863749337926,1.547044001538663,12.60377358490566,16.163172017326257,8.835483455155199,22.34647750699729,57.35277219967713,29.727364779745663,75.14218263272946,2.056603773584906,2.736248862666815,1.4591050560770242,4.03461869897187,5.716981132075472,7.072379280311113,4.486534257974949,9.74221039110315,0.4339622641509434,0.8366142456618252,0.07930906534899018,1.6337228627230567,0.5094339622641509,1.0393692919189648,0.10984622083707696,1.9985132374866368,0.3868922683889838,0.8049249214561676,-1.9309897025947438,-1.3370536768706078,-0.890569135417879,-1.306087758578287,-0.9034906802673377,-0.6878438143240216,1.3361751477044361,-1.2915660831506082,-0.21595784880625107,-7.227383552305302,15.219343384025915,2,1,unknown,ROSTER_CHANGE
Kobe Brown,brownko01,IND,PF,27.085557837097877,61.0,5.786885245901639,5.861034315107616,2.374916101109267,9.399994007824821,3.0327868852459017,3.007428131758299,1.6414402426143597,4.351309584413153,1.3114754098360655,1.4229759460894629,0.5250134744389052,2.3864171148072053,0.3770491803278688,0.47117342164117704,0.19695447044516934,0.7552151997133162,0.19672131147540983,0.20471007826305238,0.0,0.435044839568809,0.8524590163934426,0.9076537410374034,0.37957446907298675,1.4891540086240556,0.8688524590163934,0.8402488596975395,0.38569919287759696,1.3146568194824675,15.777049180327868,16.254633977301857,8.926945415130799,22.43793946697289,57.79899913505624,30.17359171512476,75.58840956810857,2.081967213114754,1.9747727833002169,0.697628976710426,3.273142619605272,4.442622950819672,4.212574054197793,1.6267290318616285,6.88240516498983,0.7704918032786885,0.8409541643768079,0.08364898406397292,1.6380627814380395,0.9672131147540983,1.066118127545594,0.13659505646370618,2.0252620731132662,0.46878055029854565,0.7888001738727056,-2.3594595808060377,-1.0074643378928085,-1.2857939193703543,-1.9034930993873564,-0.8500144870891171,-1.1258071167815744,1.7067518468305658,-0.1416474822632683,-0.2820539962150039,-7.248982172974956,12.79181363236692,2,1,unknown,ROSTER_CHANGE
Christian Koloko,kolokch01,NOP,C,26.61738535249829,27.0,2.7037037037037037,2.442509064397459,0.0,5.981468757114664,3.0,3.3569431117068422,1.9909552225629032,4.700824564361696,0.6666666666666666,0.5595411083944031,0.0,1.5229822771121455,0.5185185185185185,0.5752872725408775,0.3010683213448698,0.8593290506130167,0.8518518518518519,0.7663466415319715,0.5531051380963029,0.9966814028377282,0.037037037037037035,0.0799336842504467,0.0,0.6614339518370989,0.5925925925925926,0.5570673975484358,0.1025177307284933,1.031475357333364,13.207407407407409,14.093667858766592,6.765979296595533,20.276973348437622,49.83063120403651,22.205223784105034,67.62004163708883,1.1481481481481481,0.6336263263884718,0.0,1.9319961626935267,2.740740740740741,1.4149691880092563,0.0,4.084800298801293,0.37037037037037035,0.6974755016386656,0.0,1.4945841186998972,0.5555555555555556,0.9256151603974572,0.0,1.8847591059651292,0.4478022078204623,0.7535264454173061,-3.1023418604272925,-0.8389984763868646,-1.7548059598393972,-1.5143849792503812,0.5996112274787916,-2.1998026422494465,2.1583277494616726,-0.1945999237441691,-0.4139726696287463,-7.260967534585834,10.777986805707387,2,1,unknown,ROSTER_CHANGE
Keshad Johnson,johnske10,MIA,SF,25.609856262833677,32.0,4.25,6.094420159691758,2.6083019456934093,9.633379852408963,1.9375,2.532740160798485,1.2795402625012933,3.765658924702021,0.25,0.8083199787584809,0.0,1.7717611474762234,0.46875,0.5399531185968053,0.2657341674007976,0.8239948966689444,0.25,0.2863718597687812,0.07313035633311257,0.5167066210745379,0.40625,0.6026540902334823,0.07457481826906565,1.1841543578201343,0.40625,0.5605854796144749,0.10603581279453239,1.034993439399403,8.734375,11.86876202803434,5.3840818845201275,17.340713788805164,54.14499938275708,30.329992986264426,69.48069803194012,1.59375,2.061083954495257,0.7839401479054662,3.3594537908003117,3.25,4.294030845641802,1.7081858233056377,6.963861956433838,0.65625,0.861508419417882,0.10420323910504703,1.6586170364791135,0.90625,1.1347124274548681,0.2051893563729803,2.09385637302254,0.4799881576507864,0.7592306196471507,-2.308742328324143,-1.2362634525574412,-1.6196709380391214,-1.6464404752194386,-0.6392393593461444,-1.5215547582054505,2.1527176326396,-0.046740277588252596,-0.4141332568147923,-7.280067213455182,12.264577776269945,2,0,,
Caleb Martin,martica02,DAL,SF,31.345653661875428,58.0,3.913793103448276,5.062184195558499,1.5760659815601508,8.601143888275704,2.4655172413793105,2.648215559911273,1.395015661614081,3.8811343238148086,1.396551724137931,1.576346834405165,0.6783843627546073,2.5397880031229074,0.6896551724137931,0.7223960219594036,0.44817707076339586,1.0064378000315428,0.25862068965517243,0.2695914700070984,0.05634996657142974,0.4999262313128551,0.3448275862068966,0.46871296435082455,0.0,1.0502132319374766,0.6896551724137931,0.7146448458566496,0.26009517903670704,1.1890528056415777,14.772413793103448,15.393426170009947,8.908746026495734,20.86537793078077,57.769914633863905,33.95490823737126,73.10561328304695,1.4655172413793103,1.7424029645784531,0.46525915798866224,3.040772800883508,3.2586206896551726,3.8171898004857323,1.2313447781495679,6.487020911277769,0.6379310344827587,0.6862512991487193,0.0,1.483359916209951,1.0517241379310345,1.0025622170913022,0.07303914600941441,1.9617061626589742,0.4564622289299669,0.6844974680371614,-2.5330582979028553,-1.1806044287377968,-1.2024838765771753,-0.9645906104195894,-0.6825507925573762,-1.6953480216337993,1.9070465465394941,-0.23373460209723315,-0.698229680760625,-7.283553764146957,12.865880749102631,2,0,,
Guerschon Yabusele,yabusgu01,NYK,C,31.12662559890486,67.0,5.567164179104478,5.31623954987861,1.830121335880261,8.855199242595814,3.4925373134328357,3.542397102279004,2.2891972039818125,4.77531586618254,0.9402985074626866,0.9461723480023095,0.04820987635175189,1.9096135167200519,0.3880597014925373,0.49466260375346593,0.22044365255745824,0.7787043818256051,0.23880597014925373,0.2991182828678497,0.08587677943218106,0.5294530441736064,1.0298507462686568,0.9111635320408442,0.3830842600764276,1.4926637996274965,0.6119402985074627,0.7021731149064314,0.2476234480864889,1.1765810746913594,15.031343283582089,15.256445051370305,8.771764907856092,20.728396812141128,59.83606701805035,36.021060621557695,75.1717656672334,1.8656716417910448,1.5553385342229877,0.27819472763319686,2.8537083705280426,4.656716417910448,3.72736436024286,1.1415193379066957,6.397195471034896,0.8059701492537313,0.8338303423278528,0.0765251620150178,1.6309389593890844,1.0746268656716418,1.0940864303923388,0.16456335931045096,2.053230375960011,0.4172756897105836,0.7621247455092206,-2.4778493387974336,-0.7496098433272628,-1.5447904512207589,-1.8157062063247533,-0.6063398939238323,-1.1212530410380732,1.9269346180201463,-0.5199134063027148,-0.397459091597314,-7.305986654511996,12.665544139574394,2,0,,
Jaylen Clark,clarkja02,MIN,SG,25.30321697467488,68.0,4.044117647058823,5.740566658318403,2.254448444320054,9.279526351035608,1.7647058823529411,2.0544914754175068,0.8012915771203148,3.2874102393210425,0.6323529411764706,1.1316677519306912,0.2337052802801336,2.0951089206484337,0.6911764705882353,0.7500812141133782,0.47586226291737055,1.0341229921855173,0.1323529411764706,0.17836354230830198,0.0,0.4086983036140587,0.4852941176470588,0.7074494993939573,0.17937022742954067,1.2889497669806094,0.3382352941176471,0.5514809148355089,0.09693124801556635,1.0258888746204369,13.049999999999999,15.453560399094222,8.968880255580011,20.925512159865047,60.56922701931361,36.75422062282095,75.90492566849666,1.4558823529411764,1.9822762844642252,0.7051324778744343,3.28064612076928,3.3529411764705883,4.455848313579135,1.8700032912429703,7.125679424371171,0.6470588235294118,0.9203966624368021,0.16309148212396707,1.7175052794980337,0.9852941176470589,1.2977515438803517,0.36822847279846393,2.2568954894480235,0.4448706834169526,0.7092240936079052,-2.3856384974244276,-1.4667788279174707,-1.444030585975658,-0.8611218309865637,-0.9180168546477745,-1.3855790746333732,2.1672362456410403,-0.3526099822586329,-0.6882345237065209,-7.33477393190938,12.137311411144978,2,0,,
Ochai Agbaji,agbajoc01,TOR,SG,26.784394250513348,62.0,5.064516129032258,6.417532508144522,2.931414294146173,9.956492200861726,2.274193548387097,2.3777137905843095,1.1245138922871176,3.6106325544878453,0.7580645161290323,0.9842581208585566,0.08629564920799893,1.947699289576299,0.3870967741935484,0.5234072198805343,0.2491882686845266,0.8074489979526734,0.27419354838709675,0.26924071151686924,0.0559992080812006,0.49957547282262593,0.5483870967741935,0.76789064919054,0.23981137722612333,1.349390916777192,0.5,0.6657093447578262,0.21115967793788365,1.1401173045427542,15.698387096774193,17.32752680422545,10.842846660711238,22.799478564996274,59.65521303091394,35.84020663442129,74.99091168009699,1.967741935483871,2.059389451231629,0.782245644641838,3.357759287536684,4.516129032258065,4.6328391171119385,2.046994094775774,7.302670227903976,0.5806451612903226,0.8902884788717622,0.1329832985589272,1.6873970959329938,0.6935483870967742,1.1042636838874063,0.17474061280551845,2.063407629455078,0.4445199583177906,0.8062281607755367,-2.238526542162405,-1.3109860038429841,-1.524102513625105,-1.7082780068238288,-0.6834561262914901,-1.3071545832810136,1.985081644288129,-0.3645397315220806,-0.20502771249975518,-7.356989575760535,12.459410687567912,2,0,,
Nick Smith Jr.,smithni01,LAL,SG,22.78986995208761,30.0,6.166666666666667,7.988744478611593,4.5026262646132444,11.527704171328798,0.7666666666666667,1.5446424315963425,0.2914425332991506,2.777561195499878,1.0333333333333334,1.3119010568405525,0.4139385851899948,2.275342225558295,0.3,0.5071692147754198,0.23295026357941206,0.7912109928475589,0.06666666666666667,0.17709556171187052,0.0,0.40743032301762716,1.1333333333333333,1.3047991218693316,0.7767198499049149,1.8862993894559836,0.7,0.8739012962182242,0.4193516293982817,1.3483092560031522,12.5,16.346513449113843,9.861833305599632,21.818465209884668,55.90398179985231,32.088975403359655,71.23968044903536,2.3333333333333335,3.085841115854057,1.808697309264266,4.384210952159112,5.366666666666666,6.888651839833486,4.302806817497322,9.558482950625523,0.36666666666666664,0.7451829004048225,0.0,1.542291517466054,0.5,0.9691405656561212,0.03961749457423336,1.9282845112237932,0.4479600925699634,0.7689110608019216,-1.8970852934408093,-1.7125255436031892,-1.346129057793276,-1.7689648375060651,-0.9212896068123804,-0.6104971898608252,1.6530879195302584,-0.4304249778348318,-0.36016388579689723,-7.393992473118016,12.98906001503168,2,0,,
Jase Richardson,richaja02,ORL,SG,21.295003422313485,54.0,4.425925925925926,6.43803090992685,2.951912695928501,9.976990602644054,1.1666666666666667,2.1670853613265617,0.9138854630293698,3.4000041252300974,1.0740740740740742,1.5063375930000822,0.6083751213495245,2.4697787617178246,0.35185185185185186,0.5715329750076223,0.29731402381161465,0.8555747530797615,0.037037037037037035,0.17079706250905513,0.0,0.4011318238148118,0.5185185185185185,0.8161962876058093,0.2881170156413927,1.3976965551924616,0.46296296296296297,0.7840838364809362,0.32953416966099364,1.2584917962658642,10.87037037037037,16.033956910235787,9.549276766721576,21.505908671006612,59.373569389762366,35.55856299326972,74.70926803894541,1.6481481481481481,2.7066848267876407,1.4295410201978498,4.005054663092696,3.4814814814814814,5.73527873474292,3.1494337124067555,8.405109845534957,0.6111111111111112,1.0393669491602453,0.2820617688474103,1.836475566221477,0.8518518518518519,1.3862226983283759,0.45669962724648805,2.345366643896048,0.47193605611375156,0.749783530751301,-2.234072019136289,-1.4125086905037225,-1.2405124292016456,-1.528416038931452,-0.9375465014035093,-1.2444763394865404,1.796315516934015,-0.10899121800727322,-0.4915279550224931,-7.401735674758908,12.740946009087944,1,0,,
Aaron Holiday,holidaa01,HOU,PG,30.338124572210816,57.0,5.473684210526316,6.030728300249545,2.5446100862511964,9.56968799296675,1.0175438596491229,1.242908691776105,0.0,2.4758274556796405,1.0526315789473684,1.6133814066888423,0.7154189350382847,2.5768225754065845,0.47368421052631576,0.5456589438319108,0.2714399926359031,0.82970072190405,0.08771929824561403,0.10755608619713036,0.0,0.337890847502887,1.1754385964912282,1.3126436671702653,0.7845643952058486,1.8941439347569173,0.6666666666666666,0.650620489217197,0.19607082239725443,1.125028449002125,13.7,15.432069333672652,8.94738919015844,20.904021094443475,57.709296643335826,33.89429024684317,73.04499529251888,1.8421052631578947,2.2236030866835086,0.9464592800937177,3.5219729229885637,4.421052631578948,5.152190188097822,2.5663451657616574,7.822021298889858,0.6140350877192983,0.643955255281533,0.0,1.4410638723427645,0.7192982456140351,0.7921133672490108,0.0,1.7512573128166828,0.43158404591125127,0.8129584500233507,-2.322583253947237,-1.857960896421859,-1.182366944115851,-1.6251159068562833,-1.1007761617777583,-0.600318619843763,2.009143118894268,-0.5221506078542865,-0.21057257609401547,-7.412701848016786,11.251315441284062,2,0,,
Tyler Kolek,kolekty01,NYK,PG,25.8507871321013,62.0,4.419354838709677,5.201424393629254,1.7153061796309053,8.74038408634646,1.5806451612903225,1.8354343571960468,0.5822344588988548,3.0683531210995825,2.7419354838709675,3.125689170587521,2.227726698936963,4.089130339305263,0.3548387096774194,0.5389649286158434,0.26474597741983574,0.8230067066879826,0.06451612903225806,0.09133482211784887,0.0,0.3216695834236055,0.7096774193548387,0.952147659895789,0.42406838793137236,1.5336479274824413,0.8870967741935484,0.926265807457002,0.4717161406370595,1.40067376724193,11.73225806451613,14.159160449012965,7.674480305498753,19.63111220978379,58.39447583582303,34.57946943933038,73.73017448500607,1.7419354838709677,2.2226749449293126,0.9455311383395217,3.5210447812343677,4.0,4.992918557474644,2.4070735351384793,7.662749668266681,0.22580645161290322,0.3478365598931668,0.0,1.1449451769543983,0.3225806451612903,0.45958697908560053,0.0,1.4187309246532727,0.44516547172632315,0.7568459850303557,-2.5027999062948867,-1.5723641340054122,-0.3608914613142227,-1.6501336701450655,-1.1426444500445676,-1.0680747115165221,1.5695847436901775,-0.3761622782095207,-0.350288505545688,-7.453774373385707,13.057112822889868,2,0,,
Jamal Cain,cainja01,ORL,SF,27.871321013004792,40.0,5.375,6.743531307533228,3.2574130935348795,10.282491000250433,1.95,2.3126695601182474,1.0594696618210555,3.545588324021783,0.725,1.1304803719571583,0.2325179003066007,2.0939215406749008,0.275,0.3950640798139239,0.12084512861791619,0.679105857886063,0.1,0.14443137462310474,0.0,0.37476613592886143,0.7,0.857418299463963,0.32933902749954636,1.438918567050615,0.475,0.6057164942795731,0.15116682745963056,1.0801244540645012,12.155,14.094320323004922,7.60964017949071,19.566272083775747,54.466000556482896,30.650994159990244,69.80169920566594,1.85,2.3042560508601775,1.0271122442703866,3.6026258871652326,3.8,4.8022173850641785,2.216372362728014,7.472048495856216,0.975,0.9651125587838257,0.20780737847099073,1.7622211758450574,1.15,1.1881473921934245,0.25862432111153666,2.1472913377610965,0.4798316831776208,0.8122835307513011,-2.1676834991884313,-1.3423372561500226,-1.444675562851603,-2.1879390464669117,-1.0055983015200998,-1.1909893472076571,2.08074936702863,-0.03800632820920508,-0.1692878997953433,-7.465767874360642,12.227225206642377,2,0,,
Julian Phillips,phillju01,HOU,SF,23.241615331964407,48.0,2.9166666666666665,5.916388642090786,2.4302704280924377,9.455348334807992,1.0208333333333333,2.06727640606619,0.7012885169222509,3.411157858721044,0.20833333333333334,0.7952057197478695,0.0,1.758646888465612,0.4583333333333333,0.5997231010472096,0.3255041498512019,0.8837648791193488,0.14583333333333334,0.23550397676777707,0.02226247333210843,0.4658387380735337,0.4166666666666667,0.6996682258813686,0.17158895391695195,1.2811684934680208,0.22916666666666666,0.5343651423416031,0.07981547552166063,1.0087731021265312,8.895833333333334,13.512929116227959,6.185240554056899,19.69623460589899,56.86776615388656,29.242358733955093,74.65717658693889,1.0625,1.9240271297335654,0.6468833231437745,3.2223969660386205,2.5208333333333335,4.34252947839288,1.7566844560567154,7.012360589184917,0.375,0.9186329908958295,0.1613278105829945,1.715741607957061,0.4791666666666667,1.1769239657662016,0.2474008946843138,2.136067911333874,0.44306599167764904,0.7805372459195192,-2.347430490598904,-1.4606165044704436,-1.6267945159969275,-1.4230601534762561,-0.7705331462297808,-1.3956755473072413,2.194529947546904,-0.3625089738886034,-0.31884618113464963,-7.5109355655559025,11.561245000095376,2,1,unknown,ROSTER_CHANGE
Anthony Gill,gillan01,WAS,PF,34.29158110882957,55.0,5.836363636363636,4.188319371115888,0.7022011571175395,7.727279063833093,2.8727272727272726,2.3811454206872233,1.1279455223900314,3.614064184590759,1.2545454545454546,1.1356466398499134,0.23768416819935578,2.099087808567656,0.5636363636363636,0.49945109891128564,0.22523214771527794,0.7834928769834248,0.38181818181818183,0.30526684465350834,0.0920253412178397,0.535601605959265,0.3090909090909091,0.26638255707942504,0.0,0.8478828246660772,0.6545454545454545,0.47057257052742396,0.01602290370748144,0.944980530312352,17.287272727272725,14.922985932883709,8.438305789369497,20.394937693654533,55.482138054080046,31.667131657587394,70.8178367032631,2.4545454545454546,1.3567871935777187,0.07964338698792783,2.6551570298827736,3.909090909090909,2.3493493932906393,0.0,5.0191805040826765,0.6181818181818182,0.4567080683851315,0.0,1.253816685446363,0.8363636363636363,0.6007734146036107,0.0,1.5599173601712826,0.5775161401928903,0.7602001974179678,-2.7229585166383745,-1.3093319616564598,-1.441869280616734,-1.7978100058380457,-0.5904699989507861,-1.957878753242621,2.2962569037520377,0.36679922637897566,-0.3578866949982335,-7.51514908181024,10.692745095882383,2,0,,
Malevy Leons,leonsma01,GSW,SF,27.359342915811087,25.0,3.32,4.104682550199653,0.6185643362013047,7.643642242916858,2.12,2.342553340140168,1.0893534418429762,3.575472104043704,0.92,1.1686111959583758,0.27064872430781817,2.132052364676118,0.56,0.5849331609908777,0.31071420979486997,0.8689749390630168,0.36,0.3245597229704456,0.11131821953477697,0.5548944842762022,0.16,0.4028781025168726,0.0,0.9843783701035248,0.52,0.48708765770740003,0.03253799088745751,0.9614956174923281,11.064,12.24853850181925,5.763858358305037,17.720490262590072,49.663438762882265,25.848432366389613,64.99913741206531,1.28,1.4623008477220778,0.18515704113228693,2.760670684027133,2.88,3.1870684902852937,0.6012234679491293,5.85689960107733,0.6,0.7304375320934555,0.0,1.5275461491546871,0.76,0.9336961647990725,0.004173093717184662,1.8928401103667445,0.45882316372535137,0.7823075210452884,-2.7411336967601594,-1.327933304859614,-1.4239631537747146,-1.4783350830127875,-0.5406736460326612,-1.7807710417112974,2.269921085920847,-0.2022549197246548,-0.3082890329629917,-7.533432792918033,10.910054346481989,2,0,,
Tyus Jones,jonesty01,DEN,PG,30.729637234770706,67.0,2.970149253731343,4.387363828460389,0.9012456144620402,7.9263235211775935,1.1343283582089552,1.5129693970854565,0.14698150794151732,2.8568508497403107,2.373134328358209,2.5884537387859288,1.6904912671353711,3.551894907503671,0.5522388059701493,0.687187298028903,0.4129683468328953,0.9712290761010421,0.04477611940298507,0.06888584678241347,0.0,0.29922060808817014,0.5970149253731343,0.8117238336163732,0.2836445616519566,1.3932241012030255,0.373134328358209,0.6274191732876113,0.1728695064676688,1.1018271330725393,14.5955223880597,17.216526900366002,9.888838338194944,23.399832390037034,59.89828861342482,32.27288119349333,77.68769904647715,1.1343283582089552,1.4321660451633635,0.15502223857357267,2.7305358814684184,3.253731343283582,3.705155820230791,1.1193107978946264,6.3749869310228275,0.1044776119402985,0.41348468880019185,0.0,1.2105933058614236,0.13432835820895522,0.5305787526450336,0.0,1.4897226982127056,0.3865332835244039,0.7793087957987271,-2.6797040167082247,-1.7277919137203426,-0.6527141618600635,-1.09617733267249,-1.2005869239507154,-1.2502795038935515,2.0461411451902674,-0.7426293567731456,-0.3108168602261794,-7.614558924614444,11.726407974288167,2,1,unknown,ROSTER_CHANGE
Larry Nance Jr.,nancela02,IND,PF,34.08350444900753,35.0,3.742857142857143,4.376080681495768,0.8899624674974196,7.915040374212973,2.657142857142857,2.7741602139363755,1.4081723247924363,4.118041666591229,0.9714285714285714,1.0027004755005917,0.10473800385003407,1.9661416442183342,0.6,0.6247290996928813,0.35051014849687356,0.9087708777650204,0.17142857142857143,0.22330222429368857,0.010060720858019928,0.4536369855994452,0.6,0.557836338366271,0.029757066401854382,1.139336605952923,0.5714285714285714,0.5702362792958507,0.11568661247590822,1.0446442390807789,12.817142857142859,13.59630159309208,6.2686130309210215,19.77960708276311,50.72186981500188,23.096462395070407,68.5112802480542,1.4857142857142858,1.4518681539675802,0.1747243473777893,2.750237990272635,3.5428571428571427,3.287772030099262,0.7019270077630977,5.957603140891299,0.17142857142857143,0.30609040640264684,0.0,1.1031990234638784,0.37142857142857144,0.4287245544190525,0.0,1.3878684999867246,0.4415963578605377,0.713955856382935,-2.6821559658159977,-1.1198992347986683,-1.5140847496849736,-1.3296044120827444,-0.8020267762852764,-1.5797073480481578,2.1373279650245114,-0.3163289091647262,-0.4198780460446744,-7.626357476900708,11.182981344134165,2,1,unknown,ROSTER_CHANGE
Jalen Pickett,pickeja02,LAC,SG,27.279945242984258,50.0,5.2,5.315715336111961,1.8295971221136127,8.854675028829167,2.28,2.0845973525652015,0.7186094634212623,3.428478805220055,2.3,2.1527249715672374,1.2547624999166798,3.11616614028498,0.26,0.42996064365307596,0.15574169245706826,0.7140024217252151,0.1,0.09493038743124568,0.0,0.32526514873700235,0.98,1.128063897535132,0.5999846255707154,1.709564165121784,0.68,0.6894351862170953,0.2348855193971528,1.1638431460020233,16.13,16.637732609999944,9.310044047828885,22.821038099670975,57.186531811074666,29.561124391143185,74.975942244127,1.96,2.0816053892567195,0.8044615826669286,3.3799752255617745,4.64,4.768869100568123,2.1830240782319588,7.43870021136016,0.3,0.45677277841456787,0.0,1.2538813954757995,0.38,0.5838788022953507,0.0,1.5430227478630227,0.43649874747216993,0.7823075210452884,-2.477963256083227,-1.452267826040455,-0.8893991197543312,-2.0575189703929464,-1.1333640287230433,-0.8398172825311737,1.9472471822744724,-0.44690305069705016,-0.3050013946966874,-7.6549877466444425,11.93155752357693,2,1,unknown,ROSTER_CHANGE
Kam Jones,joneska03,MIL,SG,24.933607118412045,37.0,4.378378378378378,5.315190371563517,1.8290721575651685,8.854150064280722,1.6216216216216217,1.928237676658865,0.5622497875149257,3.2721191293137193,3.2162162162162162,3.028571733786109,2.1306092621355512,3.9920129025038515,0.4864864864864865,0.6671741517583327,0.392955200562325,0.9512159298304719,0.0,0.05793623743949626,0.0,0.2882709987452529,0.5945945945945946,0.7249029435374799,0.19682367157306324,1.306403211124132,0.972972972972973,1.01516888791697,0.5606192210970276,1.489576847701898,16.654054054054054,18.01557546253245,10.687886900361391,24.19888095220348,55.72824163321918,28.102834213287704,73.51765206627152,1.837837837837838,2.044642973444661,0.7674991668548701,3.343012809749716,4.5675675675675675,4.7861166232592876,2.200271600923123,7.455947734051325,0.10810810810810811,0.38913421038200763,0.0,1.1862428274432393,0.21621621621621623,0.5251324885009476,0.0,1.4842764340686196,0.42720291509576375,0.7410210164159466,-2.4780773365219737,-1.527633029300782,-0.41364500473267823,-1.1709731226281406,-1.2288486795165932,-1.3629326245921471,1.4278152630867558,-0.5359301443213537,-0.39052076452677903,-7.6807454430536914,13.332095463909834,1,1,unknown,ROSTER_CHANGE
Jonathan Isaac,isaacjo01,ORL,PF,29.3305954825462,52.0,2.576923076923077,4.169854106636361,0.6837358926380124,7.708813799353566,2.5384615384615383,3.0856184146370587,1.8324185163398667,4.318537178540595,0.4230769230769231,0.6889798504568789,0.0,1.6524210191746214,0.38461538461538464,0.5073894532861037,0.23317050209009604,0.7914312313582429,0.5961538461538461,0.581728696526148,0.3684871930904794,0.8120634578319047,0.1346153846153846,0.3205792319229446,0.0,0.9020794995095968,0.34615384615384615,0.4631926732804755,0.008643006460532954,0.9376006330654035,10.009615384615385,12.811493474492814,6.326813330978601,18.28344523526364,54.73236958669834,30.917363190205688,70.06806823588138,0.8846153846153846,1.4015243955556136,0.12438058896582271,2.6998942318606685,2.0961538461538463,3.15245603205022,0.5666110097140558,5.8222871428422565,0.6730769230769231,0.8708308521063792,0.11352567179354422,1.6679394691676108,1.1153846153846154,1.2712993372956873,0.34177626621379953,2.2304432828633596,0.44458174239598297,0.6849927680752307,-2.7269712170762346,-0.9697767018192331,-1.6844956991455748,-1.7681417328746114,0.12309858931747865,-1.8875566850507195,2.3080252721167045,-0.2901949187265311,-0.8026057819463597,-7.69861887520508,11.710227756042428,2,0,,
Bronny James,jamesbr02,LAL,SG,22.321697467488022,42.0,2.9047619047619047,5.8379373434352715,2.351819129436923,9.376897036152476,0.5476190476190477,1.3676849002649965,0.11448500196780453,2.600603664168532,1.2142857142857142,1.6982503904464217,0.800287918795864,2.661691559164164,0.4523809523809524,0.6055315360379064,0.33131258484189874,0.8895733141100456,0.09523809523809523,0.18191318410844387,0.0,0.4122479454142005,0.5238095238095238,0.8908906476806846,0.362811375716268,1.472390915267337,0.5952380952380952,0.8002725159048253,0.34572284908488277,1.2746804756897534,8.94047619047619,13.320993104650698,6.836312961136486,18.79294486542152,55.50293313125594,31.68792673476329,70.83863178043899,1.119047619047619,2.0231765307660505,0.7460327241762597,3.3215463670711056,2.738095238095238,4.631539003070316,2.045693980734151,7.301370113862353,0.14285714285714285,0.6467468978737214,0.0,1.443855514934953,0.16666666666666666,0.8195912254065623,0.0,1.7787351709742343,0.4368259728407462,0.789109104423244,-2.3644788009989366,-1.7978188920316005,-1.1362666786332414,-1.401352098297842,-0.908854965327319,-1.147557812696812,1.7705002059042303,-0.4348719123693559,-0.2850862409296696,-7.7057871953805455,11.588596453957125,2,0,,
Jalen Wilson,wilsoja03,ATL,PF,26.24229979466119,54.0,6.351851851851852,7.506116460435785,4.019998246437437,11.04507615315299,2.111111111111111,2.5611736892708095,1.1951858001268703,3.905055141925663,0.9259259259259259,1.2272657322796043,0.3293032606290467,2.1907069009973466,0.4074074074074074,0.5492647000264665,0.27504574883045885,0.8333064780986057,0.037037037037037035,0.1523716693995027,0.0,0.38270643070525934,1.0,1.0877141902783185,0.5596349183139019,1.6692144578649706,0.7037037037037037,0.8227915984653013,0.36824193164535873,1.2971995582502294,15.914814814814815,17.474643826517113,10.146955264346055,23.657949316188144,59.28066396792803,31.655256547996547,77.07007440098036,2.037037037037037,2.4300062246873257,1.1528624180975349,3.728376060992381,5.148148148148148,5.85366106573991,3.2678160434037458,8.523492176531947,1.2777777777777777,1.3237674936486963,0.5664623133358613,2.120876110709928,1.7777777777777777,1.789881941620641,0.8603588705387533,2.749025887188313,0.41512588402317585,0.7395836914529104,-2.001965549123301,-1.2225585210250385,-1.3921024011599346,-1.6116399956070926,-0.9851038105237855,-0.8921724292893368,1.734590104457275,-0.7654434206553125,-0.619918155466082,-7.756314178392609,13.70254099579277,2,1,unknown,ROSTER_CHANGE
Dalton Knecht,knechda01,LAL,SF,25.78781656399726,54.0,4.222222222222222,6.49798696402817,3.0118687500298216,10.036946656745375,1.3888888888888888,2.1680112040712625,0.9148113057740705,3.400929967974798,0.3888888888888889,0.7833940810584707,0.0,1.746835249776213,0.2037037037037037,0.40137963669146615,0.12716068549545845,0.6854214147636053,0.2037037037037037,0.26701610023546607,0.05377459679979743,0.49735086154122277,0.7037037037037037,0.8946384662576593,0.3665591942932427,1.4761387338443115,0.42592592592592593,0.588654840328041,0.13410517350809853,1.0630628001129692,10.242592592592594,13.46903024452092,6.984350101006707,18.940982005291744,57.31318050309277,33.49817410660012,72.64887915227581,1.6111111111111112,2.2699590312477502,0.9928152246579593,3.568328867552805,3.537037037037037,4.932571642721189,2.346726620385025,7.602402753513227,0.2962962962962963,0.6891972084545122,0.0,1.4863058255157438,0.4074074074074074,0.9025628219988929,0.0,1.8617067675665648,0.4601978837139534,0.763600263223957,-2.22104292416657,-1.4120624352512925,-1.63321051929115,-2.1643357079773384,-0.689198013357514,-1.1426948879084953,2.1079567686892866,-0.226743611181962,-0.3750265300549303,-7.756357860499968,11.691223900954148,2,0,,
Keaton Wallace,wallake01,ATL,PG,27.9315537303217,53.0,3.509433962264151,4.608990843921167,1.1228726299228184,8.147950536638373,1.0566037735849056,1.3584300640094698,0.10523016571227783,2.5913488279130057,1.7735849056603774,2.254760303614148,1.3567978319635905,3.2182014723318906,0.4528301886792453,0.59634548895704,0.3221265377610323,0.8803872670291791,0.09433962264150944,0.1192691128892067,0.0,0.34960387419496336,0.7169811320754716,0.8883417450801101,0.3602624731156935,1.4698420126667622,0.5283018867924528,0.644000065194051,0.18945039837410843,1.118408024978979,10.111320754716981,12.48604277573859,6.001362632224377,17.957994536509414,58.09340826932025,34.2784018728276,73.4291069185033,1.2830188679245282,1.7351800753979516,0.45803626880816073,3.0335499117030063,3.2264150943396226,4.0919220836997905,1.506077061363626,6.761753194491828,0.22641509433962265,0.3200376046069982,0.0,1.1171462216682297,0.33962264150943394,0.42689075196921544,0.0,1.3860346975368874,0.42405012605446657,0.749694396354778,-2.6315420841798765,-1.8022797136052944,-0.833974208465126,-1.4356834142585695,-1.070543969291166,-1.150865102360055,2.01970039171631,-0.5029857336280228,-0.3587962438001763,-7.766970077871978,11.124091116498443,2,0,,
Jericho Sims,simsje01,MIL,C,28.28473648186174,67.0,4.985074626865671,4.352532981426455,0.8664147674281062,7.8914926741436595,5.522388059701493,5.151268389561598,3.8980684912644064,6.384187153465134,1.5522388059701493,1.5733884925440462,0.6754260208934886,2.5368296612617884,0.2835820895522388,0.3197327313216241,0.04551378012561641,0.6037745093937632,0.2537313432835821,0.3054171295591853,0.09217562612351668,0.535751890864942,0.0,0.0,0.0,0.5359963806643362,1.1194029850746268,0.9296733034830116,0.47512363666306906,1.4040812632679396,19.66865671641791,18.227018509041354,11.742338365527143,23.69897026981218,59.70224589948976,35.887239502997105,75.03794454867281,2.1641791044776117,1.1162060983331266,0.0,2.414575934638181,2.7611940298507465,1.657579942015463,0.0,4.3274110528075,0.6567164179104478,0.6060883657379535,0.0,1.403196982799185,1.0597014925373134,0.8837958850468837,0.0,1.8429398306145557,0.6733950321430191,0.6857786690258257,-2.687273134134031,0.025864465396622523,-1.2040908281294105,-2.4694773734610815,-0.5900821024390049,-2.303519374150795,1.564150973124903,0.5335692804346318,-0.646501478619863,-7.777359571978026,13.83991406687586,2,0,,
Drew Eubanks,eubandr01,SAC,C,29.998631074606433,42.0,5.214285714285714,4.726371759734385,1.2402535457360364,8.26533145245159,3.0238095238095237,3.526385126302723,2.2731852280055307,4.759303890206258,0.4523809523809524,0.5916501025411974,0.0,1.5550912712589398,0.35714285714285715,0.4148399477523915,0.14062099655638383,0.6988817258245307,0.6190476190476191,0.6351319227415518,0.4218904193058832,0.8654666840473085,0.023809523809523808,0.040615442052953546,0.0,0.6221157096396057,0.7142857142857143,0.6579115785818561,0.2033619117619136,1.1323195383667841,13.147619047619049,14.506539424888313,8.021859281374102,19.978491185659138,52.786534878993386,28.971528482500734,68.12223352817644,2.2142857142857144,1.6535653011405955,0.37642149455080465,2.95193513744565,3.7142857142857144,3.025443296716879,0.43959827438071475,5.695274407508916,0.7619047619047619,0.8523261648960236,0.09502098458318864,1.6494347819572552,1.3571428571428572,1.2848676132289887,0.3553445421471009,2.244011558796661,0.5465530631279705,0.6633571864684571,-2.6060339495521627,-0.757327599309149,-1.7373645685441401,-2.114030044627884,0.2609362854819808,-2.250819427264043,1.9975163682022457,0.3255953532440106,-0.9183345296397419,-7.799862112008883,12.33751309800942,2,0,,
Jordan Hawkins,hawkijo01,NOP,SG,24.761122518822724,51.0,5.0588235294117645,7.525730494545611,4.039612280547262,11.064690187262816,1.7254901960784315,2.132449251097488,0.879249352800296,3.3653680150010237,0.8235294117647058,1.1533822586981621,0.2554197870476045,2.1168234274159046,0.2549019607843137,0.462605439715113,0.18838648851910528,0.7466472177872521,0.19607843137254902,0.2472081449773118,0.03396664154164317,0.4775429062830685,0.9215686274509803,1.1973274007879322,0.6692481288235156,1.7788276683745843,0.6666666666666666,0.8252260915905897,0.37067642477064716,1.2996340513755178,13.568627450980392,16.3501346508371,9.865454507322887,21.822086411607923,56.86509705420638,33.050090657713724,72.20079570338943,1.8431372549019607,2.415482578932005,1.138338772342214,3.71385241523706,5.03921568627451,6.119373148598492,3.5335281262623277,8.789204259390528,0.45098039215686275,0.8916738193051161,0.13436863899228113,1.6887824363663477,0.5294117647058824,1.1077726574697346,0.17824958638784683,2.0669166030374067,0.3947271265007296,0.8049249214561676,-1.9977032086976887,-1.4292032600750033,-1.4322354108423758,-1.9355145001117429,-0.7403238181450529,-0.7499454811150055,1.7307079349742938,-1.0407454843182642,-0.2104588190469566,-7.805422047377796,13.118957646396524,2,0,,
Ariel Hukporti,hukpoar01,PHI,C,24.810403832991103,54.0,2.1666666666666665,3.6768341490099044,0.1907159350115557,7.215793841727109,2.9444444444444446,3.654415154318839,2.2884272651749,4.9982966069736925,0.5370370370370371,0.8726136244396934,0.0,1.8360547931574356,0.16666666666666666,0.3257700127592073,0.05155106156319961,0.6098117908313465,0.48148148148148145,0.546972369708723,0.33373086627305437,0.7773071310144797,0.018518518518518517,0.21437693284415024,0.0,0.7958772004308025,0.5925925925925926,0.6733498152108737,0.21880014839093115,1.1477577749958017,9.227777777777778,12.203911340350444,4.876222778179385,18.387216830021476,52.52243455356855,24.897027133637078,70.31184498662088,0.8333333333333334,1.1639255315979609,0.0,2.4622953679030157,1.4814814814814814,2.2792874464717623,0.0,4.949118557263799,0.48148148148148145,0.8784971525562532,0.12119197224341816,1.6756057696174849,0.6111111111111112,1.122132042182458,0.1926089711005703,2.0812759877501303,0.510653245337558,0.7828821560496977,-2.8341097528949275,-0.6956172572472993,-1.584747058860657,-2.4469140429280585,0.03338992646758308,-2.025357857161719,1.9728977523229672,0.05082522649975138,-0.3075001105509632,-7.837133174353323,11.315930103044971,2,1,unknown,ROSTER_CHANGE
Gary Harris,harriga01,DET,SG,32.38329911019849,48.0,2.6666666666666665,3.56626376483332,0.08014555083497132,7.105223457550525,1.2708333333333333,1.4028312222164814,0.03684333307254217,2.7467126748713357,1.0625,1.2242597682562206,0.326297296605663,2.187700936973963,0.5625,0.5827849364564442,0.30856598526043655,0.8668267145285834,0.1875,0.18470407412744322,0.0,0.41503883543319986,0.5833333333333334,0.7773671583477701,0.24928788638335353,1.3588674259344224,0.3958333333333333,0.4257866851794419,0.0,0.90019464496437,13.762500000000001,15.079117639911509,7.75142907774045,21.26242312958254,54.05778068095128,26.43237326101981,71.8471911140036,0.9583333333333334,1.2344307018989509,0.0,2.5328005382040057,2.1666666666666665,2.710185219104442,0.12434019676827779,5.380016329896479,0.16666666666666666,0.3466068766523513,0.0,1.143715493713583,0.1875,0.4352947149531903,0.0,1.3944386605208623,0.45547835372921786,0.7962579483411001,-2.8581378857977446,-1.7808784009339258,-1.3937352207528377,-1.4863637132382777,-0.9016514707497496,-1.2948584834723074,2.3676748081856958,-0.20981271054651132,-0.2794974238317783,-7.837260501137437,8.962731230449648,2,1,unknown,ROSTER_CHANGE
Bogdan Bogdanović,bogdabo01,HOU,SG,34.455852156057496,23.0,7.434782608695652,5.917038250932022,2.430920036933673,9.455997943649226,2.5652173913043477,1.8752866761357518,0.5092987869918126,3.2191681287906055,2.217391304347826,1.778409620015053,0.8804471483644953,2.7418507887327954,0.43478260869565216,0.47497604839188845,0.20075709719588075,0.7590178264640276,0.13043478260869565,0.08809899234443676,0.0,0.31843375365019344,1.434782608695652,1.3551921231762463,0.8271128512118296,1.9366923907628983,1.173913043478261,0.9263788474512482,0.4718291806313057,1.4007868072361762,19.66086956521739,17.553672422464988,10.22598386029393,23.73697791213602,51.5393026414654,23.913895221533924,69.32871307451772,2.5652173913043477,2.13811973396615,0.8609759273763593,3.4364895702712053,6.608695652173913,5.087032311289089,2.501187288952925,7.756863422081127,0.8695652173913043,0.6335999825689723,0.0,1.4307085996302038,1.0869565217391304,0.8057074938758726,0.0,1.7648514394435446,0.4203078736538113,0.7863895860283321,-2.3472893236156445,-1.5531553571908234,-1.0927247201887895,-1.889281417331937,-1.1509963671993215,-0.5451105202075451,1.5694044842302264,-0.6305496672998541,-0.2940292907600923,-7.933732179563782,11.59784296707523,2,1,unknown,ROSTER_CHANGE
Gabe Vincent,vincega01,LAL,PG,30.633812457221083,53.0,4.3584905660377355,4.464141414763026,0.9780232007646776,8.003101107480232,1.0188679245283019,0.9844607157297836,0.0,2.217379479633319,1.4339622641509433,1.7536890689447313,0.8557265972941737,2.7171302376624737,0.5094339622641509,0.583519277153239,0.30930032595723134,0.8675610552253782,0.05660377358490566,0.045274163474492334,0.0,0.275608924780249,1.1132075471698113,1.2090155160824545,0.6809362441180379,1.7905157836691066,0.5094339622641509,0.5278478408337856,0.07329817401384303,1.0022558006187137,16.581132075471697,16.849535227754476,10.364855084240265,22.3214869885253,57.57182351908587,33.75681712259322,72.90752216826891,1.4339622641509433,1.473225171573885,0.19608136498409423,2.7715950078789398,4.0754716981132075,3.787408916274194,1.2015638939380295,6.457240027066231,0.37735849056603776,0.4483382686592659,0.0,1.2454468857204974,0.4339622641509434,0.5549190747794273,0.0,1.5140630203470993,0.3889796967112672,0.8079345061934918,-2.663019421991695,-1.9825325555407933,-1.1061527585222457,-1.4836192375935802,-1.2615304335544653,-0.7347797455205368,2.2049227758372036,-0.7378568857358554,-0.24827331543267167,-8.012841578054639,9.634560358105272,2,0,,
JD Davison,davisjd01,ORL,PG,24.331279945242983,28.0,2.4642857142857144,4.876112028524279,1.3899938145259303,8.415071721241484,1.2142857142857142,1.8683825073883502,0.502394618244411,3.2122639600432046,1.25,2.0076687695451416,1.109706297894584,2.971109938262884,0.21428571428571427,0.43630647505869224,0.16208752386268455,0.7203482531308314,0.21428571428571427,0.2480435489564053,0.03480204552073665,0.47837831026216193,0.2857142857142857,0.6286341764084232,0.10055490444400661,1.2101344439950754,0.25,0.5271025608835856,0.07255289406364313,1.0015105206685138,7.796428571428572,12.273933827002638,4.946245264831579,18.457239316673668,50.602943165399466,22.977535745467993,68.39235359845179,0.8571428571428571,1.837868998282008,0.5607251916922171,3.136238834587063,2.2857142857142856,4.25015205023049,1.6643070278943255,6.919983161022527,0.4642857142857143,0.7038944832135972,0.0,1.5010031002748287,0.6785714285714286,0.9343872478436447,0.004864176761756878,1.8935311934113166,0.4324242936631734,0.7533220137989116,-2.5734937797211432,-1.556483159438912,-0.9681926804527706,-2.0338024859136214,-0.7381675783819263,-1.4878446939459615,2.2061112380468075,-0.4469782759247869,-0.4158157265937873,-8.014667142326102,11.65562170286972,2,1,unknown,ROSTER_CHANGE
DaRon Holmes,holmeda01,DEN,PF,24.465434633812457,25.0,3.72,5.278698697807443,1.7925804838090946,8.817658390524649,1.4,2.4552029793396613,1.2020030810424693,3.688121743243197,0.64,0.9210397338327951,0.02307726218223749,1.8844809025505374,0.04,0.2819251934162614,0.0077062422202536784,0.5659669714884006,0.24,0.3361271328639076,0.12288562942823897,0.5664618941696643,0.8,0.8719641196431124,0.34388484767869576,1.4534643872297646,0.48,0.7010986782513149,0.24654901143137237,1.175506638036243,8.384,12.638472064823581,6.153791921309369,18.110423825594406,53.57268020556623,29.757673809073577,68.90837885474927,1.24,1.9278627739538783,0.6507189673640874,3.226232610258933,2.44,3.9835155305403553,1.397670508204191,6.6533466413323925,0.44,0.6279564279709671,0.0,1.4250650450321987,0.56,0.8041184362772683,0.0,1.7632623818449402,0.483960150066835,0.7809252961269517,-2.486007369445228,-1.2736362944171136,-1.5584423194792039,-2.6107767286788173,-0.5108173013265549,-1.1721156402597928,1.9286479706480764,-0.021726557139610816,-0.3114837033119709,-8.016357943410217,10.759560174353423,1,0,,
Nick Richards,richani01,MIA,C,29.17453798767967,48.0,5.75,5.64518703864544,2.159068824647091,9.184146731362645,5.0625,5.104354981522789,3.73836709237885,6.448236434177643,0.3333333333333333,0.4967912645567416,0.0,1.4602324332744838,0.20833333333333334,0.334562559697799,0.060343608501791324,0.6186043377699382,0.6666666666666666,0.6592228012666871,0.4459812978310185,0.8895575625724438,0.10416666666666667,0.11272669834579863,0.0,0.6942269659324508,1.2291666666666667,1.0839752202032542,0.6294255533833117,1.5583831799881822,14.602083333333333,15.287888227862016,7.960199665690958,21.471193717533048,53.18933800885605,25.563930588924574,70.97874844190838,2.1458333333333335,1.7546896271393007,0.4775458205495098,3.0530594634443555,4.1875,3.523012865539298,0.9371678432031336,6.192843976331335,1.3541666666666667,1.407960249338065,0.65065506902523,2.2050688663992966,2.1041666666666665,2.0446585365094543,1.1151354654275665,3.003802482077126,0.4980650636570114,0.6886040990206947,-2.4063655139287934,0.003252250885526675,-1.7888912561612136,-2.414053367994543,0.3231166335585115,-2.1572525673585132,1.3180931034047259,0.06356685340598851,-1.0793338335900464,-8.137867697778358,14.412980775998106,2,1,unknown,ROSTER_CHANGE
Dwight Powell,poweldw01,DAL,C,35.53730321697468,63.0,3.3333333333333335,2.301414080101443,0.0,5.840373772818648,4.079365079365079,3.887869997513806,2.6346700992166143,5.120788761417342,1.0793650793650793,1.0656154763890882,0.1676530047385305,2.0290566451068304,0.5396825396825397,0.481612628908165,0.20739367771215728,0.7656544069803042,0.3333333333333333,0.3580424101822053,0.14480090674653665,0.588377171487962,0.031746031746031744,0.0,0.0,0.527623640778587,0.6507936507936508,0.5723236286263214,0.11777396180637884,1.0467315884112494,14.363492063492064,13.946262931804409,7.461582788290197,19.418214692575233,54.19641090346924,30.38140450697659,69.53210955265229,1.0317460317460319,0.6880319172128875,0.0,1.9864017535179423,1.6031746031746033,1.2356808485174393,0.0,3.905511959309476,1.2380952380952381,0.7742689503660268,0.01696377005319183,1.5713775674272585,1.7777777777777777,1.0722551499564266,0.14273207887453876,2.0313990955240984,0.5568039012973156,0.7220939441489191,-3.133003317017433,-0.5830922625035393,-1.4799097411555557,-1.8644783066361874,-0.45425234167082146,-2.303519374150795,2.1339993691098633,0.07927825549223093,-0.5659067014775101,-8.170884420009747,10.51192278034643,2,0,,
Blake Wesley,weslebl01,POR,SG,23.88227241615332,31.0,4.774193548387097,6.007727723510207,2.5216095095118587,9.546687416227412,1.2580645161290323,1.8979186028348822,0.6447187045376903,3.130837366738418,2.0,2.2528525928349024,1.3548901211843447,3.216293761552645,0.5161290322580645,0.653051652579713,0.3788327013837053,0.9370934306518521,0.16129032258064516,0.22658819970613914,0.013346696270470498,0.4569229610118958,0.3225806451612903,0.5572986360262295,0.029219364061812914,1.1387989036128818,1.0,1.0596556521216853,0.6051059853017429,1.5340636119066133,11.641935483870967,15.104644086262846,8.619963942748633,20.57659584703367,53.76889165311742,29.95388525662477,69.10459030230047,1.8064516129032258,2.389819864274204,1.112676057684413,3.688189700579259,4.0,5.201440103386374,2.6155950810502095,7.87127121417841,0.8387096774193549,1.0156316658431686,0.25832648553033355,1.8127402829044001,1.5161290322580645,1.5161196637246703,0.5865965926427825,2.4752636092923423,0.4594535007176806,0.6698888551765455,-2.3275815264851314,-1.5422467917568907,-0.8350104642265769,-1.2237536034147225,-0.7935454295089885,-1.580405035512057,1.356874352801096,-0.23949783792437765,-0.9903972720717348,-8.175563608099383,13.243772840900291,2,0,,
Lachlan Olbrich,olbrila01,CHI,C,23.091033538672143,37.0,2.4054054054054053,4.170154902577247,0.6840366885788982,7.7091145952944515,3.027027027027027,4.13551512281735,2.882315224520158,5.368433886720886,1.135135135135135,1.4565916156785275,0.5586291440279698,2.4200327843962697,0.32432432432432434,0.5338186181601169,0.2595996669641092,0.817860396232256,0.21621621621621623,0.39023186097429613,0.1769903575386275,0.6205666222800528,0.05405405405405406,0.1386915803035041,0.0,0.7201918478901563,0.43243243243243246,0.7498438180194629,0.29529415119952035,1.2242517778043909,9.31081081081081,13.762033748363312,7.277353604849099,19.233985509134136,52.512697192436576,28.697690795943924,67.84839584161962,0.972972972972973,1.3945402870345436,0.1173964804447527,2.6929101233395984,2.081081081081081,2.9768550700482743,0.3910100477121099,5.646686180840311,0.40540540540540543,0.7932424297178274,0.03593724940499243,1.590351046779059,1.0810810810810811,1.322579690119694,0.3930566190378062,2.2817236356873662,0.4684609274619234,0.5997690994680545,-2.7269058508852964,-0.46372756635188633,-1.2675341120318084,-1.6693671455161583,-0.3711689766305534,-2.1235622310990228,1.8509164329879917,-0.14101474109625753,-1.2703693890191832,-8.182733579642173,13.339968092859635,1,0,,
Jamison Battle,battlja01,TOR,SF,25.730321697467488,61.0,3.1475409836065573,5.729209350867625,2.243091136869276,9.26816904358483,1.459016393442623,2.2488586982395824,0.9956587999423905,3.481777462143118,0.39344262295081966,0.8870535315223392,0.0,1.8504947002400816,0.11475409836065574,0.3391330228667622,0.06491407167075453,0.6231748009389013,0.04918032786885246,0.14754822150345087,0.0,0.3778829828092075,0.5737704918032787,0.7430735310479403,0.21499425908352365,1.3245737986345925,0.3114754098360656,0.5338280158096018,0.0792783489896593,1.0082359755945298,8.473770491803279,12.216469531380898,5.731789387866686,17.688421292151723,56.78254879266925,32.9675423961766,72.1182474418523,1.2131147540983607,2.0240632603866375,0.7469194537968467,3.322433096691692,2.377049180327869,4.101103261668138,1.5152582393319736,6.770934372460175,0.14754098360655737,0.5540016292749785,0.0,1.3511102463362101,0.22950819672131148,0.7389887757234603,0.0,1.6981327212911324,0.4935411598398385,0.7496752961269516,-2.3881065624029274,-1.3730940260641726,-1.5769033977187297,-2.396972025632672,-0.9975534880559928,-1.3393556561215378,2.1953864774788943,0.05918349520510766,-0.4021932688650929,-8.219608452177122,10.68463580333967,2,0,,
Tyrese Martin,martity01,BRK,SG,26.765229295003422,46.0,6.304347826086956,4.668208607975198,1.1820903939768495,8.207168300692404,2.5217391304347827,2.0646661388052294,0.8114662405080375,3.297584902708765,1.6956521739130435,1.2482062053786613,0.3502437337281037,2.2116473740964038,0.5434782608695652,0.5279178348079682,0.25369888361196047,0.8119596128801073,0.13043478260869565,0.11682816833067564,0.0,0.3471629296364323,1.1521739130434783,1.049361736311707,0.5212824643472903,1.630862003898359,0.8695652173913043,0.6980726402341253,0.24352297341418278,1.1724806000190533,16.891304347826086,15.320145434410625,8.835465290896412,20.792097195181448,48.75211027573381,24.93710387924116,64.08780892491686,2.369565217391304,1.8422058959327456,0.5650620893429548,3.1405757322378003,6.021739130434782,4.454350845062875,1.8685058227267102,7.124181955854912,0.41304347826086957,0.3382552727580184,0.0,1.13536388981925,0.6086956521739131,0.45505806652744646,0.0,1.4142020120951184,0.4135744937951205,0.7433233198990372,-2.6186734275726464,-1.461874650610398,-1.3807276759487144,-1.6914203372639314,-1.0768442286248643,-0.9419360705266244,1.9334734484128917,-0.6279300197719823,-0.37421747698129826,-8.240150438887568,10.254282651791272,2,0,,
Doug McDermott,mcderdo01,SAC,SF,35.08008213552361,29.0,5.655172413793103,5.3803296054699175,1.8942113914715688,8.919289298187122,1.2758620689655173,1.2437818697239869,0.0,2.4767006336275226,0.7586206896551724,0.8035313775806069,0.0,1.7669725462983492,0.20689655172413793,0.27385071475033135,0.0,0.5578924928224704,0.13793103448275862,0.11050943051911545,0.0,0.34084419182487213,1.6551724137931034,1.6016152092023352,1.0735359372379185,2.1831154767889873,0.4482758620689655,0.3549264524279978,0.0,0.8293344122129258,15.148275862068965,14.694942269302544,8.210262125788333,20.16689403007337,50.22795118730305,26.412944790810396,65.56364983648609,1.8620689655172413,1.783704754160933,0.5065609475711421,3.0820745904659876,4.793103448275862,4.224292919709253,1.6384478973730885,6.89412403050129,0.27586206896551724,0.15626372486203807,0.0,0.9533723419232697,0.3103448275862069,0.196247616978384,0.0,1.155391562546056,0.42224930611196837,0.7962579483411001,-2.46392188087129,-1.8575400255474273,-1.622272074235366,-2.6409537434336827,-1.0931533605694388,-0.22536800630574275,2.480672224480324,-0.5299798867160319,-0.2904897625206377,-8.243006515719292,8.876318898889954,2,0,,
Isaiah Livers,liveris01,PHO,PF,28.514715947980836,36.0,1.8055555555555556,3.1918499490720444,0.0,6.73080964178925,1.6944444444444444,2.4306269410459755,1.1774270427487836,3.6635457049495113,0.5833333333333334,0.7799611552127965,0.0,1.743402323930539,0.3611111111111111,0.5129734709564473,0.2387545197604396,0.7970152490285864,0.2222222222222222,0.2874748977391442,0.07423339430347556,0.5178096590449008,0.3333333333333333,0.5317122805138257,0.003633008549409067,1.1132125481004778,0.3333333333333333,0.4494198634925146,0.0,0.9238278232774426,9.641666666666667,12.544461447485439,6.059781303971227,18.016413208256264,51.217570477523125,27.402564081030473,66.55326912670617,0.6111111111111112,1.095250965636872,0.0,2.393620801941927,1.7777777777777777,2.6063182648053096,0.02047324246914517,5.276149375597346,0.25,0.6008838696213676,0.0,1.3979924866825992,0.3333333333333333,0.7764778320734805,0.0,1.7356217776411524,0.42022917171195384,0.7738583701955629,-2.9395020321987837,-1.2854819196437015,-1.6350752616959812,-1.7472723999305038,-0.6363923363591147,-1.613604220560227,2.329988111649224,-0.38836293218386464,-0.33285647135467916,-8.248559462277633,9.230469253740669,1,0,,
Trayce Jackson-Davis,jackstr02,GSW,C,26.94318959616701,53.0,3.4150943396226414,3.6291105380784745,0.14299232408012585,7.16807023079568,2.7358490566037736,3.4975492454813724,2.2443493471841807,4.730468009384908,0.7358490566037735,0.8797459349190448,0.0,1.843187103636787,0.32075471698113206,0.5132196114161814,0.23900066022017374,0.7972613894883206,0.4528301886792453,0.5167936165555296,0.30355211311986097,0.7471283778612863,0.018867924528301886,0.026038099909797822,0.0,0.60753836749645,0.41509433962264153,0.5976292658850688,0.1430795990651263,1.0720372256699968,9.356603773584904,12.499925169661433,6.015245026147221,17.971876930432256,56.46901733430259,32.65401093780994,71.80471598348564,1.3396226415094339,1.7971025122156745,0.5199587056258836,3.0954723485207296,2.339622641509434,3.413833192066603,0.8279881697304385,6.08366430285864,0.7169811320754716,0.9978800810441572,0.24057490073132215,1.7949886981053886,1.3962264150943395,1.607409528621359,0.6778864575394712,2.566553474189031,0.5264177864319662,0.620800152839717,-2.84448060648834,-0.7712264642607076,-1.5808728354159451,-1.7463524910927348,-0.04450367851753153,-2.2697340350551567,2.0936456824665,0.24868469380179375,-1.345246779815807,-8.260086514377928,11.638198953064752,2,0,,
Dorian Finney-Smith,finnedo01,CHO,PF,33.74674880219028,37.0,3.324324324324324,3.339235373426384,0.0,6.878195066143589,2.5135135135135136,2.3992646555866703,1.0332767664427311,3.7431461082415245,0.972972972972973,0.8625881634748395,0.0,1.8260293321925818,0.43243243243243246,0.48561753826749476,0.21139858707148707,0.7696593163396339,0.16216216216216217,0.1926371347753723,0.0,0.42297189608112895,0.7297297297297297,0.8343246074967947,0.3062453355323781,1.4158248750834468,0.5945945945945946,0.47683932061637246,0.022289653796429942,0.9512472804013006,16.762162162162163,15.854505791740513,8.526817229569453,22.037811281411543,52.19004685466624,24.56463943473477,69.97945728771859,1.1891891891891893,1.0670006315080731,0.0,2.365370467813128,3.5675675675675675,2.7227312383506086,0.13688621601444417,5.392562349142645,0.21621621621621623,0.28732538007949915,0.0,1.0844339971407306,0.24324324324324326,0.3608445990122977,0.0,1.3199885445799697,0.39188613862396743,0.7962579483411002,-2.907473595373707,-1.3005985090370231,-1.5901928223375177,-1.849510627132823,-0.8811756515767047,-1.2209542147204133,2.2862636177985576,-0.552215883089518,-0.2829209370088065,-8.298778622477956,9.070159903854877,2,1,unknown,ROSTER_CHANGE
Terrence Shannon Jr.,shannte01,MIN,SG,26.507871321013006,43.0,5.604651162790698,6.353275563027436,2.8671573490290876,9.892235255744641,1.1395348837209303,1.2895802863050192,0.03638038800782728,2.522499050208555,0.8837209302325582,1.171446633721599,0.2734841620710413,2.134887802439341,0.32558139534883723,0.45555102815210957,0.18133207695610187,0.7395928062242487,0.023255813953488372,0.061103567664984336,0.0,0.291438328970741,0.7209302325581395,0.8799802315083509,0.3519009595439343,1.461480499095003,0.5581395348837209,0.6705783628281574,0.2160286960082149,1.1449863226130854,12.504651162790699,14.42008717054231,7.935407027028098,19.892038931313134,55.62955373430207,31.81454733780942,70.96525238348512,1.7906976744186047,2.2592470491359333,0.9821032425461425,3.5576168854409884,3.9767441860465116,4.940831880014281,2.3549868576781168,7.610662990806318,1.302325581395349,1.2326626117621355,0.47535743144930054,2.029771228823367,1.627906976744186,1.5573881849461866,0.6278651138642988,2.5165321305138586,0.4572604581577876,0.7914934912677076,-2.2524902669762445,-1.8354652357742747,-1.4224229629080798,-1.9618791845243595,-1.2206735647863984,-1.1617144566659874,1.977317254580729,-0.2555716169280803,-0.2573563654389698,-8.390256399421665,10.537327281798982,2,0,,
Jonathan Mogbo,mogbojo01,SAC,PF,25.259411362080765,40.0,1.525,3.8532645605471387,0.3671463465487901,7.392224253264343,1.7,2.6144489682231593,1.24846107907922,3.9583304208780135,0.625,1.0280071478153165,0.1300446761647589,1.991448316533059,0.275,0.4134060782895438,0.1391871270935361,0.6974478563616829,0.2,0.3118044249329889,0.09856292149732024,0.5421391862387456,0.0,0.22957877039431662,0.0,0.8110790379809688,0.35,0.5729063065826949,0.1183566397627524,1.047314266367623,6.2225,10.520165926643458,3.1924773644723983,16.70347141631449,52.45050330666221,24.82509588673074,70.23991373971454,0.65,1.0170985327700595,0.0,2.3154683690751146,1.1,2.0085990286785322,0.0,4.678430139470569,0.225,0.5720560796785406,0.0,1.3691646967397721,0.35,0.7630718027310684,0.0,1.7222157482987406,0.5063721122275031,0.7496752961269516,-2.795769528176661,-1.1968798912650254,-1.5003383342038759,-2.119388892143264,-0.5735960183306011,-2.0056329448874592,2.133070200505055,0.011996761754771133,-0.40553950014138895,-8.45207814688845,10.135339247222808,2,1,unknown,ROSTER_CHANGE
Brooks Barnhizer,barnhbr01,OKC,SG,24.919917864476385,40.0,1.7,3.8382577852239086,0.35213957122555994,7.377217477941114,1.95,2.4780161465022594,1.2248162482050675,3.710934910405795,0.55,0.9251320785768002,0.027169606926242595,1.8885732472945427,0.275,0.48361596782342686,0.20939701662741916,0.767657745895566,0.125,0.18697960823298587,0.0,0.41731436953874257,0.175,0.5080448124400246,0.0,1.0895450800266768,0.25,0.479851110211796,0.025301443391853473,0.954259069996724,8.6875,12.596179273793249,6.111499130279037,18.06813103456407,51.094624075489214,27.279617678996562,66.43032272467227,0.675,1.3381188045514378,0.06097499796164696,2.6364886408564927,1.775,3.0955870402994763,0.5097420179633119,5.765418151091513,0.175,0.7307691106763503,0.0,1.527877727737582,0.25,0.9536079046108872,0.024084833528999372,1.9127518501785592,0.4322665740395348,0.7663203158687484,-2.7990306617486795,-1.2626403712658598,-1.5562193851303743,-1.8569911622017186,-0.8957781480896801,-1.644313582502097,2.2814608613088967,-0.36267224530439396,-0.36899975119034945,-8.465184446124255,9.731510896849265,1,0,,
Jordan McLaughlin,mclaujo01,SAS,PG,30.8145106091718,44.0,2.022727272727273,3.4933598698039208,0.0072416558055721225,7.032319562521126,0.7272727272727273,1.1273347876162467,0.0,2.3602535515197824,0.8636363636363636,1.5722586820092808,0.6742962103587231,2.535699850727023,0.45454545454545453,0.5324261202721623,0.2582071690761546,0.8164678983443014,0.045454545454545456,0.08067877563840523,0.0,0.3110135369441619,0.38636363636363635,0.6726560867192949,0.14457681475487827,1.254156354305947,0.3409090909090909,0.42999377065630284,0.0,0.9044017304412308,6.395454545454545,9.636316559414615,3.151636415900403,15.108268320185438,54.70451495457948,30.889508558086828,70.04021360376252,0.75,1.2798274809206671,0.00268367433087624,2.578197317225722,1.7954545454545454,2.8665671202468888,0.28072209791072433,5.536398231038925,0.13636363636363635,0.28552308193436676,0.0,1.0826316989955984,0.1590909090909091,0.36182966377387604,0.0,1.320973609341548,0.4464669506187734,0.7891091044232439,-2.8739806857657886,-1.913667399573061,-1.2047045336704894,-1.6745713736836354,-1.170148498040168,-1.4307247361670559,2.3609659706536,-0.26527100027096007,-0.29314449983957025,-8.465246756357129,8.613870555032737,2,0,,
Kevin McCullar Jr.,mcculke01,NYK,SF,25.883641341546884,21.0,2.380952380952381,4.158407114317625,0.6722889003192765,7.697366807034831,1.3333333333333333,1.9567381783728515,0.7035382800756596,3.189656942276387,0.9523809523809523,1.27519948218822,0.37723701053766234,2.238640650905962,0.42857142857142855,0.5607794792742993,0.2865605280782916,0.8448212573464384,0.0,0.08655620933438818,0.0,0.3168909706401448,0.38095238095238093,0.483336992694081,0.0,1.0648372602807332,0.5714285714285714,0.6205133050572347,0.16596363823729215,1.0949212648421627,7.376190476190477,10.43283670831479,3.948156564800578,15.904788469085613,49.20003705556738,25.385030659074726,64.53573570475042,0.9523809523809523,1.4840073938411842,0.2068635872513933,2.7823772301462393,2.238095238095238,3.259966563804521,0.6741215414683568,5.929797674596558,0.09523809523809523,0.3173091722376257,0.0,1.1144177892988574,0.23809523809523808,0.42587450223144074,0.0,1.3850184477991128,0.455221660957554,0.7450767082204527,-2.7294587715404828,-1.5138958167346563,-1.3660651081639892,-1.5686054323074141,-1.154978404818717,-1.6763728368763575,2.0571536022060513,-0.22703107527266717,-0.3664621948604489,-8.54571603836868,9.740785912416202,2,0,,
Cam Christie,chrisca02,LAC,SG,21.52498288843258,55.0,2.8363636363636364,5.603951239541454,2.117833025543105,9.142910932258658,1.4181818181818182,2.0959390953701846,0.8427391970729927,3.3288578592737204,0.5636363636363636,1.1721157040257606,0.27415323237520295,2.135556872743503,0.2909090909090909,0.4979070930444792,0.22368814184847152,0.7819488711166184,0.05454545454545454,0.15312220334318286,0.0,0.3834569646489395,0.21818181818181817,0.6470052768980651,0.11892600493364847,1.2285055444847173,0.4,0.6500012096429075,0.195451542822965,1.1244091694278355,8.725454545454545,13.472134932089425,6.987454788575213,18.94408669286025,54.04889411925542,30.23388772276277,69.38459276843847,0.9636363636363636,2.0435434229112217,0.7663996163214308,3.341913259216277,2.5272727272727273,4.888097347209369,2.3022523248732045,7.557928458001406,0.6909090909090909,1.196904441546342,0.4395992612335069,1.9940130586075735,0.9090909090909091,1.5548409789539739,0.6253179078720861,2.5139849245216457,0.4180652056935583,0.7697921895212491,-2.4153264962804695,-1.4468011176524436,-1.4220595283848565,-1.8035804697592417,-0.9831666266301973,-1.4640075529198204,2.0101306543445707,-0.6327518254732902,-0.3913788012152622,-8.54894176397101,11.180338389544394,2,0,,
Adou Thiero,thierad01,LAL,SF,22.73511293634497,25.0,1.88,4.7124089440451105,1.2262907300467618,8.251368636762315,1.12,2.445965273577146,1.192765375279954,3.6788840374806817,0.4,1.018577190277857,0.12061471862729944,1.9820183589955995,0.28,0.48429181850672587,0.21007286731071817,0.768333596578865,0.08,0.21840495922568098,0.0051634557900123446,0.4487397205314376,0.04,0.3101583242818711,0.0,0.8916585918685234,0.36,0.6535872068297006,0.1990375400097581,1.1279951666146286,5.956,11.603816963307452,5.11913681979324,17.075768724078277,51.25833327357701,27.443326877084356,66.59403192276005,0.64,1.8780790013986652,0.6009351948088744,3.1764488377037203,1.24,3.910327334797204,1.3244823124610394,6.580158445589241,0.56,0.9168065584402856,0.15950137812745058,1.7139151755015172,0.88,1.2459615961373665,0.31643852505547865,2.2051055417050387,0.48028690199053775,0.7358224854461792,-2.609068219475143,-1.2780888591107633,-1.5054606241939195,-1.8544652832086814,-0.8146669814249118,-1.9010781746969556,2.0044122365351233,-0.05214785755260501,-0.5411561007420905,-8.551719863869948,10.629936184121993,1,0,,
Drew Timme,timmedr01,LAL,PF,26.39561943874059,27.0,3.4074074074074074,5.038667525010375,1.5525493110120263,8.57762721772758,1.2222222222222223,2.0820192804887645,0.8288193821915726,3.3149380443923,0.8518518518518519,1.0216842596517524,0.12372178800119471,1.9851254283694946,0.2222222222222222,0.40872033427243426,0.13450138307642656,0.6927621123445734,0.0,0.15280635859341174,0.0,0.38314111989916844,0.4074074074074074,0.44291608787313863,0.0,1.024416355459791,0.48148148148148145,0.643383781870435,0.18883411505049247,1.117791741655363,8.707407407407407,12.096265380872484,5.611585237358272,17.56821714164331,52.66309428030348,28.84808788381083,67.99879292948653,1.4074074074074074,1.823718410670821,0.5465746040810302,3.122088246975876,2.4444444444444446,3.565071465036427,0.9792264427002624,6.234902575828464,0.18518518518518517,0.4874649952964726,0.0,1.284573612357704,0.3333333333333333,0.6539551044278447,0.0,1.6130990499955167,0.5115517118118099,0.7454104907139814,-2.5381687231724253,-1.453510454134522,-1.5037728848494893,-2.1369010774114567,-0.9839818454051548,-1.7288203649471052,2.0206831491892965,0.16089852880520816,-0.4014502969851559,-8.565023968910802,10.110813347801622,2,0,,
Amari Williams,william01,BOS,PF,25.010266940451746,22.0,1.3636363636363635,3.068304587893837,0.0,6.607264280611043,1.8181818181818181,2.8185017780669543,1.5653018797697624,4.05142054197049,0.45454545454545453,0.7318225103306577,0.0,1.6952636790484,0.13636363636363635,0.3557506442701899,0.08153169307418218,0.639792422342329,0.45454545454545453,0.49800932973120227,0.28476782629553365,0.728344091036959,0.0,0.2211551427115564,0.0,0.8026554102982086,0.5,0.6141619326904167,0.15961226587047422,1.0885698924753449,6.627272727272728,10.863287827683337,4.378607684169125,16.33523958845416,48.28473037429924,24.469723977806584,63.62042902348229,0.45454545454545453,1.3084618521762186,0.0313180455864277,2.6068316884812734,0.9090909090909091,2.758645233741214,0.17280021140504953,5.428476344533251,0.45454545454545453,0.8059332435900732,0.04862806327723823,1.6030418606513048,0.6363636363636364,1.0530941222272587,0.12357105114537092,2.0122380677949305,0.4743132013396704,0.7653002961269516,-2.966349767060368,-1.098526646410958,-1.6612238522738847,-2.3348664424700165,-0.09298731899114125,-2.016562894410019,2.0672818312494554,-0.10854005985382259,-0.38051333008573573,-8.592288480306491,9.495358476383927,1,0,,
Alijah Martin,martial01,TOR,SG,25.100616016427104,23.0,2.217391304347826,4.074227316988531,0.5881091029901824,7.613187009705737,0.9130434782608695,1.731706136886822,0.47850623858963015,2.9646249007903576,0.5217391304347826,0.9373115228359403,0.03934905118538268,1.9007526915536825,0.34782608695652173,0.5383591903456831,0.26414023914967544,0.8224009684178223,0.17391304347826086,0.2372772587306065,0.02403575529493787,0.46761202003636315,0.17391304347826086,0.5210980093496446,0.0,1.1025982769362968,0.34782608695652173,0.5676724944999882,0.11312282768004572,1.0420804542849162,6.321739130434783,11.030113767030624,4.545433623516412,16.50206552780145,51.74772695088156,27.932720554388904,67.0834256000646,0.6956521739130435,1.5620703342877984,0.2849265276980075,2.8604401705928533,2.1739130434782608,3.7240868871329176,1.1382418647967532,6.393917997924954,0.6521739130434783,0.9274144652954046,0.1701092849825696,1.7245230823566362,0.8260869565217391,1.1854858100510526,0.25596273896916477,2.1446297556187246,0.41945056107173634,0.7823075210452884,-2.747751946272746,-1.6223610297019704,-1.5496035923057445,-1.6523975157098998,-0.765956173680958,-1.6273766060943946,2.1414163097366172,-0.5035728352232344,-0.31065539141605675,-8.638258780668387,9.31747881823551,1,0,,
Jeremiah Robinson-Earl,robinje02,IND,PF,26.765229295003422,22.0,4.590909090909091,3.3022192350868473,0.0,6.8411789278040525,4.681818181818182,3.960156961677415,2.706957063380223,5.19307572558095,0.6818181818181818,0.4132736355801465,0.0,1.376714804297889,0.4090909090909091,0.3600447942042587,0.08582584300825102,0.6440865722763979,0.045454545454545456,0.07873090612148476,0.0,0.3090656674272414,0.45454545454545453,0.5080685486775153,0.0,1.0895688162641675,0.5454545454545454,0.43094144922579525,0.0,0.9053494090107232,16.404545454545453,14.006697928025712,7.5220177845115,19.478649688796537,41.1016549858475,17.28664858935485,56.437353635030554,1.6818181818181819,1.1537186727452156,0.0,2.45208850905027,4.545454545454546,2.749647012085198,0.1638019897490337,5.419478122877235,0.7727272727272727,0.6184801992306466,0.0,1.4155888162918782,0.8181818181818182,0.7512904669793995,0.0,1.7104344125470714,0.41958792080380225,0.8232238081194838,-2.915517600087944,-0.5482500199900294,-1.834257474746991,-2.318817774651154,-1.1751760940426719,-1.644282783909448,2.359454753068328,-0.405884742461856,-0.18453921043720511,-8.667270947258972,9.559703694221401,2,0,,
KJ Simpson,simpskj01,CHO,PG,26.765229295003422,20.0,4.55,3.568347184541646,0.08222897054329747,7.107306877258852,1.85,1.6548544775754985,0.4016545792783066,2.8877732414790342,2.15,2.155601552118574,1.2576390804680162,3.1190427208363163,0.8,0.7297673681067903,0.4555484169107826,1.0138091461789296,0.0,0.0332962946544725,0.0,0.2636310559602292,0.6,0.5922703990246867,0.06419112706027008,1.1737706666113388,1.25,0.9839897415930172,0.5294400747730748,1.4583977013779452,12.88,12.180456007047278,5.695775863533066,17.6524077678181,42.30386179212806,18.488855395635408,57.63956044131111,1.7,1.5176451447228643,0.2405013381330734,2.8160149810279194,4.95,3.732333174947963,1.1464881526117985,6.40216428574,0.55,0.43671916707601754,0.0,1.2338277841372491,0.9,0.5941850229715646,0.0,1.5533289685392366,0.40662102593346955,0.7349885140018368,-2.8576851363023272,-1.6594034505903383,-0.8878365803998185,-0.9370414359581455,-1.2924462032582051,-1.5350279582380515,1.4775351530740917,-0.5989885289290452,-0.4167176260343972,-8.707611766636237,10.092776132500877,2,0,,
Pacôme Dadiet,dadiepa01,NYK,SG,21.516769336071185,29.0,1.6551724137931034,5.233607954582689,1.74748974058434,8.772567647299894,0.9310344827586207,1.8091149956176342,0.5559150973204423,3.04203375952117,0.41379310344827586,1.078776673404647,0.18081420175408924,2.042217842122389,0.10344827586206896,0.37144192120888986,0.09722297001288216,0.655483699281029,0.034482758620689655,0.1485987882064647,0.0,0.37893354951222136,0.2413793103448276,0.6848351273126076,0.15675585534819103,1.2663353948992597,0.10344827586206896,0.49634926676975394,0.04179959994981142,0.970757226554682,4.69655172413793,10.617356200552251,4.132676057038039,16.089307961323076,47.98169512346416,24.16668872697151,63.317393772647215,0.5517241379310345,1.7560391014184373,0.47889529482864646,3.054408937723492,1.6551724137931034,4.130701940905348,1.5448569185691832,6.800533051697384,0.3103448275862069,0.848626395720675,0.09132121540784,1.6457350127819066,0.3793103448275862,1.0789298214840688,0.149406750402181,2.038073767051741,0.42511881189703005,0.7865445729856542,-2.4958060725876616,-1.5850500392654572,-1.47276066678677,-2.2762229169505526,-0.9948418973100241,-1.4149220079445644,2.2551520419290236,-0.4977706510029075,-0.2915055242603503,-8.773727734179262,10.086483820907128,2,0,,
Yang Hansen,yangha01,POR,C,21.60164271047228,43.0,2.2093023255813953,4.640112729025596,1.153994515027247,8.1790724217428,1.5348837209302326,3.0772372206951673,1.8240373223979753,4.310155984598703,0.5116279069767442,0.9950479469156797,0.09708547526512201,1.958489115633422,0.06976744186046512,0.37672679887563854,0.10250784767963084,0.6607685769477777,0.23255813953488372,0.4233754522817874,0.21013394884611877,0.6537102135875441,0.11627906976744186,0.46916525425117284,0.0,1.050665521837825,0.7441860465116279,0.9252312998935002,0.47068163307355765,1.3996392596784282,6.969767441860465,12.609032077083375,6.124351933569163,18.0809838378542,49.42942093733555,25.614414540842898,64.7651195865186,0.7209302325581395,1.5989149163527032,0.32177110976291234,2.8972847526577583,2.3255813953488373,4.104118302882194,1.5182732805460293,6.773949413674231,0.6511627906976745,1.2549362702826663,0.4976310899698313,2.052044887343898,0.7906976744186046,1.5738410861298897,0.6443180150480019,2.532985031697562,0.3895879208038022,0.7973716541919633,-2.6247789640456354,-0.9738164286946793,-1.5182415521322068,-2.25647156978308,-0.2856229040016177,-1.6947611597772991,1.571234423309817,-0.7834977915433745,-0.2201840541549552,-8.786140000823032,11.300444767812092,1,0,,
Chaz Lanier,laniech01,DET,SG,25.11978097193703,34.0,2.3529411764705883,4.373060955012596,0.8869427410142472,7.9120206477298005,0.6764705882352942,1.4499049900540837,0.19670509175689177,2.6828237539576194,0.5,0.8730641788860203,0.0,1.8365053476037625,0.20588235294117646,0.43925427519517646,0.16503532399916876,0.7232960532673156,0.0,0.09192205428262888,0.0,0.32225681558838554,0.5588235294117647,0.8764235167026233,0.3483442447382067,1.4579237842892754,0.08823529411764706,0.3761348895493843,0.0,0.8505428493343123,7.7029411764705875,12.106566537331403,5.621886393817191,17.578518298102228,51.82140604785435,28.0063996513617,67.1571046970374,0.8235294117647058,1.4660692716570745,0.18892546506728358,2.7644391079621293,2.6176470588235294,3.698558828974051,1.1127138066378865,6.368389939766088,0.14705882352941177,0.5718363449443683,0.0,1.3689449620056,0.17647058823529413,0.7281356076774393,0.0,1.6872795532451113,0.3963893341839177,0.7853431955736591,-2.6828121848371054,-1.758188893164445,-1.5845023206928315,-2.0227855754859023,-1.1411287601800548,-1.1663294176729067,2.446852146485803,-0.6695305930366986,-0.2975820901368345,-8.876007688720977,8.63993731029056,1,0,,
Amir Coffey,coffeam01,MIL,SG,29.626283367556468,46.0,3.239130434782609,4.61202432264181,1.1259061086434614,8.150984015359015,1.2391304347826086,1.561078986778936,0.30787908848174417,2.793997750682472,0.5869565217391305,0.8005696492992201,0.0,1.7640108180169625,0.1956521739130435,0.3635211280932208,0.08930217689721309,0.6475629061653599,0.10869565217391304,0.1379604107150805,0.0,0.36829517202083717,0.3695652173913043,0.5401674377549275,0.012088165790510863,1.1216677053415798,0.1956521739130435,0.41311605208664903,0.0,0.887524011871577,10.660869565217391,13.50233002433064,7.017649880816427,18.974281785101464,54.064438643898434,30.24943224740578,69.40013729308149,1.1956521739130435,1.483237130136178,0.2060933235463871,2.781606966441233,2.4565217391304346,3.0998528008736175,0.514007778537453,5.769683911665654,0.4782608695652174,0.7099870719396204,0.0,1.507095689000852,0.6086956521739131,0.9081617075936759,0.0,1.867305653161348,0.4784863106138988,0.7817848583605757,-2.630882876649756,-1.7046031408797544,-1.6238808652684869,-2.3058255576424336,-1.0223003403341597,-1.6026333603405043,2.387880059378208,-0.07994926370864244,-0.3099334293971559,-8.892128774842686,8.777502145063618,2,0,,
Andre Jackson Jr.,jacksan01,TOR,SG,25.218343600273784,48.0,2.3541666666666665,4.775530177124503,1.2894119631261547,8.314489869841708,1.5,1.9668657681036326,0.6008778789596934,3.3107472207584863,0.8958333333333334,1.3432389774344058,0.44527650578384814,2.3066801461521482,0.3958333333333333,0.5756498430298893,0.3014308918338816,0.8596916211020285,0.08333333333333333,0.15532394222089507,0.0,0.38565870352665177,0.3125,0.6222663084304538,0.09418703646603721,1.203766576017106,0.6458333333333334,0.7614345642942367,0.3068848974742942,1.2358425240791648,8.502083333333333,12.158034284373501,4.830345722202442,18.34133977404453,53.126776040552386,25.501368620620912,70.91618647360471,0.8125,1.541004421442468,0.2638606148526772,2.839374257747523,2.4791666666666665,3.927949925412725,1.3421049030765606,6.597781036204761,0.4166666666666667,0.7539314386329424,0.0,1.5510400556941741,0.6666666666666666,1.0482061150739255,0.11868304399203766,2.0073500606415973,0.3923177358938833,0.7192587677088402,-2.5953512970938375,-1.5090143288819011,-1.3291065085051146,-1.513029932633842,-0.9774837749381372,-1.4961072238424304,1.832433225536922,-0.7343963572481345,-0.5717299402454505,-8.893786137851926,10.582114356458586,2,1,unknown,ROSTER_CHANGE
Kelly Olynyk,olynyke01,SAS,C,35.78918548939083,42.0,3.1666666666666665,2.790839684349052,0.0,6.329799377066257,1.8095238095238095,2.4318330885598867,1.1786331902626948,3.6647518524634224,1.1666666666666667,1.16060295465174,0.26264048300118237,2.1240441233694822,0.35714285714285715,0.42573189534240996,0.15151294414640226,0.7097736734145491,0.07142857142857142,0.2102531995013189,0.0,0.4405879608070756,0.2857142857142857,0.2685132435120325,0.0,0.8500135110986846,0.5714285714285714,0.5933178441963606,0.13876817737641806,1.0677258039812887,8.576190476190476,10.84011616525956,4.355436021745349,16.312067926030384,51.059584337611895,27.244577941119243,66.39528298679494,1.119047619047619,1.0362168401620735,0.0,2.3345866764671284,2.2857142857142856,2.162518366359584,0.0,4.83234947715162,0.6428571428571429,0.4978967886613831,0.0,1.2950054057226148,0.9047619047619048,0.6640714773237039,0.0,1.6232154228913758,0.47917134775898185,0.7497638517286922,-3.0266458728204237,-1.2849005577802868,-1.4283131769980306,-2.073323210573063,-0.8357072791694803,-1.9551141135845242,2.100520899953995,-0.09308926515998842,-0.3915503775596027,-8.988122953691404,8.764581262933353,2,0,,
AJ Johnson,johnsaj01,MEM,SG,22.168377823408623,48.0,3.3333333333333335,5.997501263034035,2.5113830490356865,9.53646095575124,1.1458333333333333,1.850147851057102,0.4841599619131629,3.1940293037119556,0.9791666666666666,1.36431212233536,0.4663496506848024,2.3277532910531025,0.22916666666666666,0.48686663243358885,0.21264768123758115,0.770908410505728,0.0625,0.15691662775834883,0.0,0.3872513890641055,0.25,0.6827609244878861,0.15468165252346944,1.2642611920745384,0.625,0.8688776126258321,0.41432794580588955,1.3432855724107602,9.447916666666666,14.084138471061696,6.7564499088906365,20.267443960732727,53.34772327302127,25.7223158530898,71.1371337060736,1.1875,1.9600218842174737,0.6828780776276828,3.2583917205225283,3.6666666666666665,5.205721865196064,2.6198768428598993,7.8755529759881,0.7083333333333334,1.1988035607416332,0.4414983804287982,1.9959121778028648,0.8333333333333334,1.4783978510036593,0.5488747799217715,2.437541796571331,0.37651298608971173,0.8108802105791656,-2.3298038462615955,-1.5652722450699796,-1.3176597168566786,-1.844842346412795,-0.9733729351864029,-1.417613358159408,1.6610989469313848,-1.0925401656227287,-0.14571145541771907,-9.025717122055923,11.326619035755579,2,1,unknown,ROSTER_CHANGE
Xavier Tillman Sr.,tillmxa01,CHO,C,28.05475701574264,30.0,1.4666666666666666,2.2435764462757257,0.0,5.782536138992931,1.4333333333333333,2.3423124625754723,1.0891125642782804,3.575231226479008,0.43333333333333335,0.6361383955888704,0.0,1.5995795643066129,0.3,0.46261770978047856,0.18839875858447086,0.7466594878526177,0.16666666666666666,0.2825480052733749,0.06930650183770629,0.5128827665791316,0.1,0.06358025190396646,0.0,0.6450805194906186,0.26666666666666666,0.3871094038813075,0.0,0.8615173636662355,6.133333333333334,9.841956754062895,3.3572766105486833,15.31390851483372,47.62785857667021,23.812852180177554,62.96355722585326,0.6666666666666666,0.5394148543346967,0.0,1.8377846906397517,1.5333333333333334,1.1768890004108417,0.0,3.8467201112028784,0.03333333333333333,0.3436490121183323,0.0,1.1407576291795638,0.13333333333333333,0.46416731343881434,0.0,1.4233112590064865,0.45833961753945507,0.7403559065208315,-3.1455720564922767,-1.3280494075985005,-1.7131988247168763,-1.935468642792788,-0.6491090120144892,-2.221021788773864,2.4293516145732768,-0.15975019671031226,-0.3811809536049605,-9.103999268130792,7.856946736029849,2,0,,
Malaki Branham,branhma01,ORL,SG,26.765229295003422,28.0,4.571428571428571,4.106412125256296,0.6202939112579471,7.645371817973501,1.5714285714285714,1.5160081086233563,0.15002021947941713,2.8598895612782105,0.8214285714285714,0.853456454331692,0.0,1.8168976230494343,0.35714285714285715,0.35073983680763177,0.07652088561162407,0.6347816148797709,0.10714285714285714,0.1233231440770785,0.0,0.35365790538283515,0.5,0.5640331109650619,0.035953839000645305,1.145533378551714,0.5357142857142857,0.4813799302437758,0.026830263423833267,0.9557878900287038,9.839285714285714,10.283075008464857,2.955386446293798,16.466380498135887,43.84423012899525,16.218822709063776,61.63364056204759,1.5357142857142858,1.5504124006731173,0.2732685940833264,2.848782236978172,3.25,3.2933354614946877,0.7074904391585233,5.963166572286724,1.0,0.7265437214648997,0.0,1.5236523385261314,1.2142857142857142,0.911173249820576,0.0,1.870317195388248,0.4707726919411541,0.7973716541919632,-2.7407578415107103,-1.7263272578787654,-1.5951531057905581,-2.3535934980469215,-1.0600802134712206,-1.5716668203493631,2.279022925291961,-0.12681767104546712,-0.2535860354214383,-9.148959518222481,8.146615549512216,2,1,unknown,ROSTER_CHANGE
Johnny Juzang,juzanjo01,MIN,SG,25.87816563997262,21.0,2.0476190476190474,5.030977508004424,1.5448592940060757,8.569937200721629,0.8095238095238095,1.6655415330606367,0.41234163476344476,2.8984602969641724,0.2857142857142857,0.8199351178030153,0.0,1.7833762865207576,0.09523809523809523,0.34025334590372586,0.06603439470771816,0.624295123975865,0.047619047619047616,0.15728718702750905,0.0,0.3876219483332657,0.2857142857142857,0.5340539100372514,0.005974638072834826,1.1155541776239035,0.23809523809523808,0.5192789241721427,0.0647292573522002,0.9936868839570707,4.171428571428571,9.580431306090944,3.0957511625767316,15.052383066861768,49.33215212368368,25.517145727191025,64.66785077286673,0.7619047619047619,1.581163383966538,0.3040195773767471,2.879533220271593,1.8095238095238095,3.4680375907291507,0.8821925683929863,6.137868701521187,0.23809523809523808,0.549616382889848,0.0,1.3467249999510797,0.38095238095238093,0.7248366607490873,0.0,1.6839806063167593,0.4559245229040612,0.7582623957262914,-2.5398398465208696,-1.654252300818358,-1.6133616720403678,-2.3927850054898956,-0.9724164941701349,-1.6105658749144478,2.2185872164636695,-0.22821203399065657,-0.37551711306685986,-9.16836312454792,9.232872699003272,2,0,,
Duop Reath,reathdu01,POR,C,26.765229295003422,32.0,2.9375,2.58007414184178,0.0,6.119033834558985,1.1875,1.8245087883858924,0.5713088900887004,3.057427552289428,0.3125,0.2375361011952785,0.0,1.2009772699130208,0.15625,0.21575111521336707,0.0,0.49979289328550625,0.25,0.34193846561048086,0.12869696217481222,0.5722732269162375,0.71875,0.6284384786436962,0.10035920667927956,1.2099387462303484,0.21875,0.21045659130601618,0.0,0.6848645510909442,8.0625,8.973060304751984,2.488380161237772,14.445012065522807,44.13677733267671,20.321770936184056,59.47247598185976,1.03125,0.8821202101352632,0.0,2.180490046440318,2.3125,1.9205900450491709,0.0,4.590421155841208,0.15625,0.21870458682728308,0.0,1.0158132038885146,0.1875,0.2784828187981293,0.0,1.2376267643658014,0.4592964606940255,0.785343195573659,-3.0724474905358075,-1.5776302469551808,-1.9297169303891493,-2.8580912881616944,-0.49581781956861687,-1.4880986185934768,2.7110513864637418,-0.17297151279558626,-0.2987751279938827,-9.182497648529653,6.5884009908632954,2,0,,
Jae'Sean Tate,tateja01,HOU,SF,31.263518138261464,46.0,2.8043478260869565,3.5702512812910228,0.08413306729267411,7.109210974008228,1.5869565217391304,1.905371895310083,0.6521719970128912,3.138290659213619,0.5434782608695652,0.818728624754999,0.0,1.7821697934727414,0.21739130434782608,0.3363214915803782,0.06210254038437052,0.6203632696525174,0.06521739130434782,0.1007734416355958,0.0,0.33110820294135246,0.21739130434782608,0.380926956953864,0.0,0.9624272245405162,0.34782608695652173,0.36563159841770443,0.0,0.8400395582026325,8.795652173913044,10.605838941167946,4.121158797653734,16.07779070193877,49.98962200107887,26.17461560458622,65.32532065026192,1.2173913043478262,1.2263005058643706,0.0,2.5246703421694257,2.369565217391304,2.4903111340556725,0.0,5.160142244847709,0.15217391304347827,0.3303630978868236,0.0,1.1274717149480553,0.2391304347826087,0.43828819693695387,0.0,1.3974321425046259,0.49242863234813605,0.7537576877397525,-2.8572713556132707,-1.5386543124357601,-1.614017031010794,-2.407479654003897,-1.118282671524822,-1.8092534155770221,2.463601241350241,-0.021806227666285184,-0.3533089952682404,-9.256472421749852,8.030443694025838,2,0,,
Lindy Waters III,waterli01,SAS,SG,29.51403148528405,40.0,2.375,4.07831989154375,0.5922016775454018,7.617279584260956,0.725,1.0974445471496872,0.0,2.330363311053223,0.475,0.795739289205452,0.0,1.7591804579231942,0.15,0.34736658311950086,0.07314763192349316,0.63140836119164,0.025,0.07383187747043078,0.0,0.30416663877618744,0.675,0.8168841206370905,0.28880484867267386,1.3983843882237426,0.175,0.33195877809002217,0.0,0.8063667378749502,7.1075,10.243012414729435,3.758332271215223,15.71496417550026,51.88575085092225,28.070744454429597,67.2214495001053,0.825,1.2251982583498493,0.0,2.5235680946549044,2.2,2.882185128449708,0.29634010611354356,5.552016239241745,0.05,0.24055177972262473,0.0,1.0376603967838562,0.075,0.3111148687385615,0.0,1.2702588143062334,0.42509353277000234,0.773192810417451,-2.7468625858345073,-1.928074464791153,-1.6265046846291071,-2.3662004700299115,-1.1878208511212318,-1.2435838522357994,2.517297673730415,-0.387686600331595,-0.31369551893392494,-9.283131354176815,7.5204988856113255,2,0,,
Maxi Kleber,klebima01,LAL,PF,35.00889801505818,43.0,2.0,1.540428976791904,0.0,5.079388669509109,1.9534883720930232,1.9484723612951365,0.6952724629979445,3.1813911251986724,0.627906976744186,0.623195698251287,0.0,1.5866368669690294,0.4186046511627907,0.4647278188755741,0.19050886767956637,0.7487695969477133,0.2558139534883721,0.25582157200878164,0.042580068573113,0.48615633331453834,0.13953488372093023,0.16745883477614976,0.0,0.7489591023628019,0.3953488372093023,0.30954708297812955,0.0,0.7839550427630576,10.72325581395349,10.828900913090095,4.344220769575883,16.30085267386092,49.925177716800604,26.110171320307952,65.26087636598365,0.7674418604651163,0.46702163535532243,0.0,1.7653914716603774,1.697674418604651,1.0109757916849171,0.0,3.680806902476954,0.32558139534883723,0.3086335577366576,0.0,1.1057421747978893,0.6046511627906976,0.44274247246231235,0.0,1.4018864180299844,0.46195135353040717,0.6970949862121699,-3.2983735591085126,-1.5178799320800207,-1.7202292115190556,-1.927582462652669,-0.7180919227664851,-2.086235719157837,2.553036529561018,-0.14877740992880448,-0.4534491433167704,-9.317582830969137,6.665490447397936,2,0,,
Pat Connaughton,connapa01,CHO,SG,34.06981519507187,42.0,2.619047619047619,3.491947396090387,0.005829182092038199,7.0309070888075915,1.4523809523809523,1.5862669640623452,0.3330670657651533,2.819185727965881,0.42857142857142855,0.6930354474736221,0.0,1.6564766161913644,0.2619047619047619,0.37651495118139017,0.10229599998538247,0.6605567292535293,0.023809523809523808,0.0652454890068675,0.0,0.29558025031262414,0.5,0.5984310494885734,0.07035177752415678,1.1799313170752255,0.2619047619047619,0.35297210607877266,0.0,0.8273800658637007,7.059523809523809,9.833660272773104,3.3489801292588917,15.305612033543927,50.98084663247624,27.16584023598359,66.31654528165929,0.9047619047619048,1.234436464653413,0.0,2.532806300958468,2.0238095238095237,2.689322220101608,0.1034771977654434,5.359153330893644,0.30952380952380953,0.35485617072090303,0.0,1.1519647877821346,0.47619047619047616,0.47788197766768786,0.0,1.43702592323536,0.4590139684365429,0.7425602707446415,-2.8742876314851444,-1.6924625616883664,-1.6822927259169052,-2.257263315140225,-1.2099829579463368,-1.527034300264038,2.4837887269166323,-0.19043813073686808,-0.3794119299417229,-9.329384826202975,7.407330138661635,2,0,,
Thanasis Antetokounmpo,antetth01,MIL,SF,34.54072553045859,34.0,1.3823529411764706,1.5194869197908363,0.0,5.058446612508042,0.8823529411764706,1.5663011623743812,0.3131012640771893,2.799219926277917,0.4411764705882353,0.6865266675533199,0.0,1.6499678362710624,0.38235294117647056,0.45812040168489604,0.18390145048888834,0.7421621797570352,0.17647058823529413,0.20329535330017523,0.0,0.4336301146059319,0.0,0.09270780155528092,0.0,0.6742080691419331,0.29411764705882354,0.33567536297947403,0.0,0.8100833227644021,4.358823529411764,7.431175237342893,0.9464950938286814,12.903126998113716,54.71318501775768,30.89817862126503,70.04888366694072,0.4411764705882353,0.6915486278445581,0.0,1.9899184641496128,0.9411764705882353,1.4742890911001032,0.0,4.1441202018921395,0.5,0.2847995164599705,0.0,1.081908133521202,0.8823529411764706,0.40700748855183494,0.0,1.366151434119507,0.4690726072784882,0.6997402369015613,-3.3029244931821107,-1.702086057604092,-1.6858282517239644,-1.9522765802922353,-0.8536659973705906,-2.183227781323098,2.5113710139716074,-0.13522958683311212,-0.43675044097322596,-9.740618175330821,6.077410217945814,1,0,,
Nigel Hayes-Davis,hayesni01,PHO,SF,26.765229295003422,27.0,1.2592592592592593,2.1919217813359255,0.0,5.730881474053131,1.2222222222222223,1.8588257718459884,0.6056258735487965,3.091744535749524,0.25925925925925924,0.3758793044800762,0.0,1.3393204731978186,0.2962962962962963,0.38221946759406156,0.10800051639805386,0.6662612456662007,0.07407407407407407,0.14668017466546476,0.0,0.37701493597122143,0.07407407407407407,0.22630364050015916,0.0,0.8078039080868114,0.2962962962962963,0.2870814997996796,0.0,0.7614894595846077,7.225925925925925,8.872964975646482,2.3882848321322703,14.344916736417307,37.89494429971103,14.079937903218376,53.23064294889408,0.5555555555555556,0.6934445434614913,0.0,1.9918143797665462,1.7037037037037037,1.6351236037005987,0.0,4.304954714492635,0.07407407407407407,0.3388698531555985,0.0,1.13597847021683,0.14814814814814814,0.44654272429595576,0.0,1.405686669863628,0.42409304219698934,0.7588744250393501,-3.156797170373059,-1.5610894961589161,-1.8545698257960148,-2.235943638282211,-0.9997939814641676,-2.0098825396904476,2.5888613181080915,-0.2807566028602932,-0.3452514968181128,-9.855223433335128,6.285949091250126,1,0,,
Tony Bradley,bradlto01,IND,C,26.765229295003422,41.0,3.951219512195122,2.094973594622858,0.0,5.633933287340064,2.8292682926829267,2.984402608950879,1.731202710653687,4.217321372854414,0.5365853658536586,0.3472025239320419,0.0,1.3106436926497842,0.14634146341463414,0.1938340702156199,0.0,0.4778758482877591,0.17073170731707318,0.24551611930541611,0.032274615869747475,0.47585088061117276,0.04878048780487805,0.0012584791606574802,0.0,0.5827587467473097,0.43902439024390244,0.3507643760551239,0.0,0.825172335840052,10.985365853658537,10.758301917696581,4.273621774182369,16.230253678467406,41.9312091345372,18.116202738044546,57.26690778372025,1.5609756097560976,0.9492203505570047,0.0,2.24759018686206,2.8536585365853657,1.8570618683177225,0.0,4.526892979109759,0.7804878048780488,0.7695333422342685,0.0122281619214335,1.5666419592955,1.048780487804878,1.00827540629967,0.07875233521778213,1.967419351867342,0.5111409408329974,0.7632174080873646,-3.17786505335435,-1.018562616246852,-1.8701468615742105,-2.9400025814654693,-0.744691062167438,-2.301886453725153,2.487309288151923,0.018546449503089722,-0.38540341054062616,-9.932702301419086,7.16434670376996,2,0,,
Mason Plumlee,plumlma01,CHO,C,26.765229295003422,20.0,1.55,0.5016598504385104,0.0,4.0406195431557155,2.65,2.943541021927669,1.6903411236304773,4.176459785831205,1.0,0.8169396211582699,0.0,1.7803807898760122,0.5,0.38338755655092727,0.10916860535491957,0.6674293346230664,0.0,0.1410206560640465,0.0,0.37135541736980315,0.0,0.0,0.0,0.3218495850615336,0.6,0.5138822730425471,0.059332606222604556,0.9882902328274752,8.575,8.87015148905336,2.3854713455391474,14.342103249824184,39.3435168099209,15.528510413428247,54.67921545910395,0.55,0.0,0.0,1.2983698363050549,0.7,0.0,0.0,1.9277660886741261,0.45,0.09710301561517795,0.0,0.8942116326764096,0.7,0.12952676460974688,0.0,1.088670710177419,0.469782175656822,0.7496752961269516,-3.5241092550567235,-1.0382578592415257,-1.6149888058230637,-2.231578100995567,-1.014401619629568,-2.303519374150795,2.227192997317182,-0.1330827716726488,-0.31751118788504146,-9.950255977137752,6.318660873291493,2,0,,
Chris Youngblood,youngch01,OKC,SG,26.765229295003422,34.0,2.088235294117647,2.3858314059141303,0.0,5.924791098631335,0.8235294117647058,1.2880926899104053,0.03489279161321335,2.5210114538139408,0.35294117647058826,0.40097051610278944,0.0,1.3644116848205319,0.11764705882352941,0.2447797868779787,0.0,0.5288215649501178,0.08823529411764706,0.1242287836817356,0.0,0.35456354498749226,0.5294117647058824,0.6447595308558004,0.11668025889138378,1.2262597984424526,0.058823529411764705,0.2298972686725897,0.0,0.7043052284575178,5.4411764705882355,8.243008367368322,1.75832822385411,13.714960128139147,44.67479842111155,20.859792024618894,60.0104970702946,0.6470588235294118,0.8220619748252604,0.0,2.1204318111303153,1.8529411764705883,1.9442948200846937,0.0,4.61412593087673,0.2647058823529412,0.23474615145788036,0.0,1.031854768519112,0.29411764705882354,0.29355978265354893,0.0,1.252703728221221,0.42280726478994135,0.7996536492020817,-3.1146585247927066,-1.836182255709239,-1.8409404471246327,-2.7496014785553626,-1.0577426903381095,-1.4669214864181725,2.680050270207946,-0.31361758233383213,-0.28205757678241444,-9.981671771846521,5.410126850967354,1,0,,
Hunter Tyson,tysonhu01,DEN,PF,26.765229295003422,21.0,2.1904761904761907,2.346458863848411,0.0,5.885418556565616,1.7142857142857142,1.8833015336940768,0.6301016353968849,3.1162202975976125,0.8095238095238095,0.6985213918222033,0.0,1.6619625605399455,0.09523809523809523,0.20283533734742737,0.0,0.4868771154195665,0.047619047619047616,0.11438800091217424,0.0,0.3447227622179309,0.3333333333333333,0.4997634396706264,0.0,1.0812637072572786,0.23809523809523808,0.23642788484725114,0.0,0.7108358446321792,7.704761904761904,8.384022547811814,1.8993424042976015,13.855974308582638,35.438176588391386,11.623170191898733,50.77387523757444,0.6666666666666666,0.9502730615317997,0.0,2.2486428978368544,2.4761904761904763,2.371097070620117,0.0,5.040928181412154,0.5238095238095238,0.4779820240859893,0.0,1.275090641147221,0.6190476190476191,0.6025077652026224,0.0,1.5616517107702945,0.40077358000500296,0.7933209357480143,-3.1232146013635,-1.5492922040761574,-1.6793127975650495,-2.906361849687308,-1.0831424821023834,-1.6550589513331853,2.6696362096567037,-0.4564560482703745,-0.2788333719119898,-10.062036096653243,6.369444921946162,2,0,,
Bismack Biyombo,biyombi01,SAS,C,34.42847364818618,25.0,0.92,2.049095180470843,0.0,5.588054873188048,1.04,2.019140189643333,0.7659402913461413,3.252058953546869,0.2,0.46791066204834586,0.0,1.4313518307660882,0.16,0.2590493634762236,0.0,0.5430911415483628,0.08,0.24027901025205517,0.02703750681638653,0.4706137715578118,0.0,0.06767865429717931,0.0,0.6491789218838315,0.32,0.38419777477449985,0.0,0.8586057345594279,5.648,9.274801516552277,2.7901213730380645,14.746753277323101,41.961269898078676,18.146263501586024,57.29696854726173,0.36,0.4457734327301474,0.0,1.7441432690352023,0.6,0.9167768159759102,0.0,3.5866079267679467,0.2,0.4117842064421139,0.0,1.2088928235033456,0.28,0.5336997865458097,0.0,1.4928437321134818,0.48623986226748217,0.7715652447741211,-3.187834925855241,-1.4838181113672553,-1.8045790066677805,-2.6962713204898177,-0.7582084298928603,-2.2157039693060554,2.433994649933202,-0.10332617561232955,-0.3272899794771018,-10.14303726873524,6.287716747525697,2,0,,
Jeff Green,greenje02,HOU,PF,40.42984257357974,30.0,2.2333333333333334,2.175559184108588,0.0,5.714518876825793,0.8333333333333334,1.0843894587632001,0.0,2.317308222666736,0.26666666666666666,0.2933326169150769,0.0,1.2567737856328192,0.06666666666666667,0.1613293248801712,0.0,0.44537110295231036,0.06666666666666667,0.118737583903519,0.0,0.34907234520927566,0.4,0.5842506390196298,0.056171367055213195,1.1657509066062821,0.13333333333333333,0.15309887381141188,0.0,0.62750683359634,5.823333333333333,7.611909148446009,1.127229004931797,13.083860909216833,42.09597702638508,18.280970629892426,57.43167567556813,0.8333333333333334,0.7439863388134219,0.0,2.042356175118477,2.2666666666666666,1.7379575020381672,0.0,4.407788612830204,0.16666666666666666,0.21381874753935176,0.0,1.0109273646005834,0.16666666666666666,0.26739972639046033,0.0,1.2265436719581324,0.42808085809976454,0.7996221627659074,-3.1603529386173457,-1.9343670039904444,-1.8994086354879793,-3.061483635558763,-1.0719158851101902,-1.5454338754199934,2.8025169889573402,-0.2763523503170405,-0.283646600359018,-10.430443935903437,4.603927312536703,2,0,,
Joe Ingles,inglejo01,MIN,SF,39.3347022587269,27.0,1.5185185185185186,0.40109437727704456,0.0,3.9400540699942495,0.7037037037037037,0.6752128304017115,0.0,1.9081315943052473,1.2592592592592593,1.1493102746621617,0.2513478030116041,2.112751443379904,0.3333333333333333,0.29280912798412706,0.01859017678811936,0.5768509060562662,0.07407407407407407,0.05517638620388723,0.0,0.2855111475096439,0.25925925925925924,0.31014266030624577,0.0,0.8916429278928979,0.5185185185185185,0.35485417914538875,0.0,0.8292621389303168,5.655555555555555,6.023894788334298,0.0,11.49584654910512,47.152395538604694,23.33738914211204,62.488094187787745,0.5925925925925926,0.030602770389638774,0.0,1.3289726066946936,1.0,0.06177210856592352,0.0,2.73160321935796,0.07407407407407407,0.0,0.0,0.7971086170612316,0.07407407407407407,0.0,0.0,0.6561231604010207,0.49541404850992476,0.7847375623578471,-3.545963213262198,-2.1315897187798485,-1.4344472853905237,-2.570099841955302,-1.235972060687212,-1.9010984992494353,2.480787475219488,-0.12995824585862198,-0.29951401042401654,-10.767855400387669,3.624417549170995,2,0,,
Garrett Temple,templga01,TOR,SG,40.73648186173853,22.0,0.7727272727272727,0.5074701125833287,0.0,4.046429805300534,0.4090909090909091,0.2772040429298094,0.0,1.510122806833345,0.4090909090909091,0.46211114033769213,0.0,1.4255523090554345,0.18181818181818182,0.2895817743203396,0.015362823124331904,0.5736235523924788,0.09090909090909091,0.07119770307901349,0.0,0.30153246438477016,0.13636363636363635,0.21920126767795473,0.0,0.800701535264607,0.3181818181818182,0.22544855521091953,0.0,0.6998565149958476,3.3227272727272723,4.822452811840682,0.0,10.294404572611505,43.0498820260472,19.234875629554548,58.38558067523025,0.18181818181818182,0.5058525284827893,0.0,1.8042223647878441,0.6818181818181818,1.1424941252486156,0.0,3.8123252360406523,0.2727272727272727,0.10515252565399365,0.0,0.9022611427152253,0.4090909090909091,0.13793034112462144,0.0,1.0970742866922936,0.44276160139791687,0.7623596432563543,-3.522846622643392,-2.3234295457259253,-1.807729268149607,-2.5821615369774493,-1.1946198510158066,-2.0190981151361633,2.6871444203043358,-0.1941304745485919,-0.31173322151131644,-11.268604215403917,2.390171551592778,2,0,,
